# Blender 5.2.1 LTS
# www.blender.org
mtllib 杯子V0_3.mtl
o 柱体
v 0.028031 0.305759 -0.161511
v 0.059002 0.305759 -0.152939
v 0.152939 0.305759 0.059002
v 0.004017 0.305759 0.163877
v -0.028031 0.305759 0.161511
v -0.163500 0.297453 -0.000000
v 0.012653 0.034740 -0.083179
v 0.026743 0.034739 -0.079833
v 0.071067 0.034761 0.045006
v 0.018609 0.029728 -0.060991
v 0.063679 0.029743 -0.006636
v -0.047209 0.029724 -0.042744
v 0.000909 0.000768 -0.088607
v 0.000000 0.017926 -0.103247
v -0.020141 0.017901 -0.101257
v 0.030665 0.359083 -0.154162
v 0.028365 0.337151 -0.161955
v 0.031952 0.349155 -0.160631
v 0.066601 0.333710 -0.150389
v 0.087323 0.359088 -0.130688
v 0.111139 0.359125 -0.111108
v 0.116123 0.337448 -0.116330
v 0.130689 0.359088 -0.087323
v 0.145218 0.359083 -0.060151
v 0.151311 0.349155 -0.062675
v 0.154155 0.359090 -0.030663
v 0.160510 0.349358 -0.031927
v 0.157178 0.359088 0.000000
v 0.154162 0.359083 0.030665
v 0.160511 0.349351 0.031928
v 0.150389 0.333710 0.066601
v 0.130688 0.359088 0.087323
v 0.111108 0.359125 0.111139
v 0.116330 0.337448 0.116123
v 0.087323 0.359088 0.130689
v 0.060151 0.359083 0.145218
v 0.062675 0.349155 0.151311
v 0.030663 0.359090 0.154155
v 0.031927 0.349358 0.160510
v -0.000000 0.359088 0.157178
v -0.030665 0.359083 0.154162
v -0.028365 0.337151 0.161955
v -0.031951 0.349155 0.160631
v -0.060149 0.359088 0.145213
v -0.087326 0.359083 0.130693
v -0.090922 0.349351 0.136075
v -0.111139 0.359125 0.111108
v -0.116123 0.337448 0.116330
v -0.130689 0.359088 0.087323
v -0.145218 0.359083 0.060151
v -0.151311 0.349155 0.062675
v -0.154155 0.359090 0.030663
v -0.160510 0.349358 0.031927
v -0.157178 0.359088 -0.000000
v -0.154162 0.359083 -0.030665
v -0.160511 0.349351 -0.031928
v -0.150389 0.333710 -0.066601
v -0.130688 0.359088 -0.087323
v -0.111115 0.359120 -0.111139
v -0.116330 0.337448 -0.116123
v -0.115808 0.349155 -0.115808
v -0.087324 0.359086 -0.130690
v -0.060151 0.359083 -0.145218
v -0.062675 0.349155 -0.151311
v -0.030664 0.359088 -0.154157
v 0.000000 0.359168 -0.155300
v 0.086280 0.359174 -0.129138
v 0.102482 0.321542 -0.097578
v 0.119549 0.321542 -0.075710
v 0.132023 0.321544 -0.050933
v 0.143487 0.359174 -0.059434
v 0.141464 0.321544 0.003467
v 0.097578 0.321542 0.102482
v 0.109820 0.359174 0.109820
v 0.075710 0.321542 0.119549
v 0.050933 0.321544 0.132023
v 0.059434 0.359174 0.143487
v 0.024197 0.321541 0.139422
v -0.003467 0.321544 0.141464
v -0.086280 0.359174 0.129138
v -0.102482 0.321542 0.097578
v -0.119549 0.321542 0.075710
v -0.129135 0.359174 0.086285
v -0.132023 0.321544 0.050933
v -0.143487 0.359174 0.059434
v -0.141464 0.321544 -0.003467
v -0.115696 0.321541 -0.081476
v -0.097578 0.321541 -0.102482
v -0.109820 0.359174 -0.109820
v -0.050932 0.321544 -0.132023
v -0.059434 0.359174 -0.143487
v -0.024197 0.321543 -0.139422
v -0.030299 0.359174 -0.152325
v 0.002358 0.072444 -0.096214
v -0.016457 0.072444 -0.094825
v 0.000000 0.285257 -0.161296
v 0.073001 0.017896 -0.073001
v 0.085840 0.017896 -0.057357
v 0.095380 0.017896 -0.039508
v 0.057357 0.017896 0.085840
v 0.039508 0.017896 0.095380
v -0.085840 0.017896 0.057357
v -0.140803 0.243801 0.058047
v -0.113879 0.109970 0.047107
v -0.249175 0.270319 0.022009
v -0.246922 0.257071 0.025474
v -0.238915 0.249495 0.020419
v -0.249486 0.091911 0.015140
v -0.241580 0.082566 0.017786
v -0.238406 0.072980 0.014495
v -0.252255 0.272081 -0.009918
v -0.167659 0.240997 -0.010664
v -0.147923 0.223660 -0.000000
v -0.252190 0.093760 0.000000
v -0.133897 0.066611 -0.008220
v -0.110187 0.049932 -0.002759
v -0.247567 0.270691 -0.022005
v -0.249486 0.091911 -0.015140
v -0.241580 0.082566 -0.017786
v -0.238406 0.072980 -0.014495
v -0.140803 0.243801 -0.058047
v -0.113879 0.109969 -0.047106
v -0.057357 0.017896 -0.085840
v -0.170285 0.280579 0.030764
v -0.168708 0.258311 0.034466
v -0.161580 0.243721 0.029220
v -0.136112 0.106533 0.023411
v -0.134905 0.080659 0.025663
v -0.127389 0.069589 0.021863
v -0.170285 0.280579 -0.030764
v -0.168721 0.258205 -0.034441
v -0.161580 0.243721 -0.029220
v -0.136112 0.106533 -0.023411
v -0.134900 0.080528 -0.025641
v -0.127389 0.069589 -0.021863
v -0.238836 0.071050 0.000000
v -0.212337 0.147897 0.020396
v -0.265685 0.242288 0.020027
v -0.268375 0.234136 0.019487
v -0.264163 0.223146 0.018917
v -0.267547 0.233944 -0.014242
v -0.262916 0.222988 -0.010259
v -0.252419 0.208537 -0.009812
v -0.201528 0.093025 -0.007083
v -0.268367 0.234294 -0.019439
v -0.264373 0.223546 -0.018892
v -0.278472 0.240000 -0.024064
v -0.277421 0.224349 -0.023425
v -0.280786 0.255882 -0.020739
v -0.287718 0.233710 -0.020084
v -0.281913 0.212430 -0.019557
v -0.280786 0.255882 0.020739
v -0.287710 0.233771 0.020096
v -0.281905 0.212414 0.019560
v 0.016078 0.307908 -0.163240
v 0.004016 0.305759 -0.163877
v 0.047459 0.299982 -0.156453
v 0.039967 0.307810 -0.159072
v 0.084220 0.307811 -0.140742
v 0.077070 0.299981 -0.144188
v 0.069975 0.308165 -0.148364
v 0.106932 0.307435 -0.124413
v 0.093658 0.307710 -0.134693
v 0.131822 0.310975 -0.097895
v 0.124026 0.307435 -0.107382
v 0.146560 0.307824 -0.073768
v 0.138490 0.305759 -0.087705
v 0.158190 0.307436 -0.043466
v 0.152939 0.305759 -0.059002
v 0.163438 0.305939 -0.012971
v 0.161488 0.307235 -0.028725
v 0.163190 0.307179 0.016073
v 0.163983 0.307149 0.003316
v 0.156453 0.299982 0.047459
v 0.159165 0.308164 0.039686
v 0.140742 0.307811 0.084220
v 0.144188 0.299981 0.077070
v 0.148364 0.308165 0.069975
v 0.124413 0.307435 0.106932
v 0.134693 0.307710 0.093658
v 0.097895 0.310975 0.131822
v 0.107382 0.307435 0.124026
v 0.073768 0.307824 0.146560
v 0.087705 0.305759 0.138490
v 0.043466 0.307436 0.158190
v 0.059002 0.305759 0.152939
v 0.016073 0.307179 0.163190
v 0.028725 0.307235 0.161488
v -0.012971 0.305938 0.163438
v -0.047459 0.299982 0.156453
v -0.039967 0.307810 0.159072
v -0.084220 0.307811 0.140742
v -0.077070 0.299981 0.144188
v -0.069975 0.308165 0.148364
v -0.106932 0.307435 0.124413
v -0.093658 0.307710 0.134693
v -0.131822 0.310975 0.097895
v -0.124026 0.307435 0.107382
v -0.146560 0.307824 0.073768
v -0.138490 0.305759 0.087705
v -0.158123 0.308201 0.043808
v -0.154827 0.298663 0.052249
v -0.163068 0.297526 0.012356
v -0.162450 0.314944 0.024543
v -0.162450 0.314944 -0.024543
v -0.163068 0.297526 -0.012356
v -0.155176 0.300719 -0.051814
v -0.160044 0.309334 -0.036390
v -0.140742 0.307811 -0.084220
v -0.144188 0.299981 -0.077070
v -0.148364 0.308165 -0.069975
v -0.124413 0.307435 -0.106932
v -0.134693 0.307710 -0.093658
v -0.097895 0.310975 -0.131822
v -0.107382 0.307435 -0.124026
v -0.073768 0.307824 -0.146560
v -0.087705 0.305759 -0.138490
v -0.043744 0.307028 -0.158084
v -0.059002 0.305759 -0.152939
v -0.007358 0.311013 -0.164032
v -0.016025 0.299982 -0.162706
v -0.028031 0.305759 -0.161511
v 0.002061 0.034761 -0.084094
v 0.039646 0.034718 -0.074173
v 0.049870 0.034740 -0.067763
v 0.060736 0.034739 -0.058308
v 0.072087 0.034737 -0.043641
v 0.078481 0.034761 -0.030277
v 0.082224 0.034739 -0.018106
v 0.084176 0.034739 -0.001717
v 0.082590 0.034695 0.016428
v 0.077112 0.034739 0.033799
v 0.062188 0.034737 0.056866
v 0.048193 0.034739 0.069036
v 0.032225 0.034695 0.077798
v 0.012733 0.034737 0.083300
v -0.003818 0.034740 0.084049
v -0.018106 0.034739 0.082224
v -0.033799 0.034739 0.077112
v -0.048193 0.034739 0.069036
v -0.060736 0.034739 0.058308
v -0.072087 0.034737 0.043641
v -0.078481 0.034761 0.030277
v -0.082224 0.034739 0.018106
v -0.084176 0.034739 0.001717
v -0.082590 0.034695 -0.016428
v -0.077112 0.034739 -0.033799
v -0.069036 0.034739 -0.048193
v -0.058308 0.034739 -0.060736
v -0.045338 0.034739 -0.070944
v -0.028739 0.034737 -0.079216
v -0.010654 0.034739 -0.083517
v -0.036631 0.029729 0.052815
v -0.063386 0.029726 0.006292
v -0.071858 0.030345 0.008404
v -0.078687 0.031837 0.001560
v -0.076871 0.031837 0.016880
v 0.066292 0.031837 0.042419
v 0.073294 0.031837 0.028671
v 0.069604 0.030345 0.019735
v 0.057756 0.029794 0.032123
v 0.056753 0.030345 0.044869
v 0.056743 0.031837 0.054537
v -0.061788 0.029798 -0.019894
v -0.069604 0.030345 -0.019735
v -0.076484 0.031833 -0.019586
v 0.045013 0.031837 0.064559
v -0.067360 0.031836 -0.040836
v 0.035263 0.030345 0.063172
v 0.031553 0.031837 0.072100
v 0.013822 0.031837 -0.077479
v -0.001559 0.031837 -0.078687
v -0.010157 0.030346 -0.071526
v -0.019154 0.029796 -0.063144
v -0.056753 0.030345 -0.044869
v -0.056743 0.031837 -0.054537
v 0.016880 0.031837 0.076871
v 0.018055 0.030344 -0.070178
v 0.028671 0.031837 -0.073294
v -0.045013 0.031837 -0.064559
v 0.008404 0.030345 0.071858
v 0.001560 0.031837 0.078687
v 0.042419 0.031837 -0.066292
v -0.035263 0.030345 -0.063172
v -0.031553 0.031837 -0.072100
v -0.001098 0.029797 0.065402
v -0.012707 0.030347 0.070882
v -0.013822 0.031837 0.077479
v 0.044869 0.030345 -0.056753
v 0.054537 0.031837 -0.056743
v -0.016880 0.031837 -0.076871
v -0.028671 0.031837 0.073294
v 0.064559 0.031837 -0.045013
v -0.032934 0.030345 0.064416
v -0.042419 0.031837 0.066292
v 0.051780 0.029794 -0.041066
v 0.063172 0.030345 -0.035263
v 0.072100 0.031837 -0.031553
v -0.054537 0.031837 0.056743
v 0.076871 0.031837 -0.016880
v -0.055079 0.030345 0.046909
v -0.064559 0.031837 0.045013
v 0.071858 0.030345 -0.008404
v 0.078687 0.031837 -0.001560
v -0.057758 0.029798 0.029624
v -0.065996 0.030347 0.028815
v -0.072100 0.031837 0.031553
v 0.077479 0.031837 0.013821
v 0.029954 0.029720 0.056076
v -0.003851 0.010196 -0.100886
v 0.005044 0.017572 -0.103046
v 0.014529 0.016432 -0.101888
v 0.022194 0.011121 -0.098851
v 0.022026 0.009707 -0.098103
v 0.002464 0.009708 -0.100515
v 0.001269 0.001409 -0.092946
v 0.018177 0.000768 -0.086727
v 0.034774 0.017579 -0.097134
v 0.041052 0.011121 -0.092622
v 0.040742 0.009707 -0.091921
v 0.033852 0.009685 -0.094622
v 0.019377 0.001409 -0.090913
v 0.034748 0.000768 -0.081515
v 0.044087 0.017546 -0.093267
v 0.052546 0.016432 -0.088497
v 0.056048 0.010117 -0.083882
v 0.051662 0.009685 -0.086199
v 0.036741 0.001409 -0.085386
v 0.049983 0.000768 -0.073169
v 0.061661 0.016432 -0.082406
v 0.069297 0.017556 -0.076426
v 0.073372 0.011121 -0.069862
v 0.072817 0.009707 -0.069333
v 0.059868 0.009685 -0.080716
v 0.052693 0.001409 -0.076577
v 0.069300 0.000808 -0.056533
v 0.076431 0.017573 -0.069298
v 0.082258 0.016426 -0.061848
v 0.083882 0.010117 -0.056048
v 0.080716 0.009685 -0.059868
v 0.066620 0.001409 -0.064826
v 0.066985 0.000500 -0.044881
v 0.088509 0.016433 -0.052526
v 0.093271 0.017569 -0.044093
v 0.092622 0.011121 -0.041052
v 0.091921 0.009707 -0.040742
v 0.086199 0.009685 -0.051662
v 0.077987 0.001409 -0.050583
v 0.082210 0.000768 -0.033069
v 0.097023 0.016428 -0.034342
v 0.100087 0.017593 -0.025054
v 0.098945 0.010117 -0.019681
v 0.097482 0.009685 -0.024422
v 0.086357 0.001409 -0.034397
v 0.087082 0.000768 -0.016395
v 0.103046 0.017573 -0.005044
v 0.100886 0.010196 -0.003851
v 0.100515 0.009708 0.002464
v 0.099408 0.009685 -0.014742
v 0.091408 0.001409 -0.016889
v 0.088977 0.000808 0.009028
v 0.102773 0.016433 0.005512
v 0.102053 0.017582 0.015156
v 0.099820 0.011121 0.017324
v 0.099065 0.009707 0.017193
v 0.092946 0.001409 0.001269
v 0.079102 0.000500 0.015630
v 0.099720 0.016433 0.025469
v 0.097134 0.017579 0.034774
v 0.092622 0.011121 0.041052
v 0.091921 0.009707 0.040742
v 0.094622 0.009685 0.033852
v 0.090913 0.001409 0.019377
v 0.081515 0.000768 0.034748
v 0.093267 0.017546 0.044087
v 0.088503 0.016432 0.052536
v 0.083882 0.010117 0.056048
v 0.086199 0.009685 0.051662
v 0.085386 0.001409 0.036741
v 0.073169 0.000768 0.049983
v 0.082406 0.016432 0.061661
v 0.076431 0.017573 0.069298
v 0.069862 0.011121 0.073372
v 0.069333 0.009707 0.072817
v 0.080716 0.009685 0.059868
v 0.076577 0.001409 0.052693
v 0.062012 0.000768 0.063297
v 0.069298 0.017573 0.076431
v 0.061848 0.016426 0.082258
v 0.056048 0.010117 0.083882
v 0.059868 0.009685 0.080716
v 0.064826 0.001409 0.066620
v 0.048472 0.000768 0.074179
v 0.052526 0.016433 0.088509
v 0.044093 0.017569 0.093271
v 0.041052 0.011121 0.092622
v 0.040742 0.009707 0.091921
v 0.051662 0.009685 0.086199
v 0.050583 0.001409 0.077987
v 0.033069 0.000768 0.082210
v 0.034342 0.016428 0.097023
v 0.025054 0.017593 0.100087
v 0.019681 0.010117 0.098945
v 0.024422 0.009685 0.097482
v 0.034397 0.001409 0.086357
v 0.016395 0.000768 0.087082
v 0.004934 0.000292 0.065566
v 0.005044 0.017573 0.103046
v 0.003851 0.010196 0.100886
v -0.002464 0.009708 0.100515
v 0.014742 0.009685 0.099408
v 0.016889 0.001409 0.091408
v -0.000909 0.000768 0.088607
v -0.005512 0.016433 0.102773
v -0.015156 0.017582 0.102053
v -0.017324 0.011121 0.099820
v -0.017193 0.009707 0.099065
v -0.001269 0.001409 0.092946
v -0.018178 0.000768 0.086727
v -0.025469 0.016433 0.099720
v -0.034774 0.017579 0.097134
v -0.041052 0.011121 0.092622
v -0.040742 0.009707 0.091921
v -0.033852 0.009685 0.094622
v -0.019377 0.001409 0.090913
v -0.034748 0.000768 0.081515
v -0.031381 0.000300 0.058480
v -0.044087 0.017546 0.093267
v -0.052546 0.016432 0.088497
v -0.056048 0.010117 0.083882
v -0.051662 0.009685 0.086199
v -0.036741 0.001409 0.085386
v -0.049983 0.000768 0.073169
v -0.061661 0.016432 0.082406
v -0.069297 0.017556 0.076426
v -0.073372 0.011121 0.069862
v -0.072817 0.009707 0.069333
v -0.059868 0.009685 0.080716
v -0.052693 0.001409 0.076577
v -0.063297 0.000768 0.062012
v -0.076431 0.017573 0.069298
v -0.082258 0.016426 0.061848
v -0.083882 0.010117 0.056048
v -0.080716 0.009685 0.059868
v -0.066620 0.001409 0.064826
v -0.074179 0.000768 0.048472
v -0.088509 0.016433 0.052526
v -0.093271 0.017569 0.044093
v -0.092622 0.011121 0.041052
v -0.091921 0.009707 0.040742
v -0.086199 0.009685 0.051662
v -0.077987 0.001409 0.050583
v -0.085658 0.000808 0.025710
v -0.097024 0.017181 0.034764
v -0.098578 0.016958 0.029903
v -0.099986 0.017181 0.024999
v -0.098945 0.010117 0.019681
v -0.097482 0.009685 0.024422
v -0.086357 0.001409 0.034397
v -0.079062 0.000500 0.015830
v -0.101942 0.017181 0.015167
v -0.102518 0.016958 0.010097
v -0.102942 0.017181 0.005012
v -0.100886 0.010196 0.003851
v -0.100515 0.009708 -0.002464
v -0.099408 0.009685 0.014742
v -0.091408 0.001409 0.016889
v -0.088607 0.000768 -0.000909
v -0.102942 0.017181 -0.005012
v -0.102517 0.016958 -0.010097
v -0.101942 0.017181 -0.015167
v -0.099820 0.011121 -0.017324
v -0.099065 0.009707 -0.017193
v -0.092946 0.001409 -0.001269
v -0.086727 0.000768 -0.018178
v -0.099986 0.017181 -0.024999
v -0.098578 0.016958 -0.029903
v -0.097024 0.017181 -0.034764
v -0.092622 0.011121 -0.041052
v -0.091921 0.009707 -0.040742
v -0.094622 0.009685 -0.033852
v -0.090913 0.001409 -0.019377
v -0.081515 0.000768 -0.034748
v -0.058031 0.000259 -0.026563
v -0.093267 0.017546 -0.044087
v -0.088503 0.016432 -0.052536
v -0.083882 0.010117 -0.056048
v -0.086199 0.009685 -0.051662
v -0.085386 0.001409 -0.036741
v -0.073169 0.000768 -0.049983
v -0.082406 0.016432 -0.061661
v -0.076426 0.017556 -0.069297
v -0.069862 0.011121 -0.073372
v -0.069333 0.009707 -0.072817
v -0.080716 0.009685 -0.059868
v -0.076577 0.001409 -0.052693
v -0.056532 0.000808 -0.069300
v -0.069298 0.017573 -0.076431
v -0.061848 0.016426 -0.082258
v -0.056048 0.010117 -0.083882
v -0.059868 0.009685 -0.080716
v -0.064826 0.001409 -0.066620
v -0.044881 0.000500 -0.066986
v -0.052526 0.016433 -0.088509
v -0.044096 0.017582 -0.093274
v -0.041052 0.011121 -0.092622
v -0.040742 0.009707 -0.091921
v -0.051662 0.009685 -0.086199
v -0.050583 0.001409 -0.077987
v -0.033069 0.000768 -0.082210
v -0.034282 0.016432 -0.097044
v -0.025052 0.017582 -0.100084
v -0.019681 0.010117 -0.098945
v -0.024422 0.009685 -0.097482
v -0.034397 0.001409 -0.086357
v -0.016395 0.000768 -0.087082
v -0.015155 0.017582 -0.102053
v -0.005487 0.016432 -0.102775
v -0.014742 0.009685 -0.099408
v -0.016889 0.001409 -0.091408
v 0.011645 0.342635 -0.163920
v 0.000000 0.349166 -0.163776
v 0.015402 0.359146 -0.156382
v 0.000000 0.359090 -0.157175
v 0.023074 0.359119 -0.155455
v 0.051571 0.338855 -0.156097
v 0.039814 0.343924 -0.159301
v 0.062675 0.349164 -0.151310
v 0.087648 0.343750 -0.138908
v 0.073900 0.343026 -0.146746
v 0.090922 0.349357 -0.136074
v 0.080810 0.359123 -0.134786
v 0.067176 0.359125 -0.142070
v 0.074073 0.359149 -0.138580
v 0.107634 0.344070 -0.124054
v 0.097835 0.338142 -0.132065
v 0.115807 0.349164 -0.115807
v 0.093832 0.358581 -0.126525
v 0.099681 0.359149 -0.121470
v 0.132165 0.337757 -0.097717
v 0.124328 0.344098 -0.107317
v 0.136175 0.349164 -0.090989
v 0.116714 0.358581 -0.105787
v 0.121467 0.359149 -0.099685
v 0.126103 0.359355 -0.093516
v 0.146806 0.344373 -0.073619
v 0.138895 0.337696 -0.087962
v 0.138582 0.359148 -0.074074
v 0.160200 0.343751 -0.036246
v 0.157104 0.344382 -0.047657
v 0.153387 0.337697 -0.059175
v 0.164258 0.342372 0.004325
v 0.163879 0.343019 -0.011877
v 0.163280 0.333729 -0.019959
v 0.163654 0.349357 0.000000
v 0.160200 0.343750 0.036246
v 0.163047 0.343019 0.020322
v 0.156970 0.359119 0.007698
v 0.156097 0.338855 0.051571
v 0.151310 0.349164 0.062675
v 0.138908 0.343750 0.087648
v 0.146746 0.343026 0.073900
v 0.136074 0.349357 0.090922
v 0.134786 0.359123 0.080810
v 0.142070 0.359125 0.067176
v 0.138580 0.359149 0.074073
v 0.124054 0.344070 0.107634
v 0.132065 0.338142 0.097835
v 0.115807 0.349164 0.115807
v 0.116313 0.359385 0.105405
v 0.126525 0.358581 0.093832
v 0.121470 0.359149 0.099681
v 0.097717 0.337757 0.132165
v 0.107317 0.344098 0.124328
v 0.090989 0.349164 0.136175
v 0.105787 0.358581 0.116714
v 0.099685 0.359149 0.121467
v 0.093512 0.359360 0.126095
v 0.073619 0.344373 0.146806
v 0.087962 0.337696 0.138895
v 0.074074 0.359148 0.138582
v 0.036246 0.343751 0.160200
v 0.047657 0.344382 0.157104
v 0.059175 0.337697 0.153387
v 0.038170 0.359123 0.152448
v 0.012336 0.333959 0.164025
v 0.020322 0.343019 0.163047
v -0.000000 0.349164 0.163776
v -0.016092 0.344381 0.163383
v -0.003775 0.337151 0.164377
v -0.007698 0.359119 0.156970
v -0.058864 0.343751 0.153338
v -0.043852 0.343025 0.158344
v -0.062628 0.349357 0.151197
v -0.087648 0.343750 0.138908
v -0.074015 0.334742 0.146884
v -0.070127 0.343925 0.148473
v -0.067176 0.359125 0.142070
v -0.074073 0.359149 0.138580
v -0.107634 0.344070 0.124054
v -0.097835 0.338142 0.132065
v -0.115807 0.349164 0.115807
v -0.093832 0.358581 0.126525
v -0.132165 0.337757 0.097717
v -0.124328 0.344098 0.107317
v -0.136175 0.349164 0.090989
v -0.116714 0.358581 0.105787
v -0.121467 0.359149 0.099685
v -0.126103 0.359355 0.093516
v -0.146806 0.344373 0.073619
v -0.138895 0.337696 0.087962
v -0.138582 0.359148 0.074074
v -0.160200 0.343751 0.036246
v -0.157104 0.344382 0.047657
v -0.153387 0.337697 0.059175
v -0.164258 0.342372 -0.004325
v -0.163879 0.343019 0.011877
v -0.162564 0.338142 0.024205
v -0.163654 0.349357 -0.000000
v -0.160200 0.343750 -0.036246
v -0.163047 0.343019 -0.020322
v -0.156970 0.359119 -0.007698
v -0.156097 0.338855 -0.051571
v -0.151310 0.349164 -0.062675
v -0.138908 0.343750 -0.087648
v -0.146746 0.343026 -0.073900
v -0.136074 0.349357 -0.090922
v -0.134786 0.359123 -0.080810
v -0.142070 0.359125 -0.067176
v -0.138580 0.359149 -0.074073
v -0.124054 0.344070 -0.107634
v -0.132065 0.338142 -0.097835
v -0.121471 0.359147 -0.099683
v -0.116313 0.359385 -0.105405
v -0.126525 0.358581 -0.093833
v -0.097717 0.337757 -0.132165
v -0.107317 0.344098 -0.124328
v -0.090989 0.349161 -0.136175
v -0.105788 0.358579 -0.116715
v -0.099684 0.359146 -0.121472
v -0.093502 0.359357 -0.126109
v -0.073619 0.344373 -0.146806
v -0.087962 0.337696 -0.138895
v -0.074074 0.359148 -0.138582
v -0.067179 0.359121 -0.142073
v -0.043564 0.344373 -0.158348
v -0.059175 0.337696 -0.153387
v -0.031951 0.349164 -0.160629
v -0.045614 0.359148 -0.150370
v -0.038170 0.359123 -0.152448
v -0.016249 0.337988 -0.163559
v -0.028365 0.337151 -0.161955
v -0.015401 0.359158 -0.156368
v 0.022799 0.359146 -0.153599
v 0.015217 0.359107 -0.154497
v 0.007603 0.359149 -0.155099
v 0.034229 0.359340 -0.151700
v 0.007423 0.349849 -0.147010
v 0.000000 0.349872 -0.147222
v 0.021373 0.349845 -0.145637
v 0.028722 0.349887 -0.144398
v 0.007067 0.323072 -0.141575
v 0.013624 0.308597 -0.138329
v 0.024198 0.321543 -0.139422
v 0.052327 0.359146 -0.146199
v 0.045069 0.359118 -0.148573
v 0.035923 0.349854 -0.142748
v 0.059432 0.359170 -0.143481
v 0.042723 0.349824 -0.140837
v 0.049375 0.349845 -0.138669
v 0.056340 0.349878 -0.136017
v 0.034551 0.323071 -0.137476
v 0.040349 0.308598 -0.133013
v 0.050933 0.321543 -0.132023
v 0.079850 0.359153 -0.133188
v 0.073286 0.359350 -0.137109
v 0.066378 0.359146 -0.140379
v 0.069377 0.349819 -0.129795
v 0.063140 0.349845 -0.132967
v 0.075521 0.349852 -0.126348
v 0.081797 0.349882 -0.122411
v 0.059326 0.307129 -0.125373
v 0.065523 0.308596 -0.122585
v 0.075710 0.321544 -0.119550
v 0.104297 0.359151 -0.115049
v 0.098625 0.359349 -0.120175
v 0.092492 0.359153 -0.124741
v 0.109822 0.359177 -0.109822
v 0.087830 0.349852 -0.118124
v 0.093365 0.349816 -0.113766
v 0.104104 0.349884 -0.104104
v 0.082646 0.307131 -0.111391
v 0.088179 0.308597 -0.107447
v 0.093127 0.307130 -0.102789
v 0.124732 0.359146 -0.092489
v 0.120175 0.359349 -0.098625
v 0.115210 0.359387 -0.104441
v 0.129137 0.359177 -0.086287
v 0.113766 0.349816 -0.093365
v 0.118094 0.349845 -0.087868
v 0.122414 0.349884 -0.081794
v 0.107447 0.308595 -0.088179
v 0.111391 0.307132 -0.082646
v 0.140379 0.359146 -0.066378
v 0.136918 0.359111 -0.073184
v 0.133182 0.359146 -0.079843
v 0.126372 0.349845 -0.075479
v 0.129795 0.349816 -0.069377
v 0.132967 0.349845 -0.063140
v 0.136018 0.349883 -0.056341
v 0.122585 0.308596 -0.065523
v 0.125373 0.307128 -0.059326
v 0.150631 0.359146 -0.037716
v 0.148565 0.359111 -0.045067
v 0.146199 0.359146 -0.052327
v 0.152319 0.359170 -0.030298
v 0.138669 0.349845 -0.049375
v 0.140836 0.349816 -0.042722
v 0.142730 0.349845 -0.035987
v 0.144395 0.349878 -0.028722
v 0.133013 0.308600 -0.040349
v 0.138070 0.321543 -0.030999
v 0.155091 0.359143 -0.007606
v 0.154497 0.359107 -0.015216
v 0.153593 0.359141 -0.022795
v 0.155300 0.359168 -0.000000
v 0.147002 0.349834 -0.007506
v 0.146551 0.350291 -0.017660
v 0.147222 0.349872 -0.000000
v 0.137204 0.307127 -0.020326
v 0.138329 0.308597 -0.013624
v 0.141575 0.323073 -0.007067
v 0.153599 0.359146 0.022799
v 0.154496 0.359106 0.015217
v 0.155088 0.359141 0.007608
v 0.152316 0.359168 0.030297
v 0.145637 0.349845 0.021373
v 0.147192 0.350287 0.011084
v 0.144394 0.349872 0.028722
v 0.139422 0.321542 0.024198
v 0.146207 0.359153 0.052332
v 0.148573 0.359118 0.045069
v 0.150856 0.359395 0.037786
v 0.143489 0.359177 0.059435
v 0.142748 0.349854 0.035923
v 0.138654 0.349852 0.049421
v 0.140837 0.349824 0.042723
v 0.136019 0.349884 0.056341
v 0.137476 0.323071 0.034551
v 0.133013 0.308598 0.040349
v 0.132023 0.321543 0.050933
v 0.133188 0.359153 0.079850
v 0.137102 0.359345 0.073283
v 0.140383 0.359149 0.066379
v 0.132979 0.349849 0.063116
v 0.126348 0.349852 0.075521
v 0.129127 0.359168 0.086280
v 0.129790 0.349795 0.069374
v 0.122411 0.349872 0.081792
v 0.125373 0.307129 0.059326
v 0.122585 0.308595 0.065523
v 0.119550 0.321544 0.075710
v 0.115049 0.359151 0.104297
v 0.120179 0.359349 0.098621
v 0.124744 0.359151 0.092483
v 0.113762 0.349817 0.093371
v 0.104104 0.349883 0.104104
v 0.111391 0.307131 0.082646
v 0.107447 0.308597 0.088179
v 0.102789 0.307130 0.093127
v 0.092492 0.359153 0.124741
v 0.098625 0.359349 0.120175
v 0.104441 0.359387 0.115210
v 0.086287 0.359177 0.129137
v 0.087830 0.349852 0.118124
v 0.093365 0.349816 0.113766
v 0.081794 0.349884 0.122414
v 0.088179 0.308595 0.107447
v 0.082646 0.307131 0.111391
v 0.066379 0.359151 0.140385
v 0.073188 0.359118 0.136926
v 0.079850 0.359153 0.133188
v 0.075522 0.349852 0.126348
v 0.069378 0.349824 0.129797
v 0.056341 0.349883 0.136019
v 0.065523 0.308596 0.122585
v 0.059326 0.307128 0.125373
v 0.037716 0.359146 0.150632
v 0.045069 0.359118 0.148573
v 0.052326 0.359146 0.146199
v 0.049375 0.349845 0.138669
v 0.042722 0.349824 0.140838
v 0.035987 0.349845 0.142730
v 0.030297 0.359165 0.152312
v 0.028720 0.349836 0.144384
v 0.040349 0.308599 0.133013
v 0.034552 0.323074 0.137476
v 0.007606 0.359143 0.155091
v 0.015217 0.359111 0.154502
v 0.022799 0.359146 0.153599
v 0.000000 0.359168 0.155300
v 0.021373 0.349845 0.145637
v 0.007506 0.349834 0.147002
v 0.014425 0.349816 0.146464
v 0.000000 0.349872 0.147222
v 0.006832 0.307131 0.138533
v -0.022799 0.359146 0.153599
v -0.015217 0.359106 0.154496
v -0.007608 0.359141 0.155088
v -0.030300 0.359177 0.152328
v -0.021373 0.349845 0.145637
v -0.011084 0.350287 0.147192
v -0.028722 0.349884 0.144397
v -0.013624 0.308598 0.138329
v -0.024198 0.321542 0.139422
v -0.052327 0.359146 0.146199
v -0.045069 0.359118 0.148573
v -0.037778 0.359386 0.150842
v -0.059435 0.359177 0.143489
v -0.035961 0.349849 0.142738
v -0.049375 0.349845 0.138669
v -0.042723 0.349824 0.140837
v -0.056341 0.349884 0.136019
v -0.034551 0.323071 0.137476
v -0.040349 0.308598 0.133013
v -0.050933 0.321542 0.132023
v -0.079850 0.359153 0.133188
v -0.073287 0.359351 0.137111
v -0.066378 0.359146 0.140379
v -0.069377 0.349821 0.129796
v -0.063140 0.349845 0.132967
v -0.075521 0.349852 0.126348
v -0.081797 0.349882 0.122411
v -0.059326 0.307129 0.125373
v -0.065523 0.308595 0.122585
v -0.075710 0.321543 0.119550
v -0.104297 0.359151 0.115049
v -0.098625 0.359349 0.120175
v -0.092492 0.359153 0.124741
v -0.109822 0.359177 0.109822
v -0.087830 0.349852 0.118124
v -0.093365 0.349816 0.113766
v -0.104104 0.349884 0.104104
v -0.082646 0.307131 0.111391
v -0.088179 0.308597 0.107447
v -0.093127 0.307130 0.102789
v -0.124732 0.359146 0.092489
v -0.120175 0.359349 0.098625
v -0.115210 0.359387 0.104441
v -0.113766 0.349816 0.093365
v -0.118094 0.349845 0.087868
v -0.122413 0.349883 0.081794
v -0.107447 0.308595 0.088179
v -0.111391 0.307132 0.082646
v -0.140379 0.359146 0.066378
v -0.136918 0.359111 0.073184
v -0.133182 0.359146 0.079843
v -0.126372 0.349845 0.075479
v -0.129795 0.349816 0.069377
v -0.132967 0.349845 0.063140
v -0.136018 0.349883 0.056341
v -0.122585 0.308596 0.065523
v -0.125373 0.307128 0.059326
v -0.150631 0.359146 0.037716
v -0.148565 0.359111 0.045067
v -0.146199 0.359146 0.052327
v -0.152319 0.359170 0.030298
v -0.138669 0.349845 0.049375
v -0.140836 0.349816 0.042722
v -0.142730 0.349845 0.035987
v -0.144395 0.349878 0.028722
v -0.133013 0.308600 0.040349
v -0.138070 0.321543 0.030999
v -0.155091 0.359143 0.007606
v -0.154502 0.359111 0.015217
v -0.153599 0.359146 0.022799
v -0.155300 0.359168 0.000000
v -0.145637 0.349845 0.021373
v -0.147002 0.349834 0.007506
v -0.146464 0.349816 0.014425
v -0.147222 0.349872 0.000000
v -0.137204 0.307127 0.020326
v -0.138329 0.308597 0.013624
v -0.141575 0.323073 0.007067
v -0.153599 0.359146 -0.022799
v -0.154496 0.359106 -0.015217
v -0.155088 0.359141 -0.007608
v -0.152316 0.359168 -0.030297
v -0.145637 0.349845 -0.021373
v -0.147192 0.350287 -0.011084
v -0.144394 0.349872 -0.028722
v -0.139422 0.321542 -0.024198
v -0.146207 0.359153 -0.052332
v -0.148573 0.359118 -0.045069
v -0.150856 0.359395 -0.037786
v -0.143489 0.359177 -0.059435
v -0.142748 0.349854 -0.035923
v -0.138654 0.349852 -0.049421
v -0.140837 0.349824 -0.042723
v -0.136019 0.349884 -0.056341
v -0.137476 0.323071 -0.034551
v -0.133013 0.308598 -0.040349
v -0.132023 0.321543 -0.050933
v -0.133188 0.359153 -0.079850
v -0.137102 0.359345 -0.073283
v -0.140383 0.359149 -0.066379
v -0.132979 0.349849 -0.063116
v -0.126348 0.349852 -0.075521
v -0.129127 0.359168 -0.086280
v -0.129790 0.349795 -0.069374
v -0.122411 0.349872 -0.081792
v -0.125374 0.307131 -0.059326
v -0.122586 0.308598 -0.065523
v -0.118982 0.307130 -0.071285
v -0.115049 0.359151 -0.104297
v -0.120179 0.359349 -0.098621
v -0.124744 0.359151 -0.092483
v -0.113762 0.349817 -0.093371
v -0.104104 0.349883 -0.104104
v -0.107447 0.308595 -0.088179
v -0.105106 0.323073 -0.095112
v -0.092492 0.359153 -0.124741
v -0.098625 0.359349 -0.120175
v -0.104441 0.359387 -0.115210
v -0.086282 0.359170 -0.129129
v -0.087830 0.349852 -0.118124
v -0.093365 0.349816 -0.113766
v -0.081793 0.349878 -0.122412
v -0.088179 0.308597 -0.107447
v -0.081476 0.321543 -0.115697
v -0.066379 0.359151 -0.140386
v -0.073194 0.359118 -0.136923
v -0.079841 0.359144 -0.133180
v -0.075448 0.349839 -0.126388
v -0.069375 0.349824 -0.129798
v -0.056341 0.349883 -0.136019
v -0.072779 0.323071 -0.121642
v -0.065523 0.308595 -0.122585
v -0.059326 0.307129 -0.125374
v -0.037716 0.359146 -0.150632
v -0.045066 0.359110 -0.148563
v -0.052327 0.359146 -0.146199
v -0.049375 0.349845 -0.138669
v -0.035986 0.349845 -0.142730
v -0.028722 0.349883 -0.144397
v -0.040349 0.308599 -0.133013
v -0.034552 0.323074 -0.137476
v -0.007604 0.359146 -0.155095
v -0.015218 0.359118 -0.154511
v -0.022803 0.359153 -0.153607
v -0.021421 0.349852 -0.145631
v -0.014426 0.349824 -0.146466
v -0.007449 0.349845 -0.147008
v -0.003467 0.321542 -0.141464
v 0.003994 0.295101 -0.162970
v -0.027876 0.295101 -0.160617
v 0.019482 0.359697 -0.155294
v -0.011188 0.359697 -0.156111
v 0.027834 0.318181 -0.162006
v 0.004027 0.317592 -0.164312
v -0.004282 0.337150 -0.164364
v -0.022925 0.359661 -0.155078
v -0.027834 0.318181 -0.162006
v 0.059159 0.317592 -0.153346
v 0.046287 0.359701 -0.149469
v 0.060086 0.359324 -0.145060
v 0.088398 0.328078 -0.138707
v 0.093240 0.359697 -0.125682
v 0.116389 0.311652 -0.115838
v 0.115130 0.359664 -0.106100
v 0.138888 0.318747 -0.087957
v 0.134511 0.359661 -0.080520
v 0.153379 0.318747 -0.059171
v 0.139946 0.359697 -0.070078
v 0.160535 0.328816 -0.035791
v 0.155082 0.359661 -0.022919
v 0.164430 0.322627 0.003693
v 0.156111 0.359697 -0.011188
v 0.160535 0.328816 0.035791
v 0.161488 0.307235 0.028725
v 0.152050 0.359661 0.038177
v 0.153346 0.317592 0.059159
v 0.149469 0.359701 0.046287
v 0.145060 0.359324 0.060086
v 0.138707 0.328078 0.088398
v 0.125682 0.359697 0.093240
v 0.115838 0.311652 0.116389
v 0.106100 0.359664 0.115130
v 0.087957 0.318747 0.138888
v 0.080520 0.359661 0.134511
v 0.059171 0.318747 0.153379
v 0.070078 0.359697 0.139946
v 0.035791 0.328816 0.160535
v 0.022919 0.359661 0.155082
v 0.004027 0.317592 0.164312
v 0.011188 0.359697 0.156111
v -0.027834 0.318182 0.162006
v -0.038173 0.359661 0.152048
v -0.059639 0.328077 0.153287
v -0.058750 0.308288 0.153201
v -0.052608 0.359657 0.147684
v -0.088398 0.328078 0.138707
v -0.093240 0.359697 0.125682
v -0.116389 0.311652 0.115838
v -0.115130 0.359664 0.106100
v -0.138888 0.318747 0.087957
v -0.134511 0.359661 0.080520
v -0.151561 0.311652 0.063201
v -0.139946 0.359697 0.070078
v -0.160535 0.328816 0.035791
v -0.160881 0.309576 0.032240
v -0.155082 0.359661 0.022919
v -0.164442 0.323085 -0.000000
v -0.156111 0.359697 0.011188
v -0.160535 0.328816 -0.035791
v -0.152050 0.359661 -0.038177
v -0.151684 0.311095 -0.062830
v -0.149469 0.359701 -0.046287
v -0.145060 0.359324 -0.060086
v -0.138707 0.328078 -0.088398
v -0.125682 0.359697 -0.093240
v -0.115838 0.311652 -0.116389
v -0.106100 0.359664 -0.115130
v -0.087957 0.318747 -0.138888
v -0.080519 0.359661 -0.134516
v -0.059171 0.318747 -0.153379
v -0.052739 0.359661 -0.147626
v 0.026798 0.216768 -0.119360
v -0.002249 0.050967 -0.091728
v -0.013506 0.050796 -0.090757
v -0.021269 0.040044 -0.085612
v 0.044031 0.216764 -0.114132
v 0.065450 0.216758 -0.103348
v 0.088596 0.216774 -0.084356
v 0.103348 0.216757 -0.065450
v 0.114133 0.216768 -0.044031
v 0.119362 0.216780 -0.026799
v 0.122293 0.216760 -0.002998
v 0.119358 0.216757 0.026798
v 0.114134 0.216775 0.044031
v 0.103348 0.216760 0.065450
v 0.084356 0.216768 0.088595
v 0.065450 0.216753 0.103347
v 0.044031 0.216768 0.114133
v 0.026799 0.216776 0.119361
v -0.002997 0.216772 0.122295
v -0.026798 0.216756 0.119358
v -0.044031 0.216769 0.114133
v -0.065450 0.216757 0.103348
v -0.088595 0.216768 0.084356
v -0.103348 0.216757 0.065450
v -0.114133 0.216768 0.044031
v -0.119362 0.216779 0.026799
v -0.122293 0.216761 0.002998
v -0.119358 0.216757 -0.026798
v -0.114135 0.216779 -0.044032
v -0.100018 0.216765 -0.070435
v -0.088595 0.216771 -0.084356
v -0.065451 0.216766 -0.103349
v -0.044031 0.216768 -0.114133
v 0.021269 0.040044 -0.085612
v 0.020100 0.050967 -0.089527
v 0.016457 0.072444 -0.094825
v 0.002997 0.216774 -0.122296
v -0.026799 0.216778 -0.119362
v 0.031744 0.040093 -0.082284
v 0.037180 0.050967 -0.083885
v 0.038998 0.072444 -0.087988
v 0.052412 0.040044 -0.070956
v 0.047209 0.050796 -0.078680
v 0.055414 0.072444 -0.078689
v 0.063801 0.040042 -0.061007
v 0.063271 0.050967 -0.066451
v 0.066366 0.072444 -0.069701
v 0.072109 0.040093 -0.050781
v 0.075020 0.050967 -0.052831
v 0.081309 0.072444 -0.051493
v 0.083000 0.040044 -0.029879
v 0.086379 0.050796 -0.030952
v 0.087988 0.072444 -0.038998
v 0.086942 0.040042 -0.015280
v 0.089527 0.050967 -0.020100
v 0.094825 0.072444 -0.016458
v 0.088253 0.040042 0.001975
v 0.091728 0.050967 -0.002249
v 0.096214 0.072444 0.002358
v 0.086896 0.040093 0.015081
v 0.089527 0.050967 0.020100
v 0.094825 0.072445 0.016458
v 0.079818 0.040044 0.037562
v 0.083885 0.050967 0.037180
v 0.087987 0.072444 0.038998
v 0.072282 0.040042 0.050673
v 0.075020 0.050967 0.052830
v 0.078689 0.072444 0.055414
v 0.063873 0.040093 0.060816
v 0.063271 0.050967 0.066451
v 0.066366 0.072444 0.069701
v 0.047187 0.040093 0.074510
v 0.054625 0.050796 0.073725
v 0.051493 0.072444 0.081309
v 0.035598 0.040042 0.080779
v 0.037180 0.050967 0.083885
v 0.034641 0.072444 0.089792
v 0.021269 0.040044 0.085612
v 0.020100 0.050967 0.089527
v 0.016457 0.072444 0.094825
v -0.002161 0.040093 0.088169
v 0.002249 0.050967 0.091728
v -0.002358 0.072444 0.096214
v -0.013113 0.040044 0.087234
v -0.020100 0.050967 0.089527
v -0.021083 0.072444 0.093905
v -0.035598 0.040042 0.080779
v -0.039193 0.050796 0.082965
v -0.034641 0.072444 0.089793
v -0.050673 0.040042 0.072282
v -0.049092 0.050967 0.077518
v -0.055414 0.072444 0.078689
v -0.060816 0.040093 0.063873
v -0.063271 0.050967 0.066451
v -0.066366 0.072444 0.069701
v -0.075020 0.050967 0.052831
v -0.081309 0.072444 0.051493
v -0.083000 0.040044 0.029879
v -0.086379 0.050796 0.030952
v -0.087988 0.072444 0.038998
v -0.086942 0.040042 0.015280
v -0.089527 0.050967 0.020100
v -0.094825 0.072444 0.016458
v -0.088253 0.040042 -0.001975
v -0.091728 0.050967 0.002249
v -0.096214 0.072444 -0.002358
v -0.086896 0.040093 -0.015081
v -0.089527 0.050967 -0.020100
v -0.094825 0.072445 -0.016458
v -0.083759 0.040042 -0.027872
v -0.083885 0.050967 -0.037180
v -0.087987 0.072444 -0.038998
v -0.072109 0.040093 -0.050781
v -0.073725 0.050796 -0.054625
v -0.078689 0.072444 -0.055414
v -0.063801 0.040042 -0.061007
v -0.066451 0.050967 -0.063271
v -0.069701 0.072444 -0.066366
v -0.050673 0.040042 -0.072282
v -0.052831 0.050967 -0.075020
v -0.051493 0.072444 -0.081309
v -0.035598 0.040042 -0.080779
v -0.033025 0.050967 -0.085606
v -0.034641 0.072444 -0.089793
v -0.026008 0.071594 -0.092500
v -0.043554 0.071593 -0.085649
v -0.062462 0.071593 -0.073015
v -0.056776 0.071229 -0.077345
v -0.074366 0.072336 -0.061030
v -0.083797 0.071593 -0.047017
v -0.091796 0.070553 -0.027846
v -0.095740 0.072336 -0.009429
v -0.095796 0.071593 0.007462
v -0.091796 0.070553 0.027846
v -0.084843 0.072336 0.045350
v -0.074152 0.070553 0.060855
v -0.061030 0.072336 0.074366
v -0.045219 0.070553 0.084600
v -0.027926 0.072336 0.092060
v -0.011370 0.071594 0.095411
v 0.007462 0.071593 0.095796
v 0.026008 0.071593 0.092500
v 0.043554 0.071593 0.085648
v 0.059426 0.071593 0.075506
v 0.073015 0.071593 0.062462
v 0.083798 0.071594 0.047017
v 0.091796 0.070553 0.027846
v 0.095740 0.072336 0.009429
v 0.095796 0.071593 -0.007462
v 0.091796 0.070553 -0.027846
v 0.084843 0.072336 -0.045350
v 0.074152 0.070553 -0.060855
v 0.061030 0.072336 -0.074366
v 0.047017 0.071594 -0.083798
v 0.027846 0.070553 -0.091796
v -0.007462 0.071593 -0.095796
v 0.009429 0.072336 -0.095740
v 0.035711 0.295101 -0.159059
v 0.031467 0.285250 -0.158196
v 0.020140 0.017876 -0.101250
v -0.031467 0.285252 -0.158196
v 0.058675 0.295101 -0.152093
v 0.061725 0.285254 -0.149018
v 0.039510 0.017920 -0.095386
v 0.087220 0.295101 -0.137723
v 0.089611 0.285251 -0.134112
v 0.057357 0.017901 -0.085841
v 0.115230 0.295049 -0.115230
v 0.114053 0.285250 -0.114053
v 0.133285 0.295101 -0.093862
v 0.134112 0.285251 -0.089611
v 0.149036 0.295101 -0.066056
v 0.149017 0.285251 -0.061725
v 0.160617 0.295101 -0.027876
v 0.158198 0.285259 -0.031467
v 0.101266 0.017936 -0.020143
v 0.162960 0.295049 0.000000
v 0.161294 0.285246 -0.000000
v 0.103207 0.017775 -0.000000
v 0.160617 0.295101 0.027876
v 0.158196 0.285252 0.031467
v 0.101258 0.017906 0.020142
v 0.152093 0.295101 0.058675
v 0.149018 0.285254 0.061725
v 0.095386 0.017920 0.039510
v 0.137723 0.295101 0.087220
v 0.134112 0.285251 0.089611
v 0.085841 0.017901 0.057357
v 0.115230 0.295049 0.115230
v 0.114053 0.285248 0.114053
v 0.072994 0.017859 0.072994
v 0.093862 0.295101 0.133285
v 0.089611 0.285251 0.134112
v 0.066056 0.295101 0.149036
v 0.061725 0.285251 0.149017
v 0.027876 0.295101 0.160617
v 0.031467 0.285259 0.158198
v 0.020143 0.017936 0.101266
v -0.000000 0.295049 0.162960
v -0.000000 0.285256 0.161296
v 0.000000 0.017927 0.103247
v -0.027876 0.295101 0.160617
v -0.031467 0.285252 0.158196
v -0.020142 0.017906 0.101258
v -0.058675 0.295101 0.152093
v -0.061725 0.285254 0.149018
v -0.039510 0.017920 0.095386
v -0.087220 0.295101 0.137723
v -0.089611 0.285251 0.134112
v -0.057357 0.017901 0.085841
v -0.115230 0.295049 0.115230
v -0.114053 0.285254 0.114053
v -0.073005 0.017920 0.073005
v -0.133285 0.295101 0.093862
v -0.134112 0.285251 0.089611
v -0.149008 0.295133 0.066127
v -0.106531 0.072293 0.043514
v -0.095267 0.017428 0.039461
v -0.160959 0.297336 0.028503
v -0.160630 0.291308 0.031634
v -0.163054 0.286020 0.031324
v -0.171656 0.275642 0.033623
v -0.171312 0.269925 0.034844
v -0.167117 0.253239 0.033768
v -0.165106 0.248727 0.032378
v -0.152572 0.238219 0.029313
v -0.148397 0.233317 0.029222
v -0.145379 0.228902 0.033542
v -0.123777 0.123666 0.024697
v -0.124152 0.117619 0.024321
v -0.127170 0.112522 0.023987
v -0.138276 0.101353 0.025490
v -0.137867 0.094973 0.026402
v -0.131718 0.074407 0.024243
v -0.116632 0.064581 0.021964
v -0.111759 0.059876 0.021877
v -0.109393 0.054527 0.020701
v -0.101160 0.017526 0.020122
v -0.164628 0.291664 -0.004580
v -0.169051 0.286994 -0.004898
v -0.151937 0.232967 -0.004654
v -0.149160 0.228318 -0.004005
v -0.127012 0.127355 0.000000
v -0.126303 0.122634 -0.003366
v -0.127632 0.117908 -0.003656
v -0.132611 0.113468 -0.008035
v -0.121378 0.063444 -0.008380
v -0.114789 0.059497 -0.003797
v -0.111591 0.054979 0.003150
v -0.103142 0.017526 0.000000
v -0.160959 0.297336 -0.028503
v -0.160630 0.291308 -0.031634
v -0.163054 0.286020 -0.031324
v -0.171656 0.275642 -0.033623
v -0.171217 0.270107 -0.034888
v -0.167117 0.253239 -0.033768
v -0.165106 0.248727 -0.032378
v -0.152572 0.238219 -0.029313
v -0.148397 0.233317 -0.029222
v -0.145379 0.228902 -0.033542
v -0.123777 0.123666 -0.024697
v -0.124152 0.117619 -0.024321
v -0.127170 0.112522 -0.023987
v -0.138276 0.101353 -0.025490
v -0.137786 0.095283 -0.026434
v -0.131718 0.074407 -0.024243
v -0.116632 0.064581 -0.021964
v -0.111759 0.059876 -0.021877
v -0.109393 0.054527 -0.020701
v -0.101160 0.017526 -0.020122
v -0.151294 0.293906 -0.060236
v -0.146762 0.288592 -0.068651
v -0.106772 0.072927 -0.043313
v -0.095291 0.017526 -0.039471
v -0.137723 0.295101 -0.087220
v -0.134112 0.285251 -0.089611
v -0.085841 0.017901 -0.057357
v -0.115230 0.295049 -0.115230
v -0.114053 0.285250 -0.114053
v -0.073000 0.017890 -0.073000
v -0.093862 0.295101 -0.133285
v -0.089611 0.285251 -0.134112
v -0.066056 0.295101 -0.149036
v -0.061725 0.285252 -0.149018
v -0.039508 0.017901 -0.095382
v -0.046966 0.287559 -0.154827
v -0.039191 0.285215 -0.156453
v -0.054644 0.290273 -0.152906
v -0.082917 0.285211 -0.138341
v -0.076270 0.287566 -0.142690
v -0.068960 0.285215 -0.145801
v -0.096078 0.285203 -0.129545
v -0.108312 0.285211 -0.119506
v -0.102643 0.287579 -0.125071
v -0.119506 0.285208 -0.108312
v -0.125069 0.287564 -0.102641
v -0.130387 0.290266 -0.096774
v -0.142690 0.287564 -0.076270
v -0.138341 0.285211 -0.082916
v -0.107591 0.056360 -0.030010
v -0.116439 0.069557 -0.027862
v -0.111085 0.069561 -0.033253
v -0.108829 0.072376 -0.038354
v -0.124728 0.107548 -0.029877
v -0.119431 0.111794 -0.035737
v -0.122441 0.123799 -0.030749
v -0.143476 0.232877 -0.043805
v -0.142368 0.236675 -0.049756
v -0.151967 0.243195 -0.037088
v -0.148194 0.243539 -0.042269
v -0.144362 0.245907 -0.050774
v -0.160233 0.281079 -0.039098
v -0.155646 0.282061 -0.045330
v -0.131518 0.067667 -0.016028
v -0.143996 0.108914 -0.009597
v -0.141387 0.108073 -0.017279
v -0.126594 0.128026 -0.011991
v -0.125653 0.127431 -0.018643
v -0.147743 0.223654 -0.007259
v -0.147857 0.228104 -0.018926
v -0.165320 0.241987 -0.021484
v -0.177765 0.283197 -0.012540
v -0.175166 0.282287 -0.022731
v -0.110038 0.050463 0.008424
v -0.131518 0.067667 0.016028
v -0.133958 0.066782 0.009389
v -0.141387 0.108073 0.017279
v -0.144079 0.109068 0.008292
v -0.124824 0.123549 0.018544
v -0.126408 0.127392 0.012452
v -0.126861 0.127366 0.006235
v -0.147857 0.228104 0.018926
v -0.148608 0.227583 0.007279
v -0.165320 0.241987 0.021484
v -0.167661 0.241192 0.012438
v -0.175166 0.282287 0.022731
v -0.177907 0.283347 0.010759
v -0.107289 0.061603 0.035121
v -0.107591 0.056360 0.030009
v -0.108829 0.072375 0.038354
v -0.111085 0.069561 0.033253
v -0.116439 0.069557 0.027862
v -0.119430 0.111794 0.035737
v -0.124728 0.107548 0.029877
v -0.122441 0.123799 0.030749
v -0.142368 0.236674 0.049757
v -0.143476 0.232877 0.043805
v -0.144362 0.245907 0.050774
v -0.148194 0.243539 0.042269
v -0.151967 0.243195 0.037088
v -0.155646 0.282061 0.045330
v -0.160233 0.281079 0.039098
v -0.142689 0.287556 0.076269
v -0.138341 0.285211 0.082916
v -0.146782 0.288499 0.068563
v -0.129545 0.285203 0.096078
v -0.119506 0.285211 0.108312
v -0.125071 0.287579 0.102643
v -0.108312 0.285208 0.119506
v -0.102641 0.287564 0.125069
v -0.096774 0.290266 0.130387
v -0.076270 0.287564 0.142690
v -0.082917 0.285212 0.138341
v -0.039191 0.285209 0.156452
v -0.054334 0.285214 0.151859
v -0.046966 0.287553 0.154826
v -0.015859 0.287578 0.161018
v -0.023664 0.285215 0.159541
v 0.015859 0.287553 0.161014
v 0.007915 0.285212 0.161092
v 0.023664 0.285215 0.159542
v 0.046968 0.287590 0.154832
v 0.039528 0.290298 0.157495
v 0.054335 0.285224 0.151861
v 0.076269 0.287556 0.142689
v 0.082916 0.285211 0.138341
v 0.068960 0.285211 0.145801
v 0.096078 0.285203 0.129545
v 0.108312 0.285211 0.119506
v 0.102643 0.287579 0.125071
v 0.119506 0.285211 0.108312
v 0.125069 0.287564 0.102641
v 0.130387 0.290266 0.096774
v 0.142690 0.287564 0.076270
v 0.138341 0.285211 0.082916
v 0.156452 0.285209 0.039191
v 0.151859 0.285214 0.054334
v 0.154826 0.287553 0.046966
v 0.159541 0.285215 0.023664
v 0.161015 0.287562 0.015859
v 0.161014 0.287553 -0.015859
v 0.161092 0.285212 -0.007915
v 0.159542 0.285215 -0.023664
v 0.154832 0.287590 -0.046968
v 0.157495 0.290298 -0.039528
v 0.151861 0.285224 -0.054335
v 0.142689 0.287556 -0.076269
v 0.138341 0.285211 -0.082916
v 0.145801 0.285211 -0.068960
v 0.129545 0.285203 -0.096078
v 0.119506 0.285211 -0.108312
v 0.125072 0.287585 -0.102644
v 0.108312 0.285208 -0.119506
v 0.102641 0.287564 -0.125069
v 0.096774 0.290266 -0.130387
v 0.076270 0.287564 -0.142690
v 0.082917 0.285212 -0.138341
v 0.046966 0.287553 -0.154826
v 0.054334 0.285214 -0.151859
v 0.039192 0.285220 -0.156454
v -0.015859 0.287566 -0.161016
v -0.008026 0.290266 -0.162178
v -0.023664 0.285215 -0.159541
v 0.015858 0.287559 -0.161015
v 0.007916 0.285212 -0.161092
v 0.023664 0.285205 -0.159540
v -0.246224 0.268723 0.024521
v -0.254277 0.264687 0.025232
v -0.255117 0.261077 0.025440
v -0.246786 0.253909 0.024781
v -0.246307 0.251533 0.023421
v -0.247676 0.090202 0.016827
v -0.245575 0.087964 0.017635
v -0.243453 0.085363 0.017857
v -0.240170 0.079742 0.017620
v -0.239214 0.077077 0.017191
v -0.238647 0.074760 0.016237
v -0.255353 0.267329 -0.024049
v -0.254707 0.264613 -0.025207
v -0.249104 0.262147 -0.025751
v -0.247460 0.253752 -0.024725
v -0.246813 0.251424 -0.023358
v -0.247676 0.090202 -0.016827
v -0.245575 0.087964 -0.017635
v -0.243453 0.085363 -0.017857
v -0.240170 0.079742 -0.017620
v -0.239214 0.077077 -0.017191
v -0.238647 0.074760 -0.016237
v -0.238750 0.071080 -0.004280
v -0.238571 0.071290 -0.008297
v -0.238417 0.071863 -0.011790
v -0.252063 0.093732 -0.004517
v -0.251625 0.093530 -0.008741
v -0.250794 0.092981 -0.012380
v -0.238429 0.248000 -0.010905
v -0.239146 0.249473 -0.020340
v -0.248115 0.271960 -0.017971
v -0.238417 0.071863 0.011790
v -0.238571 0.071290 0.008297
v -0.238750 0.071080 0.004280
v -0.250794 0.092981 0.012380
v -0.251625 0.093530 0.008741
v -0.252063 0.093732 0.004517
v -0.238138 0.247912 0.009735
v -0.247001 0.272064 0.018351
v -0.251492 0.272107 0.011429
v -0.189719 0.277369 0.026558
v -0.215021 0.274609 0.023912
v -0.225130 0.264462 0.027115
v -0.205865 0.265362 0.028698
v -0.186702 0.265835 0.031192
v -0.208753 0.249440 0.022729
v -0.181074 0.246937 0.025426
v -0.159837 0.102112 0.019955
v -0.195231 0.097552 0.017389
v -0.188684 0.088605 0.020585
v -0.182520 0.072627 0.016677
v -0.151189 0.071671 0.018823
v -0.184972 0.258519 -0.030785
v -0.204260 0.258653 -0.028325
v -0.228383 0.258456 -0.026457
v -0.192970 0.277018 -0.025838
v -0.181074 0.246937 -0.025426
v -0.201455 0.248875 -0.023344
v -0.223535 0.249436 -0.021015
v -0.187204 0.082136 -0.020251
v -0.193833 0.097765 -0.017406
v -0.159837 0.102112 -0.019955
v -0.151189 0.071671 -0.018823
v -0.184335 0.072680 -0.016570
v -0.153061 0.068707 -0.007931
v -0.185132 0.070257 0.007505
v -0.163455 0.104939 0.008364
v -0.183109 0.244029 -0.010499
v -0.194525 0.280053 0.011146
v -0.219846 0.082744 0.014783
v -0.203196 0.093486 0.015037
v -0.220349 0.080613 -0.007221
v -0.208923 0.087477 -0.007109
v -0.219990 0.082666 -0.014791
v -0.208370 0.089291 -0.014297
v -0.234917 0.098545 -0.015387
v -0.219638 0.106256 -0.015671
v -0.229144 0.103706 0.007687
v -0.232004 0.102369 -0.007775
v -0.226955 0.102349 0.015508
v -0.205382 0.099234 0.018326
v -0.197392 0.110945 0.018788
v -0.196985 0.120632 0.019180
v -0.262560 0.199926 0.022524
v -0.275990 0.222550 0.023390
v -0.250308 0.248617 0.019947
v -0.257658 0.247017 0.019635
v -0.262010 0.245025 0.019506
v -0.268040 0.238209 0.019750
v -0.267121 0.229193 0.019209
v -0.257174 0.212568 0.018498
v -0.243707 0.196476 0.017980
v -0.220052 0.170810 0.017144
v -0.205641 0.153371 0.016606
v -0.197547 0.140123 0.016214
v -0.193362 0.129750 0.015938
v -0.191398 0.118934 0.015677
v -0.191653 0.110999 0.014842
v -0.193262 0.105564 0.014600
v -0.196378 0.100147 0.014528
v -0.267045 0.237641 -0.010103
v -0.267500 0.235783 -0.010345
v -0.267094 0.231760 -0.010218
v -0.265972 0.228606 -0.010276
v -0.258229 0.216048 -0.010021
v -0.243210 0.197830 -0.009566
v -0.219801 0.172445 -0.009114
v -0.250383 0.248589 -0.019876
v -0.257668 0.246992 -0.019571
v -0.262986 0.244849 -0.020094
v -0.267227 0.240094 -0.019891
v -0.268211 0.237269 -0.019674
v -0.267208 0.229488 -0.019166
v -0.257460 0.212961 -0.018491
v -0.244116 0.196938 -0.017991
v -0.214819 0.164960 -0.016955
v -0.203310 0.149840 -0.016510
v -0.197635 0.140271 -0.016242
v -0.193423 0.129903 -0.015978
v -0.191416 0.119041 -0.015714
v -0.191917 0.111167 -0.015474
v -0.193555 0.105723 -0.015334
v -0.196719 0.100281 -0.015194
v -0.265898 0.250869 -0.024522
v -0.262177 0.199353 -0.022503
v -0.219628 0.152474 -0.020729
v -0.203825 0.128789 -0.019745
v -0.262834 0.267822 -0.020576
v -0.271133 0.263998 -0.021108
v -0.276926 0.260147 -0.020891
v -0.284930 0.248785 -0.020532
v -0.287083 0.241152 -0.020319
v -0.286017 0.222922 -0.019807
v -0.273958 0.199170 -0.019177
v -0.259153 0.181153 -0.018636
v -0.234814 0.154667 -0.017769
v -0.222217 0.139654 -0.017263
v -0.212936 0.125266 -0.016680
v -0.210733 0.118101 -0.016272
v -0.210789 0.115050 -0.016120
v -0.212315 0.111780 -0.015931
v -0.289070 0.222927 -0.004138
v -0.287339 0.217385 -0.004121
v -0.278142 0.199872 -0.004071
v -0.261129 0.178709 -0.004015
v -0.237634 0.153232 0.003849
v -0.227902 0.141807 0.003775
v -0.222115 0.134154 0.003698
v -0.217540 0.127071 0.003594
v -0.214721 0.121384 0.003516
v -0.213557 0.116863 0.003554
v -0.262582 0.267852 0.020674
v -0.271133 0.263998 0.021108
v -0.276926 0.260147 0.020891
v -0.284851 0.248913 0.020568
v -0.287083 0.241152 0.020319
v -0.286015 0.222928 0.019813
v -0.273910 0.199105 0.019179
v -0.259487 0.181538 0.018646
v -0.235766 0.155754 0.017810
v -0.222383 0.139889 0.017279
v -0.212957 0.125323 0.016683
v -0.210745 0.118142 0.016270
v -0.211039 0.113999 0.016025
v -0.214858 0.109461 0.015753
v -0.200500 0.100589 0.017944
v -0.199232 0.099131 0.016954
v -0.194214 0.119472 0.018595
v -0.192552 0.119257 0.017567
v -0.199729 0.132311 0.019539
v -0.197561 0.133210 0.019068
v -0.198683 0.139474 0.018175
v -0.214597 0.155432 0.020416
v -0.208396 0.151287 0.019708
v -0.206813 0.152552 0.018611
v -0.222719 0.168404 0.020336
v -0.221193 0.169847 0.019208
v -0.258214 0.203622 0.022241
v -0.245715 0.193333 0.021264
v -0.244526 0.195150 0.020111
v -0.259855 0.210406 0.021917
v -0.258314 0.211715 0.020713
v -0.271167 0.224784 0.023111
v -0.269074 0.225748 0.022573
v -0.265277 0.222478 0.021165
v -0.273316 0.237796 0.023733
v -0.271129 0.234599 0.023038
v -0.269504 0.234402 0.021791
v -0.265976 0.250840 0.024459
v -0.267658 0.245078 0.023692
v -0.266219 0.243779 0.022416
v -0.201429 0.093404 0.010614
v -0.190520 0.115584 0.010805
v -0.196828 0.140341 0.013151
v -0.196238 0.139942 0.008386
v -0.209433 0.159521 0.013639
v -0.208756 0.159311 0.008801
v -0.219351 0.171306 0.013940
v -0.218860 0.171391 0.008940
v -0.243171 0.197159 0.014655
v -0.242882 0.197448 0.009709
v -0.256413 0.212894 0.015050
v -0.255831 0.212727 0.010048
v -0.263166 0.223283 0.013962
v -0.267733 0.233749 0.015881
v -0.267428 0.233171 0.010964
v -0.265408 0.241322 0.016356
v -0.265523 0.240376 0.010136
v -0.201400 0.094674 -0.014437
v -0.190572 0.115932 -0.011289
v -0.196422 0.140291 -0.008730
v -0.196918 0.140496 -0.013224
v -0.209093 0.159553 -0.012144
v -0.219885 0.171920 -0.013946
v -0.244018 0.198125 -0.014646
v -0.256698 0.213278 -0.015008
v -0.263672 0.223738 -0.015331
v -0.265390 0.240579 -0.010426
v -0.265343 0.241375 -0.016279
v -0.199351 0.099042 -0.016977
v -0.200705 0.100432 -0.017952
v -0.205947 0.098386 -0.018261
v -0.192563 0.119316 -0.017576
v -0.194210 0.119451 -0.018594
v -0.196263 0.114108 -0.018896
v -0.198758 0.139596 -0.018187
v -0.197586 0.133256 -0.019071
v -0.199643 0.132133 -0.019531
v -0.215873 0.163916 -0.018997
v -0.208375 0.151256 -0.019706
v -0.213953 0.154580 -0.020385
v -0.222357 0.168005 -0.020320
v -0.244975 0.195662 -0.020127
v -0.246149 0.193831 -0.021281
v -0.257798 0.203029 -0.022219
v -0.258566 0.212068 -0.020718
v -0.260044 0.210674 -0.021925
v -0.265444 0.222817 -0.021163
v -0.266946 0.221674 -0.022389
v -0.272377 0.226601 -0.023266
v -0.269491 0.234516 -0.021782
v -0.271018 0.237164 -0.023177
v -0.272779 0.240375 -0.023870
v -0.266288 0.243702 -0.022403
v -0.264921 0.247893 -0.023859
v -0.209603 0.102274 -0.018508
v -0.205999 0.123618 -0.019275
v -0.208306 0.118443 -0.018121
v -0.210674 0.126345 -0.018564
v -0.220893 0.147442 -0.020325
v -0.223601 0.145791 -0.019383
v -0.265293 0.196703 -0.022165
v -0.257381 0.182964 -0.020721
v -0.271879 0.200625 -0.021321
v -0.277047 0.215282 -0.022826
v -0.279737 0.213706 -0.021750
v -0.281251 0.243965 -0.023840
v -0.285313 0.233831 -0.022348
v -0.270642 0.254993 -0.024699
v -0.271539 0.258212 -0.024436
v -0.279894 0.253116 -0.023013
v -0.221479 0.107573 -0.007844
v -0.212297 0.117797 -0.013304
v -0.213306 0.117092 -0.008345
v -0.216724 0.128534 -0.013806
v -0.217253 0.127164 -0.008572
v -0.223992 0.139248 -0.014154
v -0.224176 0.137946 -0.010001
v -0.224339 0.137481 -0.005172
v -0.236700 0.154291 -0.014555
v -0.237424 0.153718 -0.010265
v -0.237602 0.153313 -0.005281
v -0.260628 0.180284 -0.015251
v -0.261356 0.179702 -0.010766
v -0.275673 0.198664 -0.015686
v -0.271236 0.191412 -0.010966
v -0.271050 0.190376 -0.004046
v -0.283493 0.211861 -0.015990
v -0.283915 0.210587 -0.011282
v -0.284005 0.209658 -0.004107
v -0.289290 0.232882 -0.016449
v -0.290509 0.234290 -0.008717
v -0.282413 0.256337 -0.016947
v -0.284035 0.256175 -0.008948
v -0.217543 0.109862 0.008168
v -0.216384 0.109885 0.012796
v -0.213148 0.117353 0.009400
v -0.212316 0.117862 0.013285
v -0.217323 0.127687 0.009726
v -0.216819 0.128686 0.013808
v -0.224352 0.138165 0.009959
v -0.224195 0.139507 0.014161
v -0.237670 0.153985 0.010240
v -0.237531 0.155219 0.014572
v -0.261472 0.179520 0.009454
v -0.261190 0.180930 0.015265
v -0.271435 0.191326 0.009632
v -0.271074 0.192736 0.015544
v -0.284095 0.210489 0.009940
v -0.283523 0.211936 0.016000
v -0.290323 0.234894 0.010314
v -0.289277 0.233009 0.016508
v -0.283602 0.256480 0.010643
v -0.282413 0.256337 0.016947
v -0.211041 0.106162 0.018335
v -0.208311 0.118400 0.018115
v -0.205038 0.114698 0.018789
v -0.201643 0.114468 0.019058
v -0.210637 0.126256 0.018555
v -0.207735 0.127342 0.019463
v -0.210185 0.140136 0.020229
v -0.220181 0.141164 0.019203
v -0.221514 0.148281 0.020357
v -0.233554 0.157055 0.019795
v -0.257472 0.183075 0.020724
v -0.265320 0.196796 0.022167
v -0.271712 0.200406 0.021318
v -0.279652 0.213560 0.021752
v -0.279349 0.220024 0.022998
v -0.285316 0.233805 0.022345
v -0.282263 0.234142 0.023484
v -0.278331 0.239600 0.024068
v -0.279817 0.253196 0.023027
v -0.276998 0.251999 0.024156
v -0.269679 0.254996 0.024768
v -0.242520 0.079251 0.004065
v -0.239516 0.074174 0.007336
v -0.244687 0.082298 0.000043
v -0.242038 0.078220 -0.003815
v -0.239746 0.074593 -0.007027
v -0.247471 0.087867 0.005576
v -0.247221 0.087245 -0.004506
v 0.008889 0.010157 -0.100532
v 0.014710 0.010089 -0.099780
v 0.030260 0.010157 -0.096281
v 0.048462 0.010157 -0.088527
v 0.063243 0.010157 -0.078651
v 0.067666 0.010089 -0.074791
v 0.078651 0.010157 -0.063243
v 0.088527 0.010157 -0.048462
v 0.094993 0.010089 -0.033894
v 0.096866 0.010157 -0.028331
v 0.100334 0.010157 -0.010895
v 0.100532 0.010157 0.008889
v 0.097814 0.010089 0.024593
v 0.096281 0.010157 0.030260
v 0.088527 0.010157 0.048462
v 0.078651 0.010157 0.063243
v 0.074791 0.010089 0.067666
v 0.063243 0.010157 0.078651
v 0.048462 0.010157 0.088527
v 0.033894 0.010089 0.094993
v 0.028331 0.010157 0.096866
v 0.010895 0.010157 0.100334
v -0.008889 0.010157 0.100532
v -0.024593 0.010089 0.097814
v -0.030260 0.010157 0.096281
v -0.048462 0.010157 0.088527
v -0.063243 0.010157 0.078651
v -0.067666 0.010089 0.074791
v -0.078651 0.010157 0.063243
v -0.088527 0.010157 0.048462
v -0.094993 0.010089 0.033894
v -0.096866 0.010157 0.028331
v -0.100334 0.010157 0.010895
v -0.100532 0.010157 -0.008889
v -0.097814 0.010089 -0.024593
v -0.096281 0.010157 -0.030260
v -0.088527 0.010157 -0.048462
v -0.078651 0.010157 -0.063243
v -0.074791 0.010089 -0.067666
v -0.063243 0.010157 -0.078651
v -0.048462 0.010157 -0.088527
v -0.033894 0.010089 -0.094993
v -0.028331 0.010157 -0.096866
v -0.010895 0.010157 -0.100334
v 0.023841 0.349181 -0.162015
v 0.008213 0.349185 -0.163553
v 0.016037 0.349415 -0.162827
v 0.007697 0.359120 -0.156968
v 0.055001 0.349185 -0.154246
v 0.047530 0.349220 -0.156687
v 0.039867 0.349378 -0.158707
v 0.052936 0.359145 -0.147956
v 0.045724 0.358592 -0.150732
v 0.038172 0.359120 -0.152451
v 0.077185 0.349227 -0.144402
v 0.084040 0.349382 -0.140408
v 0.070045 0.349384 -0.147888
v 0.097673 0.349194 -0.131440
v 0.109827 0.349385 -0.121305
v 0.103741 0.349384 -0.126550
v 0.105411 0.359387 -0.116303
v 0.131420 0.349181 -0.097703
v 0.126476 0.349418 -0.103796
v 0.121257 0.349357 -0.109906
v 0.140541 0.349191 -0.084053
v 0.147880 0.349378 -0.070063
v 0.144295 0.349417 -0.077127
v 0.142074 0.359120 -0.067180
v 0.154246 0.349185 -0.055001
v 0.158707 0.349378 -0.039867
v 0.156570 0.349414 -0.047495
v 0.152451 0.359120 -0.038172
v 0.150373 0.359145 -0.045616
v 0.147965 0.359120 -0.052958
v 0.163553 0.349195 -0.008177
v 0.162007 0.349193 -0.023880
v 0.162826 0.349420 -0.016037
v 0.156961 0.359127 -0.007694
v 0.156375 0.359152 -0.015402
v 0.162012 0.349185 0.023852
v 0.163553 0.349181 0.008225
v 0.162828 0.349414 0.016037
v 0.155454 0.359120 0.023074
v 0.156383 0.359145 0.015402
v 0.154246 0.349185 0.055001
v 0.156687 0.349220 0.047530
v 0.158710 0.349382 0.039853
v 0.147956 0.359145 0.052936
v 0.150732 0.358592 0.045724
v 0.144402 0.349227 0.077185
v 0.140408 0.349382 0.084040
v 0.147888 0.349384 0.070045
v 0.131440 0.349194 0.097673
v 0.121308 0.349384 0.109825
v 0.126550 0.349384 0.103741
v 0.097671 0.349193 0.131442
v 0.103796 0.349418 0.126476
v 0.109906 0.349357 0.121257
v 0.084053 0.349191 0.140541
v 0.070063 0.349378 0.147880
v 0.077127 0.349417 0.144295
v 0.067180 0.359120 0.142074
v 0.055001 0.349185 0.154246
v 0.039854 0.349382 0.158710
v 0.047495 0.349414 0.156570
v 0.045616 0.359145 0.150373
v 0.052958 0.359120 0.147965
v 0.008213 0.349185 0.163553
v 0.023880 0.349193 0.162007
v 0.016037 0.349420 0.162826
v 0.007697 0.359120 0.156968
v 0.015402 0.359152 0.156375
v -0.023852 0.349185 0.162012
v -0.008225 0.349181 0.163553
v -0.016037 0.349414 0.162828
v -0.023074 0.359120 0.155454
v -0.015402 0.359145 0.156383
v -0.047530 0.349220 0.156687
v -0.055025 0.349378 0.154109
v -0.039848 0.349384 0.158711
v -0.045615 0.359145 0.150373
v -0.077185 0.349227 0.144402
v -0.084033 0.349378 0.140413
v -0.070045 0.349384 0.147888
v -0.080807 0.359120 0.134791
v -0.097673 0.349194 0.131440
v -0.109827 0.349385 0.121305
v -0.103726 0.349378 0.126563
v -0.099686 0.359145 0.121473
v -0.105411 0.359387 0.116303
v -0.131420 0.349181 0.097703
v -0.126476 0.349418 0.103796
v -0.121257 0.349357 0.109906
v -0.140541 0.349191 0.084053
v -0.147880 0.349378 0.070063
v -0.144295 0.349417 0.077127
v -0.142074 0.359120 0.067180
v -0.154246 0.349185 0.055001
v -0.158707 0.349378 0.039867
v -0.156570 0.349414 0.047495
v -0.152451 0.359120 0.038172
v -0.150373 0.359145 0.045616
v -0.147965 0.359120 0.052958
v -0.163553 0.349185 0.008213
v -0.162007 0.349193 0.023880
v -0.162826 0.349420 0.016037
v -0.156968 0.359120 0.007697
v -0.156375 0.359152 0.015402
v -0.162012 0.349185 -0.023852
v -0.163553 0.349181 -0.008225
v -0.162828 0.349414 -0.016037
v -0.155454 0.359120 -0.023074
v -0.156383 0.359145 -0.015402
v -0.154246 0.349185 -0.055001
v -0.156687 0.349220 -0.047530
v -0.158710 0.349382 -0.039853
v -0.147956 0.359145 -0.052936
v -0.150732 0.358592 -0.045724
v -0.144402 0.349227 -0.077185
v -0.140408 0.349382 -0.084040
v -0.147888 0.349384 -0.070045
v -0.131442 0.349193 -0.097670
v -0.121307 0.349384 -0.109825
v -0.126554 0.349382 -0.103736
v -0.097697 0.349188 -0.131424
v -0.103799 0.349415 -0.126474
v -0.109907 0.349354 -0.121257
v -0.084036 0.349185 -0.140552
v -0.070057 0.349380 -0.147883
v -0.077128 0.349417 -0.144295
v -0.055035 0.349195 -0.154233
v -0.039854 0.349382 -0.158710
v -0.047495 0.349417 -0.156570
v -0.008177 0.349195 -0.163553
v -0.016049 0.349232 -0.162947
v -0.023888 0.349195 -0.162006
v -0.007694 0.359127 -0.156961
v 0.014425 0.349782 -0.146455
v 0.098712 0.349850 -0.109194
v 0.109197 0.349850 -0.098708
v 0.145820 0.348698 -0.017988
v 0.146528 0.348697 0.010805
v 0.109193 0.349850 0.098712
v 0.118113 0.349850 0.087844
v 0.098708 0.349850 0.109197
v 0.063106 0.349850 0.132984
v -0.010805 0.348697 0.146528
v -0.098712 0.349850 0.109194
v -0.109197 0.349850 0.098708
v -0.146528 0.348697 -0.010805
v -0.109193 0.349850 -0.098712
v -0.118113 0.349850 -0.087844
v -0.098708 0.349850 -0.109197
v -0.063106 0.349850 -0.132984
v -0.042722 0.349813 -0.140835
v -0.000000 0.000034 -0.000000
v 0.061892 0.000267 -0.014678
v 0.043918 0.000249 0.045312
v -0.054074 0.000270 0.033567
v -0.007944 0.000305 -0.066342
v 0.028268 0.000268 -0.057532
v 0.020940 0.294731 -0.161606
v 0.069637 0.294514 -0.147259
v 0.107194 0.294731 -0.122737
v 0.122737 0.294731 -0.107194
v 0.141291 0.294731 -0.081190
v 0.154415 0.294730 -0.052065
v 0.162586 0.294730 -0.010990
v 0.162586 0.294731 0.010990
v 0.158015 0.294514 0.039570
v 0.147259 0.294514 0.069637
v 0.122737 0.294731 0.107194
v 0.107194 0.294731 0.122737
v 0.081190 0.294731 0.141291
v 0.052065 0.294730 0.154415
v 0.010990 0.294730 0.162586
v -0.010990 0.294731 0.162586
v -0.039570 0.294514 0.158015
v -0.069637 0.294514 0.147259
v -0.107194 0.294731 0.122737
v -0.122737 0.294731 0.107194
v -0.141291 0.294731 0.081190
v -0.154224 0.287464 0.049651
v -0.159000 0.285992 0.039162
v -0.157947 0.292929 0.040442
v -0.166126 0.286406 0.023473
v -0.162486 0.291403 0.023775
v -0.168407 0.287004 0.012126
v -0.164157 0.291640 0.012573
v -0.168032 0.286752 -0.015658
v -0.163772 0.291509 -0.015873
v -0.166126 0.286406 -0.023473
v -0.162486 0.291403 -0.023775
v -0.159000 0.285992 -0.039162
v -0.157948 0.292930 -0.040442
v -0.155159 0.288054 -0.047580
v -0.147259 0.294514 -0.069637
v -0.122737 0.294731 -0.107194
v -0.107194 0.294731 -0.122737
v -0.081190 0.294731 -0.141291
v -0.042498 0.294731 -0.157318
v 0.016117 0.328889 -0.163639
v -0.015920 0.317246 -0.163547
v 0.043936 0.320602 -0.158474
v 0.077465 0.317600 -0.144928
v 0.072369 0.359666 -0.138741
v 0.097785 0.317903 -0.132076
v 0.107434 0.328072 -0.124547
v 0.124850 0.328078 -0.107080
v 0.146805 0.328816 -0.074166
v 0.157357 0.328086 -0.047734
v 0.149409 0.359703 -0.046145
v 0.164143 0.317903 -0.007928
v 0.162536 0.317903 -0.024248
v 0.162536 0.317903 0.024248
v 0.163645 0.328086 0.016118
v 0.155695 0.359703 0.014544
v 0.157256 0.317600 0.047703
v 0.144928 0.317600 0.077465
v 0.138741 0.359666 0.072369
v 0.132076 0.317903 0.097785
v 0.124547 0.328072 0.107434
v 0.107080 0.328078 0.124850
v 0.074166 0.328816 0.146805
v 0.047734 0.328086 0.157357
v 0.046145 0.359703 0.149409
v 0.024248 0.317903 0.162536
v -0.007927 0.317903 0.164143
v -0.016118 0.328086 0.163645
v -0.014544 0.359703 0.155695
v -0.043936 0.320602 0.158474
v -0.045704 0.359701 0.149550
v -0.077465 0.317600 0.144928
v -0.073673 0.359674 0.138024
v -0.097785 0.317903 0.132076
v -0.107434 0.328072 0.124547
v -0.124850 0.328078 0.107080
v -0.146805 0.328816 0.074166
v -0.154683 0.317903 0.055491
v -0.157357 0.328086 0.047734
v -0.149409 0.359703 0.046145
v -0.164143 0.317903 0.007928
v -0.163650 0.321775 0.016118
v -0.163650 0.321775 -0.016118
v -0.164143 0.317903 -0.007927
v -0.155695 0.359703 -0.014544
v -0.156086 0.317511 -0.051568
v -0.144928 0.317600 -0.077465
v -0.138741 0.359666 -0.072369
v -0.132076 0.317903 -0.097785
v -0.124547 0.328072 -0.107434
v -0.107080 0.328078 -0.124850
v -0.074166 0.328816 -0.146805
v -0.074407 0.359703 -0.137536
v -0.044085 0.327397 -0.158467
v -0.046144 0.359703 -0.149409
v 0.008986 0.050523 -0.091239
v 0.006302 0.040042 -0.088049
v -0.008643 0.039978 -0.087751
v 0.028757 0.050649 -0.087042
v 0.041566 0.039978 -0.077764
v 0.056396 0.050649 -0.072268
v 0.069411 0.050649 -0.059877
v 0.080855 0.050523 -0.043218
v 0.077764 0.039978 -0.041566
v 0.090979 0.050649 -0.011223
v 0.091239 0.050523 0.008986
v 0.087042 0.050649 0.028757
v 0.084379 0.039978 0.025596
v 0.079759 0.050649 0.045185
v 0.069411 0.050649 0.059877
v 0.055938 0.039978 0.068161
v 0.045185 0.050649 0.079759
v 0.028757 0.050649 0.087042
v 0.011223 0.050649 0.090979
v 0.008643 0.039978 0.087751
v -0.008986 0.050523 0.091239
v -0.028757 0.050649 0.087042
v -0.023508 0.040010 0.084957
v -0.056396 0.050649 0.072268
v -0.069411 0.050649 0.059877
v -0.068161 0.039978 0.055938
v -0.080855 0.050523 0.043218
v -0.076712 0.040042 0.043677
v -0.090979 0.050649 0.011223
v -0.091239 0.050523 -0.008986
v -0.087042 0.050649 -0.028757
v -0.079759 0.050649 -0.045185
v -0.077764 0.039978 -0.041566
v -0.059877 0.050649 -0.069411
v -0.043218 0.050523 -0.080855
v -0.024447 0.050649 -0.088349
v -0.083935 0.231748 -0.092641
v -0.123661 0.231753 -0.018321
v -0.138035 0.305668 -0.011057
v -0.018321 0.231749 0.123660
v 0.016085 0.305665 0.137539
v 0.123661 0.231753 0.018321
v 0.138035 0.305668 0.011057
v -0.006156 0.231751 -0.124859
v -0.016085 0.305664 -0.137539
v 0.018322 0.231765 -0.123663
v -0.030329 0.023590 -0.099982
v -0.049253 0.023598 -0.092145
v -0.066284 0.023604 -0.080767
v -0.080766 0.023597 -0.066283
v -0.092145 0.023596 -0.049253
v -0.112790 0.064740 -0.027492
v -0.107289 0.061603 -0.035121
v -0.110594 0.063083 -0.029422
v -0.119263 0.074323 -0.028640
v -0.121834 0.080468 -0.029551
v -0.112613 0.074357 -0.033688
v -0.114231 0.079924 -0.034156
v -0.125173 0.096861 -0.030513
v -0.125529 0.102591 -0.030168
v -0.118491 0.101625 -0.035585
v -0.115830 0.106924 -0.040943
v -0.123039 0.112633 -0.030020
v -0.122074 0.117638 -0.030322
v -0.120255 0.121402 -0.036680
v -0.117461 0.116996 -0.042066
v -0.148808 0.238242 -0.036648
v -0.146798 0.236710 -0.039205
v -0.154406 0.248059 -0.038066
v -0.156712 0.254202 -0.039145
v -0.149776 0.253326 -0.045152
v -0.160078 0.270955 -0.040202
v -0.160663 0.276285 -0.039592
v -0.153574 0.272185 -0.046522
v -0.151216 0.280021 -0.053491
v -0.111313 0.055090 -0.009066
v -0.113765 0.059979 -0.015353
v -0.110363 0.054548 -0.015050
v -0.119356 0.064092 -0.016424
v -0.126930 0.117777 -0.012199
v -0.125272 0.122548 -0.016195
v -0.130291 0.112813 -0.017961
v -0.125800 0.117687 -0.018275
v -0.157276 0.237415 -0.012690
v -0.150664 0.233425 -0.020161
v -0.155248 0.237828 -0.021943
v -0.110716 0.055290 0.014911
v -0.113220 0.059752 0.016433
v -0.119356 0.064092 0.016424
v -0.114472 0.059643 0.009712
v -0.121342 0.063630 0.009697
v -0.130291 0.112813 0.017961
v -0.125800 0.117687 0.018275
v -0.132422 0.113369 0.009456
v -0.127225 0.117911 0.009754
v -0.125961 0.122566 0.009886
v -0.150068 0.233220 0.021957
v -0.155248 0.237828 0.021943
v -0.151541 0.233111 0.012513
v -0.157363 0.237200 0.010621
v -0.110594 0.063083 0.029422
v -0.112790 0.064740 0.027492
v -0.112613 0.074357 0.033688
v -0.114231 0.079924 0.034156
v -0.119263 0.074323 0.028640
v -0.121834 0.080468 0.029551
v -0.115830 0.106924 0.040943
v -0.118491 0.101626 0.035585
v -0.125173 0.096861 0.030513
v -0.125529 0.102591 0.030168
v -0.117461 0.116997 0.042066
v -0.120255 0.121402 0.036680
v -0.123039 0.112633 0.030020
v -0.122074 0.117638 0.030322
v -0.146798 0.236710 0.039205
v -0.148808 0.238242 0.036648
v -0.149776 0.253326 0.045152
v -0.154406 0.248059 0.038066
v -0.156712 0.254202 0.039145
v -0.151215 0.280020 0.053491
v -0.153574 0.272185 0.046521
v -0.160078 0.270955 0.040202
v -0.160663 0.276285 0.039592
v -0.092143 0.023585 0.049251
v -0.080767 0.023604 0.066284
v -0.066283 0.023597 0.080766
v -0.049253 0.023596 0.092145
v -0.068960 0.285207 0.145800
v -0.030328 0.023579 0.099979
v -0.010241 0.023604 0.103981
v -0.007915 0.285210 0.161092
v 0.015337 0.023743 0.103383
v 0.010630 0.016440 0.102370
v 0.030330 0.023609 0.099986
v 0.049251 0.023585 0.092143
v 0.066284 0.023604 0.080767
v 0.080766 0.023597 0.066283
v 0.092145 0.023596 0.049253
v 0.145800 0.285207 0.068960
v 0.099979 0.023579 0.030328
v 0.103978 0.023593 0.010241
v 0.161092 0.285210 0.007915
v 0.103383 0.023743 -0.015337
v 0.102370 0.016440 -0.010630
v 0.099986 0.023609 -0.030330
v 0.092143 0.023585 -0.049251
v 0.080767 0.023606 -0.066284
v 0.066283 0.023597 -0.080766
v 0.049253 0.023596 -0.092145
v 0.068960 0.285207 -0.145800
v 0.025393 0.023746 -0.101383
v 0.029355 0.016440 -0.098645
v -0.010241 0.023594 -0.103979
v 0.010241 0.023591 -0.103978
v -0.211957 0.269311 0.027790
v -0.209343 0.272557 0.026995
v -0.188889 0.274255 0.029544
v -0.188181 0.270437 0.030805
v -0.222702 0.255645 0.026383
v -0.209073 0.251893 0.025524
v -0.203250 0.255510 0.027913
v -0.183740 0.255048 0.030394
v -0.181972 0.250089 0.028536
v -0.192938 0.095356 0.019363
v -0.190769 0.092447 0.020303
v -0.159242 0.098946 0.022158
v -0.158237 0.093298 0.023319
v -0.210573 0.078356 0.018649
v -0.183418 0.075105 0.018727
v -0.180166 0.079036 0.020350
v -0.154321 0.079637 0.022564
v -0.152325 0.074783 0.021151
v -0.211553 0.265857 -0.028067
v -0.211487 0.269436 -0.027823
v -0.209343 0.272557 -0.026995
v -0.187680 0.269488 -0.031075
v -0.188889 0.274255 -0.029544
v -0.210552 0.251855 -0.025339
v -0.209746 0.254882 -0.026947
v -0.181972 0.250089 -0.028536
v -0.183396 0.253944 -0.030076
v -0.213949 0.089790 -0.019214
v -0.191674 0.095565 -0.019408
v -0.183956 0.092138 -0.020967
v -0.158260 0.094147 -0.023241
v -0.159242 0.098946 -0.022158
v -0.185457 0.075048 -0.018566
v -0.185551 0.078169 -0.019729
v -0.152325 0.074783 -0.021151
v -0.154834 0.080122 -0.022660
v -0.185515 0.070365 -0.008291
v -0.185384 0.071243 -0.013362
v -0.152008 0.069862 -0.014929
v -0.195105 0.099163 -0.014154
v -0.196230 0.100107 -0.007872
v -0.161748 0.103830 -0.015938
v -0.164123 0.104662 -0.009604
v -0.221958 0.247743 -0.011271
v -0.202715 0.246468 -0.011694
v -0.201709 0.247341 -0.018884
v -0.181909 0.245164 -0.020198
v -0.235147 0.274761 -0.010303
v -0.193809 0.278809 -0.020781
v -0.194717 0.279952 -0.011735
v -0.184622 0.071205 0.013350
v -0.152008 0.069862 0.014929
v -0.153686 0.068884 0.008990
v -0.196583 0.099943 0.008783
v -0.195582 0.099091 0.014151
v -0.161748 0.103830 0.015938
v -0.211604 0.248193 0.018322
v -0.221358 0.247611 0.010015
v -0.202060 0.246284 0.010352
v -0.181909 0.245164 0.020198
v -0.183541 0.244245 0.012076
v -0.233775 0.274801 0.011793
v -0.191644 0.279115 0.021206
v -0.214469 0.090101 0.017605
v -0.213431 0.088242 0.016654
v -0.219991 0.081500 0.012003
v -0.220161 0.080756 0.007594
v -0.208795 0.087828 0.010528
v -0.219876 0.081578 -0.012037
v -0.213922 0.087971 -0.016665
v -0.215303 0.089644 -0.017600
v -0.217665 0.101628 -0.018147
v -0.220325 0.103240 -0.017326
v -0.223845 0.105250 -0.012790
v -0.228288 0.103175 0.012703
v -0.219541 0.103749 0.017327
v -0.228890 0.095972 0.017928
v -0.210314 0.102448 0.018482
v -0.194936 0.109822 0.018240
v -0.194527 0.106567 0.017174
v -0.192976 0.111742 0.017330
v -0.194542 0.129516 0.017867
v -0.268270 0.228916 0.021482
v -0.270497 0.239843 0.023354
v -0.268986 0.239079 0.022074
v -0.261743 0.250086 0.024039
v -0.260529 0.248168 0.022703
v -0.196277 0.098569 0.007025
v -0.192914 0.104186 0.007219
v -0.191098 0.109841 0.007506
v -0.190754 0.121237 0.010981
v -0.191699 0.126847 0.011122
v -0.193254 0.132347 0.011241
v -0.202519 0.150099 0.013392
v -0.201875 0.149817 0.008611
v -0.266157 0.228947 0.014329
v -0.267537 0.237500 0.016106
v -0.267383 0.236788 0.010772
v -0.261992 0.243604 0.009910
v -0.257574 0.245606 0.009633
v -0.250027 0.247154 0.009582
v -0.196203 0.099025 -0.010772
v -0.192904 0.104646 -0.010948
v -0.191150 0.110287 -0.011133
v -0.190847 0.121584 -0.011420
v -0.191832 0.127195 -0.011531
v -0.193429 0.132702 -0.011628
v -0.202103 0.150143 -0.008870
v -0.202609 0.150223 -0.013432
v -0.266524 0.229428 -0.015537
v -0.267498 0.237576 -0.015999
v -0.261839 0.243948 -0.014310
v -0.257569 0.245676 -0.010457
v -0.250123 0.247224 -0.010622
v -0.194527 0.106567 -0.017174
v -0.194958 0.109795 -0.018248
v -0.192976 0.111742 -0.017330
v -0.194591 0.129635 -0.017881
v -0.204389 0.148940 -0.018491
v -0.268333 0.229165 -0.021473
v -0.270556 0.230434 -0.022808
v -0.268972 0.239087 -0.022067
v -0.269592 0.242060 -0.023493
v -0.260648 0.248075 -0.022666
v -0.257668 0.252490 -0.024555
v -0.206088 0.111628 -0.018614
v -0.211668 0.109507 -0.017608
v -0.202490 0.112562 -0.018953
v -0.208633 0.113577 -0.017835
v -0.281606 0.227642 -0.023254
v -0.283576 0.223565 -0.022063
v -0.284098 0.243739 -0.022703
v -0.272234 0.260999 -0.023357
v -0.213881 0.112035 -0.013013
v -0.216802 0.110509 -0.008147
v -0.214572 0.112610 -0.007996
v -0.212399 0.114929 -0.013179
v -0.213607 0.114513 -0.007648
v -0.213694 0.122678 -0.013576
v -0.214481 0.121580 -0.008432
v -0.278184 0.200836 -0.011126
v -0.287506 0.222216 -0.016128
v -0.288171 0.221240 -0.011441
v -0.290090 0.228542 -0.008625
v -0.288731 0.240947 -0.016604
v -0.290125 0.240017 -0.008806
v -0.286628 0.248841 -0.016765
v -0.288923 0.245639 -0.008865
v -0.286900 0.251053 -0.008903
v -0.278513 0.260783 -0.017070
v -0.280121 0.260901 -0.009063
v -0.272664 0.264796 -0.017248
v -0.274266 0.265125 -0.009307
v -0.265340 0.268856 -0.009598
v -0.214468 0.112680 0.008239
v -0.212635 0.114029 0.013061
v -0.213500 0.114562 0.008225
v -0.214414 0.121956 0.009564
v -0.213739 0.122771 0.013575
v -0.278365 0.200731 0.009779
v -0.277928 0.202171 0.015770
v -0.287289 0.218106 0.010040
v -0.287528 0.222335 0.016162
v -0.288943 0.223606 0.010122
v -0.289988 0.229220 0.010213
v -0.289863 0.240566 0.010412
v -0.288731 0.240947 0.016604
v -0.288589 0.246129 0.010495
v -0.286531 0.249004 0.016865
v -0.286502 0.251473 0.010564
v -0.279697 0.261059 0.010777
v -0.278513 0.260783 0.017070
v -0.273811 0.265206 0.010949
v -0.272664 0.264796 0.017248
v -0.264800 0.268895 0.011156
v -0.211668 0.109507 0.017608
v -0.208640 0.113655 0.017832
v -0.283535 0.223460 0.022067
v -0.284086 0.243766 0.022708
v -0.281091 0.243361 0.023821
v -0.272104 0.261048 0.023380
v -0.269388 0.259382 0.024525
v -0.260307 0.265800 0.023873
v -0.248279 0.090007 0.010211
v -0.239103 0.074310 -0.011039
v -0.248386 0.090098 -0.009977
vn 0.6679 0.7440 -0.0188
vn 0.3459 0.9350 -0.0787
vn 0.3504 0.9366 0.0002
vn -0.2992 0.9357 -0.1870
vn -0.1472 0.9883 -0.0400
vn -0.1185 0.9882 -0.0975
vn -0.6094 0.7473 -0.2649
vn -0.5657 0.7457 -0.3520
vn -0.3294 0.9353 -0.1295
vn -0.0514 0.9983 -0.0276
vn -0.0409 0.9992 0.0047
vn -0.0193 0.9992 -0.0353
vn 0.3537 0.9309 0.0917
vn 0.1548 0.9878 -0.0166
vn 0.1486 0.9880 0.0420
vn 0.6556 0.7449 0.1235
vn -0.4936 0.7438 -0.4507
vn -0.2467 0.9363 -0.2499
vn 0.6066 0.7497 0.2647
vn 0.0444 0.9989 0.0153
vn 0.0398 0.9992 -0.0031
vn 0.0294 0.9992 0.0284
vn -0.2045 0.9359 -0.2867
vn -0.0762 0.9880 -0.1347
vn -0.3787 0.7465 -0.5471
vn 0.3076 0.9346 0.1787
vn 0.1228 0.9877 0.0965
vn 0.5420 0.7475 0.3841
vn -0.2520 0.7468 -0.6155
vn -0.1408 0.9367 -0.3206
vn -0.0385 0.9877 0.1514
vn 0.0165 0.9984 0.0541
vn -0.0124 0.9992 0.0386
vn -0.1018 0.7444 0.6599
vn 0.0031 0.9364 0.3510
vn -0.0594 0.9340 0.3522
vn 0.0183 0.9884 0.1509
vn 0.2540 0.9356 0.2452
vn 0.4564 0.7441 0.4879
vn -0.0863 0.9342 -0.3461
vn -0.0204 0.9879 -0.1535
vn -0.1025 0.7445 -0.6597
vn -0.2108 0.7465 0.6312
vn -0.1336 0.9369 0.3230
vn 0.2080 0.9357 0.2851
vn 0.0764 0.9881 0.1336
vn 0.3518 0.7441 0.5679
vn -0.0039 0.9346 -0.3556
vn 0.0305 0.7490 -0.6619
vn -0.1849 0.9365 0.2980
vn -0.0932 0.9883 0.1210
vn -0.3082 0.7509 0.5841
vn -0.3964 0.7489 0.5311
vn 0.1431 0.9346 0.3256
vn 0.2246 0.7421 0.6315
vn 0.0590 0.9349 -0.3500
vn 0.0268 0.9890 -0.1457
vn 0.1472 0.7472 -0.6481
vn 0.0017 0.9988 -0.0492
vn 0.0265 0.9990 -0.0371
vn -0.2454 0.9361 0.2521
vn -0.4841 0.7466 0.4563
vn 0.0828 0.9330 0.3503
vn 0.0883 0.7485 0.6572
vn 0.1240 0.9346 -0.3334
vn 0.0692 0.9881 -0.1374
vn 0.2707 0.7481 -0.6059
vn -0.2861 0.9347 0.2109
vn -0.1354 0.9882 0.0721
vn -0.5683 0.7454 0.3484
vn -0.0452 0.9983 0.0367
vn -0.0123 0.7485 0.6630
vn 0.1914 0.9356 -0.2968
vn 0.3819 0.7466 -0.5447
vn -0.3267 0.9351 0.1374
vn -0.6165 0.7507 0.2374
vn 0.2390 0.9357 -0.2596
vn 0.1167 0.9881 -0.1000
vn 0.4801 0.7464 -0.4608
vn -0.3427 0.9361 0.0797
vn -0.1540 0.9879 0.0188
vn -0.6499 0.7457 0.1468
vn 0.2914 0.9346 -0.2038
vn 0.5678 0.7460 -0.3480
vn 0.0420 0.9989 -0.0220
vn -0.6679 0.7440 0.0188
vn -0.3525 0.9358 0.0019
vn 0.3273 0.9339 -0.1438
vn 0.1387 0.9885 -0.0608
vn 0.6171 0.7494 -0.2399
vn -0.3460 0.9368 -0.0523
vn -0.6529 0.7464 -0.1286
vn 0.6499 0.7457 -0.1468
vn 0.0468 -0.2569 -0.9653
vn -0.0297 -0.4801 -0.8767
vn 0.0041 -0.2511 -0.9680
vn 0.1336 -0.2596 -0.9564
vn 0.0742 -0.4798 -0.8743
vn 0.1255 -0.4915 -0.8618
vn 0.2041 -0.3707 -0.9061
vn 0.0227 -0.5323 -0.8462
vn 0.1052 -0.8634 -0.4935
vn 0.0069 -0.8636 -0.5042
vn 0.0008 -0.9962 -0.0876
vn 0.0176 -0.9962 -0.0853
vn 0.2667 -0.4853 -0.8327
vn 0.1813 -0.5770 -0.7964
vn 0.2742 -0.2582 -0.9264
vn 0.1936 -0.2426 -0.9506
vn 0.3283 -0.2529 -0.9101
vn 0.3726 -0.3734 -0.8495
vn 0.3293 -0.5749 -0.7490
vn 0.2903 -0.5623 -0.7743
vn 0.1996 -0.8635 -0.4632
vn 0.0340 -0.9962 -0.0807
vn 0.4164 -0.4795 -0.7724
vn 0.4218 -0.2499 -0.8716
vn 0.3688 -0.2443 -0.8968
vn 0.4908 -0.2617 -0.8310
vn 0.4876 -0.4779 -0.7307
vn 0.3988 -0.6304 -0.6660
vn 0.2861 -0.8637 -0.4150
vn 0.0494 -0.9962 -0.0714
vn 0.5803 -0.2618 -0.7712
vn 0.5385 -0.2460 -0.8059
vn 0.5833 -0.4830 -0.6531
vn 0.5591 -0.4768 -0.6783
vn 0.6458 -0.2536 -0.7202
vn 0.6732 -0.3716 -0.6393
vn 0.3582 -0.8642 -0.3532
vn 0.4633 -0.6264 -0.6269
vn 0.0841 -0.9940 -0.0699
vn 0.6803 -0.4801 -0.5538
vn 0.5932 -0.5770 -0.5615
vn 0.7230 -0.2496 -0.6442
vn 0.6838 -0.2444 -0.6875
vn 0.7705 -0.2614 -0.5813
vn 0.7300 -0.4777 -0.4888
vn 0.6233 -0.6304 -0.4627
vn 0.4194 -0.8676 -0.2671
vn 0.8311 -0.2616 -0.4907
vn 0.8053 -0.2461 -0.5393
vn 0.8473 -0.3721 -0.3789
vn 0.7740 -0.4792 -0.4138
vn 0.4679 -0.8637 -0.1874
vn 0.6679 -0.6264 -0.4019
vn 0.0826 -0.9960 -0.0341
vn 0.0196 -0.9997 -0.0143
vn 0.9115 -0.2598 -0.3190
vn 0.8963 -0.2416 -0.3719
vn 0.9378 -0.2536 -0.2371
vn 0.8639 -0.4737 -0.1709
vn 0.8429 -0.4800 -0.2432
vn 0.7529 -0.6304 -0.1890
vn 0.8221 -0.4883 -0.2928
vn 0.7431 -0.5794 -0.3348
vn 0.4958 -0.8637 -0.0912
vn 0.0856 -0.9962 -0.0158
vn 0.9600 -0.2594 -0.1053
vn 0.9506 -0.2505 -0.1834
vn 0.8780 -0.4775 -0.0330
vn 0.8694 -0.4848 -0.0959
vn 0.5028 -0.8644 0.0035
vn 0.7709 -0.6264 -0.1157
vn 0.1089 -0.9940 0.0101
vn 0.9629 -0.2648 0.0513
vn 0.9686 -0.2488 -0.0005
vn 0.9150 -0.3721 0.1558
vn 0.8739 -0.4790 0.0828
vn 0.8462 -0.5323 0.0227
vn 0.4860 -0.8674 0.1074
vn 0.9349 -0.2597 0.2419
vn 0.9517 -0.2417 0.1894
vn 0.9115 -0.2539 0.3236
vn 0.8495 -0.3734 0.3726
vn 0.8356 -0.4801 0.2669
vn 0.7490 -0.5749 0.3293
vn 0.7743 -0.5623 0.2902
vn 0.8464 -0.4881 0.2131
vn 0.8038 -0.5795 0.1344
vn 0.4630 -0.8638 0.1987
vn 0.0822 -0.9960 0.0343
vn 0.0236 -0.9997 0.0039
vn 0.7724 -0.4796 0.4164
vn 0.8716 -0.2499 0.4217
vn 0.8968 -0.2443 0.3688
vn 0.8311 -0.2617 0.4908
vn 0.7307 -0.4779 0.4876
vn 0.6660 -0.6304 0.3988
vn 0.4150 -0.8637 0.2861
vn 0.0721 -0.9962 0.0487
vn 0.7712 -0.2618 0.5803
vn 0.8059 -0.2460 0.5385
vn 0.6531 -0.4830 0.5833
vn 0.6783 -0.4768 0.5591
vn 0.7201 -0.2535 0.6459
vn 0.6393 -0.3716 0.6732
vn 0.3519 -0.8634 0.3616
vn 0.6269 -0.6264 0.4633
vn 0.0615 -0.9962 0.0623
vn 0.5538 -0.4801 0.6803
vn 0.5615 -0.5770 0.5932
vn 0.6443 -0.2496 0.7229
vn 0.6875 -0.2447 0.6838
vn 0.5813 -0.2614 0.7705
vn 0.4888 -0.4777 0.7300
vn 0.4627 -0.6304 0.6233
vn 0.2740 -0.8637 0.4231
vn 0.0477 -0.9962 0.0728
vn 0.4907 -0.2616 0.8311
vn 0.5393 -0.2461 0.8053
vn 0.3789 -0.3721 0.8473
vn 0.4138 -0.4792 0.7740
vn 0.1868 -0.8634 0.4687
vn 0.4019 -0.6264 0.6679
vn 0.0327 -0.9962 0.0803
vn 0.3190 -0.2598 0.9115
vn 0.3719 -0.2416 0.8963
vn 0.2371 -0.2536 0.9378
vn 0.1709 -0.4737 0.8639
vn 0.2432 -0.4800 0.8429
vn 0.1890 -0.6304 0.7529
vn 0.2928 -0.4883 0.8221
vn 0.3348 -0.5795 0.7431
vn 0.0912 -0.8637 0.4958
vn 0.0166 -0.9962 0.0860
vn 0.1053 -0.2594 0.9600
vn 0.1834 -0.2505 0.9506
vn 0.0329 -0.4774 0.8781
vn 0.0959 -0.4848 0.8694
vn -0.0069 -0.8636 0.5042
vn 0.1157 -0.6264 0.7708
vn -0.0008 -0.9962 0.0876
vn -0.0514 -0.2649 0.9629
vn 0.0006 -0.2479 0.9688
vn -0.1558 -0.3721 0.9150
vn -0.0828 -0.4790 0.8739
vn -0.0227 -0.5323 0.8463
vn -0.1051 -0.8634 0.4934
vn -0.0176 -0.9962 0.0854
vn -0.2419 -0.2597 0.9349
vn -0.1894 -0.2417 0.9517
vn -0.3236 -0.2539 0.9115
vn -0.3726 -0.3734 0.8495
vn -0.2669 -0.4801 0.8356
vn -0.3293 -0.5749 0.7490
vn -0.2903 -0.5623 0.7743
vn -0.2131 -0.4881 0.8464
vn -0.1344 -0.5795 0.8038
vn -0.1996 -0.8635 0.4632
vn -0.0340 -0.9961 0.0808
vn -0.4164 -0.4795 0.7724
vn -0.4218 -0.2499 0.8716
vn -0.3688 -0.2443 0.8968
vn -0.4908 -0.2617 0.8310
vn -0.4876 -0.4779 0.7307
vn -0.3988 -0.6304 0.6660
vn -0.2861 -0.8637 0.4150
vn -0.0493 -0.9962 0.0724
vn -0.5803 -0.2618 0.7712
vn -0.5385 -0.2460 0.8059
vn -0.5833 -0.4830 0.6531
vn -0.5591 -0.4768 0.6783
vn -0.6458 -0.2536 0.7202
vn -0.6732 -0.3716 0.6393
vn -0.3616 -0.8634 0.3519
vn -0.4633 -0.6264 0.6269
vn -0.0620 -0.9962 0.0612
vn -0.6803 -0.4801 0.5538
vn -0.5932 -0.5770 0.5615
vn -0.7230 -0.2496 0.6442
vn -0.6839 -0.2443 0.6875
vn -0.7705 -0.2614 0.5813
vn -0.7300 -0.4777 0.4888
vn -0.6233 -0.6304 0.4627
vn -0.4231 -0.8637 0.2740
vn -0.0730 -0.9962 0.0475
vn -0.8311 -0.2616 0.4907
vn -0.8053 -0.2461 0.5393
vn -0.8479 -0.3720 0.3778
vn -0.7740 -0.4792 0.4138
vn -0.4661 -0.8643 0.1893
vn -0.6679 -0.6264 0.4019
vn -0.1044 -0.9940 0.0323
vn -0.9105 -0.2538 0.3265
vn -0.8967 -0.2465 0.3676
vn -0.9247 -0.2547 0.2828
vn -0.8256 -0.4820 0.2933
vn -0.9386 -0.2555 0.2317
vn -0.8625 -0.4759 0.1721
vn -0.8410 -0.4824 0.2449
vn -0.7529 -0.6304 0.1890
vn -0.7431 -0.5794 0.3348
vn -0.4897 -0.8676 0.0863
vn -0.9562 -0.2553 0.1432
vn -0.9490 -0.2516 0.1899
vn -0.9626 -0.2536 0.0949
vn -0.8709 -0.4825 0.0930
vn -0.8782 -0.4772 0.0330
vn -0.5037 -0.8638 -0.0060
vn -0.7709 -0.6264 0.1157
vn -0.0890 -0.9960 -0.0002
vn -0.0234 -0.9997 0.0055
vn -0.9651 -0.2585 -0.0426
vn -0.9674 -0.2531 -0.0022
vn -0.9625 -0.2544 -0.0941
vn -0.8726 -0.4824 -0.0762
vn -0.9142 -0.3728 -0.1591
vn -0.8462 -0.5323 -0.0227
vn -0.4934 -0.8634 -0.1051
vn -0.0852 -0.9962 -0.0173
vn -0.9385 -0.2542 -0.2336
vn -0.9498 -0.2465 -0.1927
vn -0.9256 -0.2547 -0.2799
vn -0.8494 -0.4820 -0.2148
vn -0.9096 -0.2555 -0.3276
vn -0.8492 -0.3738 -0.3730
vn -0.8351 -0.4823 -0.2645
vn -0.7490 -0.5749 -0.3293
vn -0.7743 -0.5623 -0.2902
vn -0.8038 -0.5795 -0.1344
vn -0.4632 -0.8635 -0.1996
vn -0.0807 -0.9962 -0.0341
vn -0.7724 -0.4796 -0.4164
vn -0.8719 -0.2496 -0.4213
vn -0.8967 -0.2460 -0.3680
vn -0.8311 -0.2617 -0.4908
vn -0.7307 -0.4779 -0.4876
vn -0.6660 -0.6304 -0.3988
vn -0.4150 -0.8637 -0.2861
vn -0.0713 -0.9962 -0.0494
vn -0.7712 -0.2618 -0.5803
vn -0.8059 -0.2460 -0.5385
vn -0.6531 -0.4830 -0.5833
vn -0.6783 -0.4768 -0.5591
vn -0.7201 -0.2536 -0.6458
vn -0.6393 -0.3716 -0.6732
vn -0.3532 -0.8642 -0.3582
vn -0.6269 -0.6264 -0.4633
vn -0.0699 -0.9940 -0.0841
vn -0.5538 -0.4801 -0.6803
vn -0.5615 -0.5770 -0.5932
vn -0.6442 -0.2496 -0.7230
vn -0.6875 -0.2445 -0.6838
vn -0.5813 -0.2614 -0.7705
vn -0.4888 -0.4777 -0.7300
vn -0.4627 -0.6304 -0.6233
vn -0.2671 -0.8676 -0.4194
vn -0.4907 -0.2616 -0.8311
vn -0.5393 -0.2461 -0.8053
vn -0.3789 -0.3721 -0.8473
vn -0.4138 -0.4792 -0.7740
vn -0.1874 -0.8637 -0.4679
vn -0.4019 -0.6264 -0.6679
vn -0.0343 -0.9960 -0.0828
vn -0.0141 -0.9997 -0.0193
vn -0.3186 -0.2597 -0.9116
vn -0.3715 -0.2417 -0.8964
vn -0.2370 -0.2536 -0.9378
vn -0.1722 -0.4748 -0.8631
vn -0.2432 -0.4801 -0.8428
vn -0.1890 -0.6304 -0.7529
vn -0.2929 -0.4882 -0.8221
vn -0.3348 -0.5795 -0.7431
vn -0.0912 -0.8637 -0.4958
vn -0.0166 -0.9961 -0.0863
vn -0.1399 -0.2536 -0.9571
vn -0.1889 -0.2495 -0.9498
vn -0.0538 -0.2582 -0.9646
vn -0.0947 -0.4800 -0.8721
vn -0.1157 -0.6264 -0.7709
vn 0.0725 0.0477 -0.9962
vn 0.0452 0.0795 -0.9958
vn 0.1016 0.0938 -0.9904
vn 0.1406 0.0544 -0.9886
vn 0.1729 0.0227 -0.9847
vn 0.0006 0.0522 -0.9986
vn 0.0817 0.5539 -0.8286
vn 0.1147 0.6769 -0.7270
vn 0.1223 0.5533 -0.8240
vn 0.0287 0.7462 -0.6651
vn 0.0650 0.6865 -0.7242
vn 0.1360 0.7325 -0.6670
vn 0.1619 0.5532 -0.8171
vn 0.0411 0.5535 -0.8319
vn 0.0001 0.5536 -0.8328
vn 0.3171 0.0284 -0.9480
vn 0.3791 0.0477 -0.9241
vn 0.4010 0.0123 -0.9160
vn 0.2419 0.0532 -0.9688
vn 0.2895 0.0663 -0.9549
vn 0.1920 0.0597 -0.9796
vn 0.2443 0.1026 -0.9643
vn 0.2421 0.5536 -0.7969
vn 0.2433 0.6946 -0.6770
vn 0.2799 0.5535 -0.7844
vn 0.1601 0.7317 -0.6625
vn 0.2278 0.6162 -0.7540
vn 0.2027 0.5538 -0.8076
vn 0.2425 0.7742 -0.5847
vn 0.3182 0.5539 -0.7693
vn 0.2067 0.7074 -0.6759
vn 0.4787 0.0799 -0.8743
vn 0.5073 0.0970 -0.8563
vn 0.5307 0.0578 -0.8456
vn 0.4510 0.0497 -0.8911
vn 0.4226 0.0944 -0.9014
vn 0.3924 0.5541 -0.7341
vn 0.3539 0.7303 -0.5844
vn 0.4273 0.5541 -0.7144
vn 0.3560 0.5542 -0.7524
vn 0.3077 0.6921 -0.6529
vn 0.3513 0.6778 -0.6459
vn 0.3890 0.7081 -0.5893
vn 0.4630 0.5540 -0.6919
vn 0.5953 0.0604 -0.8012
vn 0.6285 0.0981 -0.7716
vn 0.6533 0.0623 -0.7546
vn 0.7063 0.0591 -0.7054
vn 0.7071 0.0210 -0.7068
vn 0.5956 0.0257 -0.8029
vn 0.4963 0.5538 -0.6686
vn 0.4706 0.6123 -0.6353
vn 0.4570 0.6933 -0.5572
vn 0.5275 0.5542 -0.6439
vn 0.5589 0.5544 -0.6166
vn 0.5196 0.6777 -0.5203
vn 0.5888 0.5537 -0.5888
vn 0.4154 0.7856 -0.4586
vn 0.4248 0.6999 -0.5742
vn 0.7560 0.0626 -0.6516
vn 0.7358 0.0999 -0.6698
vn 0.7698 0.1058 -0.6294
vn 0.8045 0.0230 -0.5935
vn 0.8285 0.0525 -0.5575
vn 0.8461 0.0245 -0.5324
vn 0.8009 0.0576 -0.5961
vn 0.6440 0.5540 -0.5276
vn 0.4990 0.7829 -0.3714
vn 0.6688 0.5537 -0.4961
vn 0.6166 0.5537 -0.5597
vn 0.5897 0.6071 -0.5327
vn 0.5506 0.7019 -0.4519
vn 0.6299 0.6516 -0.4227
vn 0.6924 0.5540 -0.4622
vn 0.5358 0.6861 -0.4921
vn 0.8917 0.0638 -0.4482
vn 0.8595 0.0556 -0.5082
vn 0.8756 0.1086 -0.4706
vn 0.9213 0.0552 -0.3850
vn 0.9314 0.0244 -0.3632
vn 0.7335 0.5545 -0.3930
vn 0.7015 0.5752 -0.4207
vn 0.6669 0.6553 -0.3547
vn 0.7528 0.5538 -0.3558
vn 0.6303 0.7325 -0.2573
vn 0.7698 0.5533 -0.3182
vn 0.6680 0.6772 -0.3085
vn 0.7133 0.5552 -0.4277
vn 0.9557 0.0604 -0.2882
vn 0.9635 0.0992 -0.2487
vn 0.9742 0.0579 -0.2180
vn 0.9396 0.0615 -0.3366
vn 0.9530 0.1101 -0.2823
vn 0.7966 0.5540 -0.2420
vn 0.6726 0.7210 -0.1666
vn 0.8075 0.5539 -0.2028
vn 0.6427 0.7286 -0.2369
vn 0.6990 0.6841 -0.2085
vn 0.7842 0.5535 -0.2806
vn 0.7217 0.6761 -0.1483
vn 0.8165 0.5544 -0.1614
vn 0.9962 0.0501 -0.0708
vn 0.9875 0.0525 -0.1487
vn 0.9901 0.0967 -0.1017
vn 0.9919 0.0128 -0.1260
vn 0.9963 0.0775 -0.0385
vn 0.9966 0.0820 -0.0065
vn 0.9987 0.0447 0.0226
vn 0.8226 0.5554 -0.1217
vn 0.8109 0.5726 -0.1205
vn 0.8315 0.5540 -0.0411
vn 0.6792 0.7339 0.0033
vn 0.8327 0.5538 -0.0000
vn 0.8280 0.5546 -0.0822
vn 0.7347 0.6777 -0.0293
vn 0.7515 0.6557 -0.0726
vn 0.9911 0.0498 0.1231
vn 0.9955 0.0742 0.0586
vn 0.9909 0.0966 0.0935
vn 0.9847 0.0785 0.1553
vn 0.9776 0.0918 0.1896
vn 0.9735 0.0574 0.2212
vn 0.8319 0.5533 0.0416
vn 0.6844 0.7286 0.0272
vn 0.8238 0.5536 0.1219
vn 0.7249 0.6747 0.1388
vn 0.8168 0.5538 0.1617
vn 0.8286 0.5538 0.0816
vn 0.6855 0.7207 0.1037
vn 0.7256 0.6841 0.0749
vn 0.9491 0.0283 0.3136
vn 0.9241 0.0477 0.3791
vn 0.9160 0.0123 0.4010
vn 0.9569 0.0609 0.2840
vn 0.9642 0.0970 0.2467
vn 0.7969 0.5533 0.2425
vn 0.6770 0.6946 0.2433
vn 0.7844 0.5535 0.2799
vn 0.8072 0.5544 0.2026
vn 0.7550 0.6135 0.2314
vn 0.7944 0.5738 0.1992
vn 0.5847 0.7742 0.2425
vn 0.7693 0.5539 0.3182
vn 0.6851 0.6962 0.2144
vn 0.8743 0.0799 0.4787
vn 0.8563 0.0970 0.5073
vn 0.8456 0.0578 0.5307
vn 0.8911 0.0497 0.4510
vn 0.9014 0.0944 0.4226
vn 0.7341 0.5541 0.3924
vn 0.5844 0.7303 0.3539
vn 0.7144 0.5541 0.4273
vn 0.7524 0.5542 0.3560
vn 0.6529 0.6921 0.3077
vn 0.6459 0.6778 0.3513
vn 0.5893 0.7081 0.3890
vn 0.6919 0.5540 0.4630
vn 0.8012 0.0604 0.5953
vn 0.7716 0.0981 0.6285
vn 0.7546 0.0622 0.6533
vn 0.7054 0.0591 0.7063
vn 0.7068 0.0210 0.7071
vn 0.8029 0.0257 0.5956
vn 0.6686 0.5538 0.4963
vn 0.6353 0.6123 0.4706
vn 0.5573 0.6931 0.4572
vn 0.6436 0.5544 0.5276
vn 0.4593 0.7851 0.4157
vn 0.6168 0.5545 0.5586
vn 0.5203 0.6777 0.5196
vn 0.5889 0.5537 0.5887
vn 0.5742 0.6999 0.4248
vn 0.6516 0.0626 0.7560
vn 0.6698 0.0999 0.7358
vn 0.6292 0.1057 0.7700
vn 0.5935 0.0230 0.8045
vn 0.5575 0.0525 0.8285
vn 0.5324 0.0245 0.8461
vn 0.5959 0.0577 0.8010
vn 0.5597 0.5537 0.6166
vn 0.5327 0.6071 0.5897
vn 0.5276 0.5542 0.6438
vn 0.4519 0.7018 0.5507
vn 0.3708 0.7839 0.4980
vn 0.4960 0.5542 0.6685
vn 0.4226 0.6520 0.6295
vn 0.4619 0.5541 0.6925
vn 0.4921 0.6861 0.5358
vn 0.4482 0.0638 0.8917
vn 0.5082 0.0556 0.8595
vn 0.4706 0.1086 0.8756
vn 0.3850 0.0552 0.9213
vn 0.3632 0.0244 0.9314
vn 0.3930 0.5545 0.7335
vn 0.4207 0.5752 0.7015
vn 0.3547 0.6553 0.6669
vn 0.3558 0.5538 0.7528
vn 0.2573 0.7325 0.6302
vn 0.3182 0.5533 0.7698
vn 0.3085 0.6772 0.6680
vn 0.4277 0.5552 0.7133
vn 0.2882 0.0604 0.9557
vn 0.2486 0.0992 0.9635
vn 0.2192 0.0579 0.9740
vn 0.3366 0.0615 0.9396
vn 0.2823 0.1101 0.9530
vn 0.2085 0.6841 0.6990
vn 0.1664 0.7213 0.6723
vn 0.2026 0.5540 0.8075
vn 0.2421 0.5539 0.7966
vn 0.2369 0.7286 0.6427
vn 0.2806 0.5535 0.7842
vn 0.1483 0.6759 0.7219
vn 0.1613 0.5544 0.8164
vn 0.1245 0.0502 0.9909
vn 0.1554 0.0785 0.9847
vn 0.0935 0.0968 0.9909
vn 0.0699 0.0131 0.9975
vn 0.0088 0.0465 0.9989
vn -0.0194 0.0242 0.9995
vn 0.0447 0.0473 0.9979
vn 0.0821 0.5545 0.8281
vn 0.0294 0.6770 0.7354
vn 0.0410 0.5535 0.8319
vn 0.1217 0.5554 0.8226
vn 0.1205 0.5726 0.8109
vn -0.0034 0.7338 0.6793
vn -0.0001 0.5534 0.8329
vn 0.0727 0.6557 0.7515
vn -0.0979 0.0594 0.9934
vn -0.0482 0.0602 0.9970
vn -0.0975 0.1101 0.9891
vn -0.1473 0.0602 0.9873
vn -0.1759 0.0228 0.9841
vn -0.0411 0.5533 0.8320
vn -0.0272 0.7285 0.6845
vn -0.1223 0.5535 0.8238
vn -0.1388 0.6751 0.7246
vn -0.1617 0.5533 0.8171
vn -0.0816 0.5538 0.8286
vn -0.1037 0.7208 0.6854
vn -0.0749 0.6841 0.7256
vn -0.2989 0.0798 0.9509
vn -0.3305 0.0969 0.9388
vn -0.3553 0.0574 0.9330
vn -0.2651 0.0484 0.9630
vn -0.1979 0.0546 0.9787
vn -0.2387 0.0944 0.9665
vn -0.2424 0.5540 0.7964
vn -0.2752 0.5742 0.7710
vn -0.2795 0.5553 0.7833
vn -0.2024 0.5545 0.8072
vn -0.2152 0.6756 0.7052
vn -0.1987 0.5759 0.7930
vn -0.2861 0.6767 0.6784
vn -0.3178 0.5545 0.7691
vn -0.4759 0.0575 0.8776
vn -0.5072 0.0968 0.8563
vn -0.5304 0.0583 0.8458
vn -0.4524 0.0135 0.8917
vn -0.4238 0.0586 0.9039
vn -0.3868 0.0946 0.9173
vn -0.4221 0.1029 0.9007
vn -0.4275 0.5539 0.7144
vn -0.3893 0.7074 0.5899
vn -0.4629 0.5538 0.6921
vn -0.3924 0.5541 0.7342
vn -0.3586 0.7231 0.5903
vn -0.3565 0.5542 0.7522
vn -0.2964 0.7151 0.6330
vn -0.3493 0.6726 0.6524
vn -0.5953 0.0603 0.8012
vn -0.6284 0.0979 0.7717
vn -0.6533 0.0623 0.7545
vn -0.7063 0.0591 0.7054
vn -0.7071 0.0210 0.7068
vn -0.5956 0.0257 0.8029
vn -0.4963 0.5537 0.6687
vn -0.4573 0.6928 0.5576
vn -0.5275 0.5539 0.6441
vn -0.4706 0.6123 0.6353
vn -0.5589 0.5543 0.6167
vn -0.5196 0.6777 0.5203
vn -0.5888 0.5537 0.5888
vn -0.4154 0.7856 0.4586
vn -0.4251 0.6994 0.5746
vn -0.7560 0.0626 0.6516
vn -0.7358 0.0999 0.6698
vn -0.7698 0.1058 0.6294
vn -0.8045 0.0230 0.5935
vn -0.8285 0.0525 0.5575
vn -0.8461 0.0245 0.5324
vn -0.8009 0.0576 0.5961
vn -0.6440 0.5540 0.5276
vn -0.4990 0.7829 0.3714
vn -0.6688 0.5537 0.4961
vn -0.6166 0.5537 0.5597
vn -0.5897 0.6071 0.5327
vn -0.5506 0.7019 0.4519
vn -0.6299 0.6516 0.4227
vn -0.6924 0.5540 0.4622
vn -0.5358 0.6861 0.4921
vn -0.8917 0.0638 0.4482
vn -0.8595 0.0556 0.5082
vn -0.8756 0.1086 0.4706
vn -0.9213 0.0552 0.3850
vn -0.9313 0.0236 0.3635
vn -0.7335 0.5545 0.3930
vn -0.7015 0.5752 0.4207
vn -0.6669 0.6553 0.3547
vn -0.7528 0.5538 0.3558
vn -0.6303 0.7325 0.2573
vn -0.7698 0.5533 0.3182
vn -0.6680 0.6772 0.3085
vn -0.7133 0.5552 0.4277
vn -0.9557 0.0604 0.2882
vn -0.9635 0.0992 0.2487
vn -0.9736 0.0588 0.2206
vn -0.9396 0.0615 0.3366
vn -0.9530 0.1101 0.2823
vn -0.7966 0.5540 0.2420
vn -0.6726 0.7210 0.1666
vn -0.8075 0.5539 0.2028
vn -0.6427 0.7286 0.2369
vn -0.6990 0.6841 0.2085
vn -0.7842 0.5535 0.2806
vn -0.7217 0.6761 0.1483
vn -0.8165 0.5544 0.1614
vn -0.9961 0.0501 0.0729
vn -0.9874 0.0613 0.1459
vn -0.9901 0.0966 0.1018
vn -0.9886 0.0258 0.1483
vn -0.9962 0.0775 0.0386
vn -0.9966 0.0820 0.0066
vn -0.9987 0.0445 -0.0248
vn -0.8281 0.5545 0.0821
vn -0.7354 0.6770 0.0295
vn -0.8318 0.5535 0.0414
vn -0.8226 0.5554 0.1217
vn -0.8109 0.5726 0.1205
vn -0.6791 0.7340 -0.0034
vn -0.8328 0.5536 -0.0001
vn -0.7515 0.6557 0.0727
vn -0.9913 0.0487 -0.1222
vn -0.9955 0.0742 -0.0586
vn -0.9909 0.0966 -0.0935
vn -0.9847 0.0785 -0.1553
vn -0.9776 0.0918 -0.1896
vn -0.9735 0.0574 -0.2212
vn -0.8319 0.5533 -0.0416
vn -0.6844 0.7286 -0.0272
vn -0.8238 0.5536 -0.1219
vn -0.7249 0.6747 -0.1388
vn -0.8168 0.5538 -0.1617
vn -0.8286 0.5538 -0.0816
vn -0.6855 0.7207 -0.1037
vn -0.7256 0.6841 -0.0749
vn -0.9490 0.0276 -0.3141
vn -0.9241 0.0477 -0.3791
vn -0.9168 0.0116 -0.3991
vn -0.9569 0.0609 -0.2840
vn -0.9642 0.0970 -0.2467
vn -0.7969 0.5533 -0.2425
vn -0.6770 0.6946 -0.2433
vn -0.7844 0.5535 -0.2799
vn -0.8072 0.5544 -0.2026
vn -0.7550 0.6135 -0.2314
vn -0.7944 0.5738 -0.1992
vn -0.5847 0.7742 -0.2425
vn -0.7693 0.5539 -0.3182
vn -0.6851 0.6962 -0.2144
vn -0.8743 0.0799 -0.4787
vn -0.8563 0.0970 -0.5073
vn -0.8456 0.0578 -0.5307
vn -0.8911 0.0497 -0.4510
vn -0.9014 0.0944 -0.4226
vn -0.7341 0.5541 -0.3924
vn -0.5844 0.7303 -0.3539
vn -0.7144 0.5541 -0.4273
vn -0.7524 0.5542 -0.3560
vn -0.6529 0.6921 -0.3077
vn -0.6459 0.6778 -0.3513
vn -0.5893 0.7081 -0.3890
vn -0.6919 0.5540 -0.4630
vn -0.8012 0.0603 -0.5953
vn -0.7716 0.0981 -0.6285
vn -0.7546 0.0622 -0.6533
vn -0.7055 0.0590 -0.7063
vn -0.7068 0.0210 -0.7071
vn -0.8029 0.0257 -0.5956
vn -0.6686 0.5538 -0.4963
vn -0.5575 0.6930 -0.4571
vn -0.6440 0.5541 -0.5275
vn -0.6167 0.5542 -0.5591
vn -0.5206 0.6772 -0.5200
vn -0.5890 0.5533 -0.5890
vn -0.6353 0.6123 -0.4706
vn -0.4590 0.7852 -0.4157
vn -0.5742 0.6999 -0.4247
vn -0.6516 0.0625 -0.7560
vn -0.6698 0.0999 -0.7358
vn -0.6293 0.1057 -0.7699
vn -0.5935 0.0230 -0.8045
vn -0.5575 0.0525 -0.8285
vn -0.5324 0.0245 -0.8461
vn -0.5960 0.0576 -0.8009
vn -0.4960 0.5540 -0.6687
vn -0.4522 0.7014 -0.5510
vn -0.3712 0.7832 -0.4988
vn -0.5278 0.5539 -0.6439
vn -0.5327 0.6070 -0.5898
vn -0.5598 0.5535 -0.6166
vn -0.4233 0.6508 -0.6303
vn -0.4622 0.5539 -0.6925
vn -0.4921 0.6861 -0.5359
vn -0.4481 0.0638 -0.8917
vn -0.5081 0.0555 -0.8595
vn -0.4705 0.1087 -0.8757
vn -0.3850 0.0552 -0.9213
vn -0.3596 0.0240 -0.9328
vn -0.3931 0.5544 -0.7336
vn -0.2945 0.7212 -0.6270
vn -0.3558 0.5539 -0.7527
vn -0.4195 0.5779 -0.7001
vn -0.3388 0.6835 -0.6466
vn -0.2867 0.6756 -0.6793
vn -0.3184 0.5533 -0.7697
vn -0.4278 0.5548 -0.7136
vn -0.2658 0.0636 -0.9619
vn -0.3307 0.0556 -0.9421
vn -0.2908 0.1085 -0.9506
vn -0.1973 0.0549 -0.9788
vn -0.1744 0.0227 -0.9844
vn -0.2419 0.5542 -0.7965
vn -0.1664 0.7214 -0.6723
vn -0.2021 0.5541 -0.8075
vn -0.2804 0.5546 -0.7834
vn -0.2062 0.6836 -0.7002
vn -0.1486 0.6762 -0.7216
vn -0.1621 0.5538 -0.8167
vn -0.2752 0.5765 -0.7693
vn -0.0990 0.0254 -0.9948
vn -0.0538 0.0529 -0.9971
vn -0.0254 0.0223 -0.9994
vn -0.1421 0.0525 -0.9885
vn -0.0976 0.0558 -0.9937
vn -0.0822 0.5547 -0.8280
vn -0.1198 0.5731 -0.8107
vn -0.0727 0.6561 -0.7511
vn -0.0412 0.5540 -0.8315
vn 0.0034 0.7342 -0.6789
vn -0.0294 0.6776 -0.7348
vn -0.1212 0.5551 -0.8229
vn -0.1027 0.7771 0.6209
vn -0.1446 0.6575 0.7395
vn -0.1550 0.6978 0.6993
vn -0.0276 0.6627 0.7484
vn -0.0092 0.6797 0.7335
vn -0.0371 0.6557 0.7541
vn -0.0563 0.7761 0.6280
vn -0.1109 0.6557 0.7468
vn -0.0739 0.6549 0.7521
vn -0.0971 0.1990 0.9752
vn -0.1693 0.1901 0.9671
vn -0.1375 0.1993 0.9702
vn -0.0409 0.1912 0.9807
vn -0.1014 0.1834 0.9778
vn -0.0501 0.2004 0.9784
vn 0.0243 0.1904 0.9814
vn -0.1940 0.1996 0.9605
vn -0.1859 0.6575 0.7301
vn -0.1734 0.7848 0.5951
vn -0.2189 0.6561 0.7222
vn -0.2533 0.6560 0.7110
vn -0.2269 0.7551 0.6151
vn -0.2888 0.6562 0.6971
vn -0.2745 0.6936 0.6660
vn -0.2854 0.1990 0.9375
vn -0.3534 0.1917 0.9156
vn -0.3244 0.1993 0.9247
vn -0.2314 0.1912 0.9539
vn -0.2906 0.1836 0.9391
vn -0.2398 0.2004 0.9499
vn -0.3778 0.1996 0.9041
vn -0.2586 0.8316 0.4916
vn -0.3876 0.6564 0.6473
vn -0.3566 0.7317 0.5810
vn -0.2674 0.7709 0.5781
vn -0.3557 0.6562 0.6655
vn -0.4192 0.6563 0.6273
vn -0.3623 0.7489 0.5549
vn -0.3235 0.6560 0.6819
vn -0.4648 0.1973 0.8632
vn -0.5252 0.1917 0.8291
vn -0.4987 0.1993 0.8436
vn -0.4181 0.1847 0.8894
vn -0.4642 0.1855 0.8661
vn -0.4193 0.1976 0.8861
vn -0.5469 0.1996 0.8131
vn -0.3646 0.7934 0.4874
vn -0.4497 0.6563 0.6058
vn -0.5201 0.6218 0.5856
vn -0.5332 0.6566 0.5335
vn -0.4333 0.7873 0.4385
vn -0.4269 0.7513 0.5032
vn -0.5064 0.6563 0.5593
vn -0.4786 0.6563 0.5833
vn -0.6222 0.1950 0.7582
vn -0.6618 0.1846 0.7266
vn -0.6582 0.1976 0.7264
vn -0.5835 0.1846 0.7908
vn -0.6232 0.1872 0.7593
vn -0.5840 0.1976 0.7873
vn -0.7107 0.1917 0.6769
vn -0.6908 0.1996 0.6950
vn -0.6139 0.6377 0.4653
vn -0.6273 0.6564 0.4192
vn -0.4969 0.8004 0.3353
vn -0.4058 0.8382 0.3644
vn -0.5592 0.6566 0.5061
vn -0.5120 0.7562 0.4075
vn -0.5831 0.6563 0.4788
vn -0.6059 0.6562 0.4498
vn -0.7559 0.1973 0.6242
vn -0.7909 0.1846 0.5835
vn -0.7872 0.1976 0.5841
vn -0.7588 0.1855 0.6243
vn -0.8291 0.1917 0.5252
vn -0.8131 0.1996 0.5469
vn -0.5627 0.7846 0.2604
vn -0.6970 0.6563 0.2887
vn -0.6486 0.7141 0.2633
vn -0.6354 0.6658 0.3911
vn -0.6476 0.6561 0.3875
vn -0.5528 0.7768 0.3016
vn -0.6657 0.6559 0.3558
vn -0.6820 0.6561 0.3232
vn -0.8632 0.1973 0.4647
vn -0.8895 0.1846 0.4180
vn -0.8861 0.1976 0.4193
vn -0.8661 0.1855 0.4643
vn -0.9156 0.1917 0.3534
vn -0.9041 0.1996 0.3778
vn -0.6347 0.7363 0.2345
vn -0.7108 0.6561 0.2537
vn -0.6039 0.7763 0.1806
vn -0.7223 0.6559 0.2191
vn -0.7319 0.6561 0.1841
vn -0.6418 0.7500 0.1599
vn -0.8894 0.4243 0.1702
vn -0.5894 0.7988 0.1202
vn -0.9377 0.1996 0.2844
vn -0.9585 0.1908 0.2117
vn -0.9491 0.1993 0.2441
vn -0.9406 0.1838 0.2853
vn -0.6269 0.7763 0.0664
vn -0.9046 0.4233 0.0502
vn -0.6198 0.7843 0.0253
vn -0.7364 0.6660 0.1189
vn -0.8415 0.5315 0.0970
vn -0.9059 0.4235 -0.0026
vn -0.6999 0.7142 -0.0050
vn -0.9492 0.2900 0.1223
vn -0.9807 0.1899 0.0455
vn -0.9719 0.1841 0.1469
vn -0.9776 0.1850 0.1004
vn -0.9816 0.1901 -0.0153
vn -0.6277 0.7757 -0.0653
vn -0.8974 0.4233 -0.1248
vn -0.6539 0.7502 -0.0978
vn -0.7403 0.6559 -0.1474
vn -0.5909 0.7986 -0.1142
vn -0.6763 0.7361 -0.0254
vn -0.8450 0.5306 -0.0664
vn -0.9545 0.2899 -0.0704
vn -0.9679 0.1896 -0.1648
vn -0.9792 0.1837 -0.0861
vn -0.9605 0.1995 -0.1940
vn -0.5082 0.8505 -0.1357
vn -0.7316 0.6565 -0.1839
vn -0.5966 0.7836 -0.1734
vn -0.7221 0.6563 -0.2189
vn -0.7105 0.6564 -0.2536
vn -0.6147 0.7555 -0.2267
vn -0.6969 0.6565 -0.2887
vn -0.6664 0.6932 -0.2747
vn -0.9375 0.1989 -0.2854
vn -0.9156 0.1917 -0.3534
vn -0.9246 0.1993 -0.3245
vn -0.9539 0.1912 -0.2314
vn -0.9391 0.1836 -0.2906
vn -0.9499 0.2004 -0.2398
vn -0.9041 0.1996 -0.3778
vn -0.4927 0.8306 -0.2595
vn -0.6474 0.6560 -0.3880
vn -0.5810 0.7316 -0.3566
vn -0.5781 0.7710 -0.2673
vn -0.6822 0.6561 -0.3227
vn -0.6659 0.6556 -0.3561
vn -0.6276 0.6559 -0.4193
vn -0.5551 0.7487 -0.3624
vn -0.8632 0.1973 -0.4647
vn -0.8291 0.1917 -0.5252
vn -0.8436 0.1993 -0.4986
vn -0.8894 0.1847 -0.4181
vn -0.8661 0.1855 -0.4642
vn -0.8861 0.1976 -0.4193
vn -0.8131 0.1995 -0.5469
vn -0.5855 0.6218 -0.5201
vn -0.5335 0.6566 -0.5332
vn -0.4389 0.7870 -0.4336
vn -0.5032 0.7514 -0.4269
vn -0.5593 0.6563 -0.5064
vn -0.6058 0.6562 -0.4499
vn -0.4876 0.7933 -0.3647
vn -0.5832 0.6563 -0.4787
vn -0.7581 0.1950 -0.6222
vn -0.7266 0.1846 -0.6618
vn -0.7264 0.1976 -0.6583
vn -0.7908 0.1847 -0.5836
vn -0.7594 0.1872 -0.6231
vn -0.7873 0.1976 -0.5840
vn -0.6769 0.1917 -0.7107
vn -0.6950 0.1996 -0.6908
vn -0.4075 0.7562 -0.5120
vn -0.4497 0.6564 -0.6057
vn -0.4668 0.6349 -0.6156
vn -0.4191 0.6565 -0.6272
vn -0.3360 0.7997 -0.4975
vn -0.3644 0.8382 -0.4058
vn -0.5060 0.6566 -0.5592
vn -0.4786 0.6563 -0.5833
vn -0.6242 0.1973 -0.7560
vn -0.5835 0.1846 -0.7909
vn -0.5840 0.1976 -0.7873
vn -0.6243 0.1855 -0.7588
vn -0.5252 0.1917 -0.8291
vn -0.5469 0.1996 -0.8131
vn -0.3924 0.6634 -0.6372
vn -0.3873 0.6564 -0.6474
vn -0.3012 0.7775 -0.5521
vn -0.3557 0.6562 -0.6655
vn -0.2602 0.7852 -0.5619
vn -0.2887 0.6564 -0.6970
vn -0.2632 0.7141 -0.6487
vn -0.3233 0.6563 -0.6818
vn -0.4647 0.1973 -0.8632
vn -0.4180 0.1846 -0.8895
vn -0.4192 0.1976 -0.8861
vn -0.4643 0.1855 -0.8660
vn -0.3534 0.1917 -0.9156
vn -0.3777 0.1996 -0.9042
vn -0.1803 0.7771 -0.6030
vn -0.2345 0.7364 -0.6346
vn -0.2191 0.6559 -0.7223
vn -0.2534 0.6560 -0.7109
vn -0.1851 0.6556 -0.7321
vn -0.1598 0.7501 -0.6417
vn -0.1474 0.6549 -0.7412
vn -0.1207 0.7977 -0.5908
vn -0.2855 0.1990 -0.9375
vn -0.2314 0.1912 -0.9539
vn -0.2399 0.2004 -0.9499
vn -0.2906 0.1836 -0.9391
vn -0.1738 0.1898 -0.9663
vn -0.1941 0.1994 -0.9605
vn -0.1189 0.6629 -0.7392
vn -0.1095 0.6556 -0.7471
vn -0.0671 0.7769 -0.6261
vn -0.0741 0.6557 -0.7513
vn -0.0383 0.6556 -0.7541
vn -0.0254 0.7844 -0.6197
vn 0.0026 0.4235 -0.9059
vn 0.0050 0.7142 -0.7000
vn -0.0989 0.1969 -0.9754
vn -0.0487 0.1853 -0.9815
vn -0.0485 0.1976 -0.9791
vn -0.1080 0.1851 -0.9768
vn 0.0225 0.1918 -0.9812
vn 0.0978 0.7500 -0.6541
vn 0.1470 0.6565 -0.7398
vn 0.1140 0.8001 -0.5890
vn 0.0653 0.7757 -0.6277
vn 0.1248 0.4233 -0.8974
vn 0.0254 0.7361 -0.6764
vn 0.0664 0.5306 -0.8450
vn 0.0703 0.2900 -0.9544
vn 0.1664 0.1892 -0.9677
vn 0.0964 0.1831 -0.9784
vn 0.1941 0.1996 -0.9605
vn 0.1781 0.7770 -0.6038
vn 0.1369 0.8487 -0.5109
vn 0.2192 0.6561 -0.7221
vn 0.2364 0.7315 -0.6395
vn 0.2887 0.6564 -0.6970
vn 0.2318 0.8008 -0.5523
vn 0.1840 0.6566 -0.7314
vn 0.2534 0.6560 -0.7109
vn 0.2854 0.1990 -0.9375
vn 0.3534 0.1917 -0.9156
vn 0.3244 0.1993 -0.9247
vn 0.2314 0.1912 -0.9539
vn 0.2906 0.1836 -0.9391
vn 0.2399 0.2004 -0.9499
vn 0.3778 0.1996 -0.9041
vn 0.2609 0.8240 -0.5029
vn 0.3876 0.6564 -0.6473
vn 0.3470 0.7477 -0.5662
vn 0.3368 0.6370 -0.6934
vn 0.3556 0.6563 -0.6655
vn 0.4192 0.6563 -0.6273
vn 0.3603 0.7534 -0.5501
vn 0.3234 0.6560 -0.6819
vn 0.4648 0.1973 -0.8632
vn 0.5252 0.1917 -0.8291
vn 0.4987 0.1993 -0.8436
vn 0.4180 0.1846 -0.8895
vn 0.4643 0.1855 -0.8661
vn 0.4193 0.1976 -0.8861
vn 0.5469 0.1996 -0.8131
vn 0.3646 0.7934 -0.4874
vn 0.4497 0.6563 -0.6058
vn 0.5201 0.6218 -0.5856
vn 0.5332 0.6566 -0.5335
vn 0.4333 0.7873 -0.4385
vn 0.4269 0.7513 -0.5032
vn 0.5064 0.6563 -0.5593
vn 0.4786 0.6563 -0.5833
vn 0.6222 0.1950 -0.7582
vn 0.6618 0.1846 -0.7266
vn 0.6582 0.1976 -0.7264
vn 0.5835 0.1846 -0.7908
vn 0.6232 0.1872 -0.7593
vn 0.5840 0.1976 -0.7873
vn 0.7107 0.1917 -0.6769
vn 0.6908 0.1996 -0.6950
vn 0.6139 0.6377 -0.4653
vn 0.6273 0.6563 -0.4192
vn 0.4973 0.8000 -0.3357
vn 0.4058 0.8382 -0.3644
vn 0.5592 0.6566 -0.5061
vn 0.5120 0.7562 -0.4075
vn 0.5831 0.6563 -0.4788
vn 0.6059 0.6562 -0.4499
vn 0.7559 0.1973 -0.6242
vn 0.7909 0.1846 -0.5835
vn 0.7872 0.1976 -0.5841
vn 0.7588 0.1855 -0.6243
vn 0.8291 0.1917 -0.5252
vn 0.8131 0.1996 -0.5469
vn 0.5627 0.7846 -0.2604
vn 0.6970 0.6563 -0.2887
vn 0.6486 0.7141 -0.2633
vn 0.6358 0.6653 -0.3914
vn 0.6476 0.6561 -0.3875
vn 0.5528 0.7768 -0.3016
vn 0.6657 0.6559 -0.3558
vn 0.6820 0.6561 -0.3232
vn 0.8632 0.1973 -0.4647
vn 0.8895 0.1846 -0.4180
vn 0.8861 0.1976 -0.4193
vn 0.8661 0.1855 -0.4643
vn 0.9156 0.1917 -0.3534
vn 0.9041 0.1996 -0.3778
vn 0.6347 0.7363 -0.2345
vn 0.7108 0.6561 -0.2537
vn 0.6039 0.7763 -0.1806
vn 0.7223 0.6559 -0.2191
vn 0.7319 0.6561 -0.1841
vn 0.6418 0.7500 -0.1599
vn 0.7401 0.6562 -0.1472
vn 0.5895 0.7988 -0.1203
vn 0.9377 0.1996 -0.2844
vn 0.9576 0.1917 -0.2149
vn 0.9491 0.1993 -0.2441
vn 0.9406 0.1838 -0.2853
vn 0.9616 0.1996 -0.1882
vn 0.7382 0.6641 -0.1186
vn 0.7466 0.6561 -0.1100
vn 0.6261 0.7769 -0.0670
vn 0.7514 0.6557 -0.0741
vn 0.7541 0.6556 -0.0383
vn 0.6197 0.7844 -0.0254
vn 0.9059 0.4235 0.0026
vn 0.6999 0.7142 0.0050
vn 0.9759 0.1967 -0.0943
vn 0.9807 0.1911 -0.0408
vn 0.9784 0.2004 -0.0503
vn 0.9718 0.1847 -0.1465
vn 0.9775 0.1854 -0.1007
vn 0.9697 0.1976 -0.1436
vn 0.9816 0.1901 0.0153
vn 0.6277 0.7757 0.0653
vn 0.8974 0.4233 0.1248
vn 0.6539 0.7502 0.0978
vn 0.7403 0.6559 0.1474
vn 0.5909 0.7986 0.1142
vn 0.6763 0.7361 0.0254
vn 0.8450 0.5306 0.0664
vn 0.9545 0.2899 0.0704
vn 0.9679 0.1896 0.1648
vn 0.9792 0.1837 0.0861
vn 0.9605 0.1995 0.1940
vn 0.5082 0.8505 0.1357
vn 0.7316 0.6565 0.1839
vn 0.5966 0.7836 0.1734
vn 0.7221 0.6563 0.2189
vn 0.7105 0.6564 0.2536
vn 0.6147 0.7555 0.2267
vn 0.6969 0.6565 0.2887
vn 0.6664 0.6932 0.2747
vn 0.9375 0.1989 0.2854
vn 0.9156 0.1917 0.3534
vn 0.9246 0.1993 0.3245
vn 0.9539 0.1912 0.2314
vn 0.9391 0.1836 0.2906
vn 0.9499 0.2004 0.2398
vn 0.9041 0.1996 0.3778
vn 0.4927 0.8306 0.2595
vn 0.6475 0.6560 0.3880
vn 0.5810 0.7316 0.3566
vn 0.5781 0.7710 0.2673
vn 0.6822 0.6561 0.3227
vn 0.6659 0.6556 0.3561
vn 0.6276 0.6559 0.4193
vn 0.5551 0.7487 0.3624
vn 0.8650 0.1950 0.4624
vn 0.8417 0.1846 0.5074
vn 0.8409 0.1976 0.5039
vn 0.8894 0.1847 0.4181
vn 0.8664 0.1872 0.4630
vn 0.8861 0.1976 0.4193
vn 0.8025 0.1917 0.5650
vn 0.8164 0.1995 0.5419
vn 0.5855 0.6218 0.5201
vn 0.5335 0.6566 0.5332
vn 0.4389 0.7870 0.4336
vn 0.5032 0.7514 0.4269
vn 0.5593 0.6563 0.5064
vn 0.6058 0.6562 0.4499
vn 0.4876 0.7933 0.3647
vn 0.5832 0.6563 0.4787
vn 0.7582 0.1989 0.6210
vn 0.7223 0.1912 0.6646
vn 0.7272 0.2004 0.6565
vn 0.7633 0.1836 0.6194
vn 0.6780 0.1901 0.7100
vn 0.6950 0.1996 0.6908
vn 0.4073 0.7565 0.5116
vn 0.4498 0.6562 0.6058
vn 0.4662 0.6361 0.6148
vn 0.3644 0.8382 0.4058
vn 0.5060 0.6566 0.5592
vn 0.4786 0.6563 0.5833
vn 0.4195 0.6561 0.6273
vn 0.3368 0.7989 0.4984
vn 0.6216 0.1996 0.7575
vn 0.5641 0.1899 0.8036
vn 0.5885 0.1993 0.7835
vn 0.6240 0.1832 0.7596
vn 0.5418 0.1996 0.8165
vn 0.3538 0.7363 0.5768
vn 0.3556 0.6559 0.6658
vn 0.2946 0.7771 0.5562
vn 0.2820 0.7501 0.5982
vn 0.2887 0.6564 0.6970
vn 0.2328 0.7990 0.5544
vn 0.3233 0.6563 0.6818
vn 0.3871 0.6558 0.6482
vn 0.4638 0.1967 0.8638
vn 0.4180 0.1846 0.8895
vn 0.4192 0.1976 0.8861
vn 0.5109 0.1912 0.8381
vn 0.4595 0.1853 0.8687
vn 0.5018 0.2004 0.8414
vn 0.3533 0.1917 0.9156
vn 0.3777 0.1996 0.9042
vn 0.1599 0.7498 0.6420
vn 0.1471 0.6563 0.7400
vn 0.1200 0.7995 0.5886
vn 0.2345 0.7363 0.6347
vn 0.2538 0.6560 0.7108
vn 0.1806 0.7762 0.6041
vn 0.1839 0.6560 0.7320
vn 0.2191 0.6558 0.7224
vn 0.2855 0.1990 0.9375
vn 0.2314 0.1912 0.9539
vn 0.2400 0.2004 0.9498
vn 0.2906 0.1836 0.9391
vn 0.1738 0.1898 0.9663
vn 0.1942 0.1996 0.9604
vn 0.1188 0.6629 0.7393
vn 0.1102 0.6563 0.7464
vn 0.0669 0.7775 0.6253
vn 0.0740 0.6561 0.7510
vn 0.0381 0.6559 0.7539
vn 0.0254 0.7849 0.6191
vn -0.0001 0.6559 0.7548
vn 0.0959 0.1994 0.9752
vn 0.0542 0.1993 0.9784
vn 0.1070 0.1840 0.9771
vn -0.0030 0.1995 0.9799
vn 0.0055 -0.9999 -0.0111
vn -0.0015 -0.9999 -0.0130
vn 0.0117 -0.9999 -0.0023
vn 0.0084 -0.9999 0.0087
vn 0.0011 -0.9999 0.0129
vn -0.0062 -0.9999 0.0116
vn -0.0103 -0.9999 0.0065
vn -0.0111 -0.9999 -0.0052
vn 0.0250 -0.1231 -0.9921
vn 0.1276 -0.1241 -0.9840
vn 0.0918 -0.1774 -0.9798
vn 0.0029 -0.1945 -0.9809
vn 0.0480 -0.1917 -0.9803
vn 0.0954 -0.0537 -0.9940
vn 0.1711 -0.0635 -0.9832
vn 0.2163 -0.1249 -0.9683
vn 0.1882 -0.1887 -0.9638
vn 0.1489 -0.1906 -0.9703
vn -0.1737 -0.1255 -0.9768
vn -0.0973 -0.0903 -0.9911
vn -0.1028 -0.1767 -0.9789
vn -0.0463 -0.1525 -0.9872
vn -0.1949 -0.1887 -0.9625
vn -0.1442 -0.1917 -0.9708
vn -0.0440 -0.0452 -0.9980
vn 0.2919 -0.0901 -0.9522
vn 0.2858 -0.1741 -0.9423
vn 0.3586 -0.1258 -0.9250
vn 0.2383 -0.1917 -0.9521
vn 0.3774 -0.1903 -0.9063
vn 0.3308 -0.1917 -0.9240
vn 0.4197 -0.1268 -0.8988
vn 0.4710 -0.0924 -0.8773
vn 0.4661 -0.1754 -0.8672
vn 0.5303 -0.1240 -0.8387
vn 0.4172 -0.1925 -0.8882
vn 0.4235 -0.0505 -0.9045
vn 0.5425 -0.1946 -0.8172
vn 0.5047 -0.1917 -0.8417
vn 0.5900 -0.1512 -0.7931
vn 0.6538 -0.1230 -0.7466
vn 0.6259 -0.1843 -0.7578
vn 0.5739 -0.0574 -0.8169
vn 0.6483 -0.0563 -0.7593
vn 0.7015 -0.1219 -0.7021
vn 0.6944 -0.1888 -0.6944
vn 0.6629 -0.1906 -0.7241
vn 0.7478 -0.1237 -0.6523
vn 0.8098 -0.1226 -0.5738
vn 0.7637 -0.1774 -0.6207
vn 0.7241 -0.1906 -0.6628
vn 0.7562 -0.0563 -0.6519
vn 0.8184 -0.1887 -0.5427
vn 0.7884 -0.1917 -0.5845
vn 0.8601 -0.1229 -0.4951
vn 0.9070 -0.1230 -0.4027
vn 0.8701 -0.1774 -0.4598
vn 0.8395 -0.1906 -0.5089
vn 0.8451 -0.0631 -0.5309
vn 0.8917 -0.0531 -0.4495
vn 0.9086 -0.1888 -0.3726
vn 0.8873 -0.1917 -0.4195
vn 0.9396 -0.1223 -0.3195
vn 0.9590 -0.1527 -0.2388
vn 0.9397 -0.1843 -0.2881
vn 0.9226 -0.1906 -0.3353
vn 0.9315 -0.0616 -0.3585
vn 0.9629 -0.0563 -0.2638
vn 0.9782 -0.1222 -0.1679
vn 0.9901 -0.1244 -0.0652
vn 0.9789 -0.1775 -0.1011
vn 0.9626 -0.1945 -0.1887
vn 0.9708 -0.1917 -0.1442
vn 0.9948 -0.0601 -0.0820
vn 0.9922 -0.1247 -0.0031
vn 0.9820 -0.1889 -0.0000
vn 0.9807 -0.1906 -0.0433
vn 0.9900 -0.1236 0.0674
vn 0.9780 -0.1238 0.1681
vn 0.9789 -0.1774 0.1011
vn 0.9807 -0.1906 0.0433
vn 0.9982 -0.0569 0.0189
vn 0.9936 -0.0568 0.0981
vn 0.9625 -0.1903 0.1934
vn 0.9708 -0.1917 0.1442
vn 0.9634 -0.1268 0.2363
vn 0.9518 -0.0908 0.2929
vn 0.9414 -0.1755 0.2880
vn 0.9250 -0.1258 0.3586
vn 0.9525 -0.1925 0.2359
vn 0.9696 -0.0513 0.2391
vn 0.9063 -0.1903 0.3774
vn 0.9240 -0.1917 0.3308
vn 0.8988 -0.1268 0.4197
vn 0.8773 -0.0924 0.4710
vn 0.8672 -0.1754 0.4661
vn 0.8387 -0.1240 0.5303
vn 0.8882 -0.1925 0.4172
vn 0.9045 -0.0505 0.4235
vn 0.8172 -0.1946 0.5425
vn 0.8417 -0.1917 0.5047
vn 0.7931 -0.1512 0.5900
vn 0.7466 -0.1230 0.6538
vn 0.7578 -0.1843 0.6259
vn 0.8169 -0.0574 0.5739
vn 0.7593 -0.0563 0.6483
vn 0.7021 -0.1219 0.7015
vn 0.6944 -0.1888 0.6944
vn 0.7241 -0.1906 0.6629
vn 0.6523 -0.1237 0.7478
vn 0.5738 -0.1226 0.8098
vn 0.6207 -0.1774 0.7637
vn 0.6628 -0.1906 0.7241
vn 0.6519 -0.0563 0.7562
vn 0.5427 -0.1888 0.8184
vn 0.5845 -0.1917 0.7884
vn 0.4951 -0.1229 0.8601
vn 0.4027 -0.1230 0.9070
vn 0.4598 -0.1774 0.8701
vn 0.5089 -0.1906 0.8395
vn 0.5309 -0.0631 0.8451
vn 0.4495 -0.0531 0.8917
vn 0.3726 -0.1888 0.9086
vn 0.4195 -0.1917 0.8873
vn 0.3195 -0.1223 0.9396
vn 0.2388 -0.1527 0.9590
vn 0.2881 -0.1843 0.9397
vn 0.3353 -0.1906 0.9226
vn 0.3585 -0.0616 0.9315
vn 0.2638 -0.0563 0.9629
vn 0.1684 -0.1226 0.9781
vn 0.0682 -0.1244 0.9899
vn 0.1011 -0.1775 0.9789
vn 0.1887 -0.1945 0.9626
vn 0.1442 -0.1917 0.9708
vn 0.0992 -0.0559 0.9935
vn 0.0208 -0.0618 0.9979
vn -0.0040 -0.1248 0.9922
vn -0.0000 -0.1888 0.9820
vn 0.0433 -0.1906 0.9807
vn -0.0652 -0.1244 0.9901
vn -0.1682 -0.1243 0.9779
vn -0.1012 -0.1774 0.9789
vn -0.0433 -0.1906 0.9807
vn -0.0820 -0.0603 0.9948
vn -0.1934 -0.1903 0.9625
vn -0.1442 -0.1917 0.9708
vn -0.2362 -0.1269 0.9634
vn -0.2934 -0.0895 0.9518
vn -0.2880 -0.1755 0.9414
vn -0.3585 -0.1241 0.9253
vn -0.2359 -0.1925 0.9525
vn -0.2398 -0.0536 0.9693
vn -0.3774 -0.1903 0.9063
vn -0.3308 -0.1917 0.9240
vn -0.4197 -0.1268 0.8988
vn -0.4710 -0.0924 0.8773
vn -0.4661 -0.1754 0.8672
vn -0.5303 -0.1240 0.8387
vn -0.4172 -0.1925 0.8882
vn -0.4221 -0.0494 0.9052
vn -0.5425 -0.1946 0.8172
vn -0.5047 -0.1917 0.8417
vn -0.5900 -0.1512 0.7931
vn -0.6538 -0.1230 0.7466
vn -0.6259 -0.1843 0.7578
vn -0.5739 -0.0574 0.8169
vn -0.6483 -0.0563 0.7593
vn -0.7015 -0.1219 0.7021
vn -0.6944 -0.1888 0.6944
vn -0.6629 -0.1906 0.7241
vn -0.7478 -0.1237 0.6523
vn -0.8098 -0.1226 0.5738
vn -0.7637 -0.1774 0.6207
vn -0.7241 -0.1906 0.6628
vn -0.7562 -0.0563 0.6519
vn -0.8184 -0.1887 0.5427
vn -0.7884 -0.1917 0.5845
vn -0.8601 -0.1229 0.4951
vn -0.9095 -0.1192 0.3983
vn -0.8694 -0.1778 0.4610
vn -0.8395 -0.1906 0.5089
vn -0.8451 -0.0631 0.5309
vn -0.8900 -0.0543 0.4527
vn -0.9163 -0.1200 0.3821
vn -0.9536 -0.0025 0.3010
vn -0.8925 0.1436 0.4277
vn -0.9393 -0.0899 0.3312
vn -0.9623 -0.0444 0.2683
vn -0.9783 -0.0393 0.2032
vn -0.9805 0.0128 0.1959
vn -0.9326 0.2099 0.2935
vn -0.7467 0.5264 0.4067
vn -0.5320 0.5910 0.6063
vn -0.4427 0.6948 0.5668
vn -0.8505 -0.0628 0.5222
vn -0.7641 0.1698 0.6224
vn -0.8914 -0.1816 0.4152
vn -0.6461 0.7208 0.2511
vn -0.7482 0.6554 0.1035
vn -0.5780 0.8103 0.0963
vn -0.9233 0.3321 0.1930
vn -0.9942 0.0669 0.0839
vn -0.9788 0.1832 0.0920
vn -0.3043 0.9167 0.2588
vn -0.9975 0.0699 0.0070
vn -0.9800 0.1971 -0.0258
vn -0.7293 0.6837 -0.0250
vn -0.5690 0.8219 -0.0248
vn -0.2806 0.9571 0.0721
vn -0.5821 0.8025 -0.1312
vn -0.9943 0.0645 -0.0849
vn -0.8997 0.4140 -0.1382
vn -0.6450 0.7192 -0.2583
vn -0.9228 0.3324 -0.1950
vn -0.2823 0.9557 -0.0831
vn -0.9809 0.0128 -0.1942
vn -0.9326 0.2099 -0.2935
vn -0.7467 0.5264 -0.4067
vn -0.4418 0.6950 -0.5673
vn -0.3026 0.9163 -0.2625
vn -0.9537 -0.0000 -0.3006
vn -0.9199 -0.0989 -0.3795
vn -0.8926 0.1432 -0.4275
vn -0.9446 -0.0754 -0.3194
vn -0.9189 -0.1288 -0.3729
vn -0.5320 0.5910 -0.6063
vn -0.9727 -0.0401 -0.2287
vn -0.8923 -0.1822 -0.4129
vn -0.8484 -0.0554 -0.5265
vn -0.7641 0.1698 -0.6224
vn -0.8979 -0.1167 -0.4244
vn -0.8773 -0.0924 -0.4710
vn -0.8664 -0.1758 -0.4675
vn -0.8387 -0.1240 -0.5303
vn -0.9036 -0.0516 -0.4253
vn -0.8172 -0.1946 -0.5425
vn -0.8417 -0.1917 -0.5047
vn -0.7931 -0.1512 -0.5900
vn -0.7466 -0.1230 -0.6538
vn -0.7578 -0.1843 -0.6259
vn -0.8169 -0.0574 -0.5739
vn -0.7593 -0.0563 -0.6483
vn -0.7021 -0.1219 -0.7015
vn -0.6944 -0.1888 -0.6944
vn -0.7241 -0.1906 -0.6629
vn -0.6523 -0.1237 -0.7478
vn -0.5738 -0.1226 -0.8098
vn -0.6207 -0.1774 -0.7637
vn -0.6628 -0.1906 -0.7241
vn -0.6519 -0.0563 -0.7562
vn -0.5427 -0.1887 -0.8184
vn -0.5845 -0.1917 -0.7884
vn -0.4951 -0.1229 -0.8601
vn -0.4051 -0.1221 -0.9061
vn -0.4598 -0.1774 -0.8701
vn -0.5089 -0.1906 -0.8395
vn -0.5309 -0.0631 -0.8451
vn -0.4495 -0.0531 -0.8917
vn -0.3780 -0.1946 -0.9051
vn -0.4195 -0.1917 -0.8873
vn -0.3310 -0.1527 -0.9312
vn -0.2552 -0.1224 -0.9591
vn -0.2824 -0.1844 -0.9414
vn -0.3553 -0.0637 -0.9326
vn -0.2673 -0.0557 -0.9620
vn -0.2338 -0.1906 -0.9534
vn 0.0827 0.7455 -0.6614
vn -0.0468 0.7368 -0.6744
vn -0.0548 0.9057 0.4203
vn 0.0271 -0.0177 -0.9995
vn 0.0994 -0.0018 -0.9951
vn 0.1711 -0.0186 -0.9851
vn 0.0275 0.9108 0.4120
vn -0.0997 -0.0218 -0.9948
vn -0.1731 -0.0194 -0.9847
vn 0.0236 -0.0639 -0.9977
vn -0.1751 -0.0600 -0.9827
vn 0.2679 -0.0156 -0.9633
vn 0.3562 -0.0207 -0.9342
vn 0.3573 -0.0599 -0.9321
vn 0.2420 -0.0517 -0.9689
vn -0.1317 0.8961 0.4238
vn -0.1605 0.9437 0.2893
vn 0.5127 -0.0506 -0.8571
vn 0.4711 -0.0190 -0.8819
vn 0.5340 -0.0013 -0.8455
vn 0.2808 0.7857 -0.5511
vn -0.2559 0.9068 0.3351
vn 0.5984 -0.0194 -0.8010
vn 0.6538 -0.0026 -0.7567
vn 0.7072 -0.0398 -0.7059
vn -0.2179 0.9583 0.1850
vn 0.8007 -0.0427 -0.5976
vn 0.7588 -0.0024 -0.6513
vn 0.8466 -0.0173 -0.5319
vn -0.2004 0.9741 0.1046
vn 0.8927 -0.0011 -0.4507
vn 0.9321 -0.0194 -0.3617
vn 0.6062 0.7358 -0.3019
vn -0.3699 0.9109 0.1828
vn 0.9569 -0.0022 -0.2904
vn 0.9763 -0.0010 -0.2165
vn 0.9825 -0.0561 -0.1778
vn 0.5539 0.8136 -0.1766
vn -0.4516 0.8807 0.1431
vn -0.2272 0.9736 0.0201
vn 0.9894 -0.0208 -0.1440
vn 0.9986 -0.0189 -0.0493
vn 0.9997 -0.0099 0.0220
vn 0.6758 0.7356 -0.0470
vn -0.4126 0.9105 0.0274
vn 0.9955 -0.0022 0.0951
vn 0.9889 -0.0174 0.1479
vn 0.9826 -0.0557 0.1770
vn 0.9761 0.0003 0.2173
vn 0.5794 0.8136 0.0488
vn -0.4729 0.8802 -0.0407
vn -0.2085 0.9757 -0.0680
vn 0.9566 -0.0218 0.2907
vn 0.9329 -0.0198 0.3597
vn 0.9312 -0.0609 0.3593
vn -0.4111 0.9026 -0.1280
vn -0.2904 0.9433 -0.1607
vn 0.8571 -0.0506 0.5127
vn 0.8819 -0.0190 0.4711
vn 0.8455 -0.0013 0.5340
vn 0.5511 0.7857 0.2808
vn -0.3354 0.9065 -0.2564
vn 0.8010 -0.0194 0.5984
vn 0.7567 -0.0026 0.6538
vn 0.7059 -0.0398 0.7072
vn -0.1851 0.9582 -0.2181
vn 0.5976 -0.0427 0.8007
vn 0.6513 -0.0024 0.7588
vn 0.5319 -0.0173 0.8466
vn -0.1046 0.9741 -0.2004
vn 0.4507 -0.0011 0.8927
vn 0.3617 -0.0194 0.9321
vn 0.3019 0.7358 0.6062
vn -0.1822 0.9116 -0.3685
vn 0.2904 -0.0022 0.9569
vn 0.2152 -0.0009 0.9766
vn 0.1800 -0.0559 0.9821
vn 0.1766 0.8136 0.5539
vn -0.1427 0.8814 -0.4504
vn -0.0202 0.9733 -0.2288
vn 0.1448 -0.0166 0.9893
vn 0.0257 -0.0205 0.9995
vn 0.0470 0.7357 0.6757
vn -0.0275 0.9107 -0.4121
vn -0.0458 -0.0227 0.9987
vn -0.0999 -0.0019 0.9950
vn -0.1690 -0.0197 0.9854
vn -0.1686 -0.0615 0.9838
vn -0.0488 0.8136 0.5794
vn 0.0407 0.8802 -0.4729
vn 0.0699 0.9748 -0.2120
vn -0.3565 -0.0489 0.9330
vn -0.2696 -0.0143 0.9629
vn -0.3616 -0.0023 0.9323
vn -0.1674 0.8082 0.5646
vn 0.1262 0.8966 -0.4245
vn 0.0497 0.9799 -0.1931
vn -0.5127 -0.0506 0.8571
vn -0.4719 -0.0217 0.8814
vn -0.5355 -0.0017 0.8446
vn 0.1398 0.9475 -0.2876
vn -0.2826 0.7989 0.5309
vn 0.2557 0.9069 -0.3348
vn -0.5984 -0.0194 0.8010
vn -0.6538 -0.0026 0.7567
vn -0.7072 -0.0398 0.7059
vn 0.2179 0.9583 -0.1850
vn -0.8007 -0.0427 0.5976
vn -0.7588 -0.0024 0.6513
vn -0.8466 -0.0173 0.5319
vn 0.2010 0.9740 -0.1049
vn -0.8924 -0.0003 0.4512
vn -0.9225 -0.0399 0.3839
vn -0.6062 0.7358 0.3019
vn 0.3699 0.9109 -0.1828
vn -0.9574 -0.0003 0.2888
vn -0.9760 -0.0010 0.2179
vn -0.9418 -0.0232 0.3353
vn -0.5539 0.8136 0.1766
vn 0.4516 0.8807 -0.1431
vn 0.2272 0.9736 -0.0201
vn -0.9987 -0.0223 0.0457
vn -0.9951 -0.0130 0.0981
vn -0.9999 -0.0100 0.0018
vn -0.9886 -0.0278 0.1483
vn -0.6757 0.7357 0.0470
vn 0.4121 0.9107 -0.0275
vn -0.9884 -0.0268 -0.1498
vn -0.9951 -0.0115 -0.0979
vn -0.9987 -0.0224 -0.0465
vn -0.9758 0.0003 -0.2185
vn -0.5794 0.8136 -0.0488
vn 0.4729 0.8802 0.0407
vn 0.2085 0.9757 0.0680
vn -0.9503 -0.0216 -0.3107
vn -0.9239 -0.0418 -0.3803
vn 0.4111 0.9026 0.1280
vn 0.2904 0.9433 0.1607
vn -0.8571 -0.0506 -0.5127
vn -0.8819 -0.0190 -0.4711
vn -0.8455 -0.0013 -0.5340
vn -0.5511 0.7857 -0.2808
vn 0.3354 0.9065 0.2564
vn -0.8010 -0.0194 -0.5984
vn -0.7567 -0.0026 -0.6538
vn -0.7059 -0.0398 -0.7072
vn 0.1851 0.9582 0.2181
vn -0.5976 -0.0427 -0.8007
vn -0.6513 -0.0024 -0.7588
vn -0.5319 -0.0173 -0.8466
vn 0.0885 0.9789 0.1843
vn -0.4507 -0.0011 -0.8927
vn -0.3601 -0.0185 -0.9327
vn -0.2576 0.8190 -0.5127
vn 0.2188 0.8896 0.4009
vn 0.0511 0.9788 0.1982
vn -0.2678 -0.0036 -0.9635
vn -0.1535 0.8186 -0.5534
vn 0.1371 0.8887 0.4374
vn 0.0200 0.9738 0.2264
vn -0.0961 0.1905 0.9770
vn -0.0996 0.2607 0.9603
vn -0.1752 0.1903 0.9660
vn -0.0197 0.1905 0.9815
vn 0.0230 0.2603 0.9653
vn -0.0636 0.4551 0.8882
vn -0.2076 0.4581 0.8643
vn -0.2043 0.2584 0.9442
vn 0.1449 0.2591 0.9549
vn 0.0806 0.4555 0.8866
vn 0.2149 0.4626 0.8601
vn 0.0743 0.1910 0.9788
vn -0.2862 0.1922 0.9387
vn -0.3050 0.2591 0.9164
vn -0.3270 0.4582 0.8265
vn -0.3934 0.2561 0.8830
vn -0.3930 0.1908 0.8995
vn -0.4806 0.1914 0.8558
vn -0.4977 0.2595 0.8276
vn -0.4182 0.4583 0.7843
vn -0.5325 0.4554 0.7135
vn -0.5615 0.1906 0.8052
vn -0.6231 0.1913 0.7584
vn -0.6626 0.2584 0.7030
vn -0.6829 0.1910 0.7051
vn -0.5958 0.2612 0.7595
vn -0.6431 0.4564 0.6148
vn -0.7322 0.2594 0.6298
vn -0.7170 0.4641 0.5201
vn -0.7923 0.2581 0.5529
vn -0.7578 0.1921 0.6236
vn -0.8254 0.1902 0.5316
vn -0.8657 0.1905 0.4629
vn -0.8528 0.2616 0.4520
vn -0.9004 0.1908 0.3910
vn -0.7887 0.4566 0.4116
vn -0.8400 0.4534 0.2982
vn -0.9080 0.2617 0.3271
vn -0.8770 0.4566 0.1494
vn -0.9396 0.2615 0.2209
vn -0.9394 0.1912 0.2845
vn -0.9666 0.1896 0.1725
vn -0.9582 0.2633 0.1115
vn -0.8885 0.4585 -0.0207
vn -0.9653 0.2598 0.0265
vn -0.9787 0.1909 0.0748
vn -0.9814 0.1908 -0.0196
vn -0.9769 0.1907 -0.0963
vn -0.9606 0.2608 -0.0961
vn -0.9660 0.1903 -0.1752
vn -0.8803 0.4517 -0.1454
vn -0.9435 0.2576 -0.2087
vn -0.9387 0.1922 -0.2862
vn -0.9150 0.2602 -0.3083
vn -0.8459 0.4649 -0.2614
vn -0.8045 0.4539 -0.3831
vn -0.8854 0.2561 -0.3879
vn -0.8995 0.1908 -0.3930
vn -0.8549 0.1923 -0.4818
vn -0.8394 0.2616 -0.4765
vn -0.7280 0.4582 -0.5100
vn -0.7911 0.2529 -0.5570
vn -0.8037 0.1910 -0.5636
vn -0.7445 0.1923 -0.6394
vn -0.7316 0.2598 -0.6302
vn -0.6460 0.4494 -0.6170
vn -0.6647 0.2565 -0.7017
vn -0.6782 0.1907 -0.7097
vn -0.6068 0.1912 -0.7715
vn -0.5748 0.2584 -0.7764
vn -0.5664 0.4646 -0.6807
vn -0.4656 0.4593 -0.7565
vn -0.5265 0.1900 -0.8287
vn -0.4777 0.2608 -0.8389
vn -0.3637 0.4557 -0.8124
vn -0.3919 0.2543 -0.8842
vn -0.4437 0.1907 -0.8756
vn -0.3548 0.1897 -0.9155
vn -0.3034 0.2628 -0.9159
vn -0.2189 0.4648 -0.8579
vn -0.2083 0.2579 -0.9434
vn -0.2644 0.1908 -0.9453
vn -0.1695 0.1900 -0.9670
vn -0.1217 0.2609 -0.9577
vn -0.0821 0.4590 -0.8847
vn -0.0210 0.2577 -0.9660
vn 0.0175 0.4547 -0.8905
vn -0.0747 0.1909 -0.9788
vn 0.0227 0.1900 -0.9815
vn 0.0942 0.2595 -0.9611
vn 0.1306 0.4585 -0.8790
vn 0.2089 0.2567 -0.9437
vn 0.1189 0.1915 -0.9743
vn 0.2101 0.1909 -0.9589
vn 0.2844 0.1910 -0.9395
vn 0.3054 0.2603 -0.9160
vn 0.3604 0.1900 -0.9132
vn 0.2443 0.4605 -0.8534
vn 0.3658 0.4543 -0.8122
vn 0.4173 0.2608 -0.8705
vn 0.5074 0.4560 -0.7312
vn 0.5082 0.2615 -0.8206
vn 0.4630 0.1912 -0.8655
vn 0.5590 0.1900 -0.8071
vn 0.6231 0.1913 -0.7584
vn 0.6674 0.2563 -0.6991
vn 0.6829 0.1910 -0.7051
vn 0.5974 0.2598 -0.7587
vn 0.6047 0.4589 -0.6509
vn 0.7284 0.2591 -0.6342
vn 0.6892 0.4645 -0.5561
vn 0.7915 0.2603 -0.5530
vn 0.7578 0.1921 -0.6236
vn 0.7774 0.4529 -0.4365
vn 0.8254 0.1902 -0.5316
vn 0.8657 0.1905 -0.4629
vn 0.8549 0.2603 -0.4488
vn 0.9004 0.1908 -0.3910
vn 0.8391 0.4538 -0.3001
vn 0.9080 0.2617 -0.3271
vn 0.8770 0.4566 -0.1494
vn 0.9396 0.2615 -0.2209
vn 0.9394 0.1912 -0.2845
vn 0.9666 0.1896 -0.1725
vn 0.9582 0.2633 -0.1115
vn 0.8885 0.4585 0.0207
vn 0.9653 0.2598 -0.0265
vn 0.9787 0.1909 -0.0748
vn 0.9814 0.1908 0.0196
vn 0.9769 0.1907 0.0963
vn 0.9606 0.2608 0.0961
vn 0.9660 0.1903 0.1752
vn 0.8797 0.4518 0.1483
vn 0.9430 0.2587 0.2093
vn 0.9387 0.1922 0.2862
vn 0.9173 0.2559 0.3052
vn 0.8413 0.4628 0.2794
vn 0.8836 0.2590 0.3901
vn 0.8995 0.1908 0.3930
vn 0.8543 0.1929 0.4826
vn 0.8380 0.2578 0.4810
vn 0.7822 0.4625 0.4176
vn 0.7281 0.4512 0.5160
vn 0.7761 0.2591 0.5750
vn 0.8065 0.1911 0.5595
vn 0.7581 0.1909 0.6235
vn 0.7027 0.2538 0.6647
vn 0.7074 0.1909 0.6806
vn 0.6446 0.4572 0.6127
vn 0.6397 0.1920 0.7442
vn 0.5548 0.2540 0.7922
vn 0.5825 0.1914 0.7900
vn 0.6301 0.2638 0.7304
vn 0.5138 0.4572 0.7259
vn 0.5242 0.1899 0.8301
vn 0.4570 0.2640 0.8494
vn 0.3636 0.4594 0.8104
vn 0.3447 0.2587 0.9023
vn 0.4425 0.1916 0.8761
vn 0.3550 0.1907 0.9152
vn 0.2631 0.1928 0.9453
vn 0.2586 0.2599 0.9304
vn 0.1717 0.1911 0.9664
vn 0.3528 0.1783 0.9186
vn 0.2090 0.1778 0.9616
vn 0.5167 0.1789 0.8373
vn 0.6671 0.1792 0.7231
vn 0.7103 0.1785 0.6809
vn 0.8046 0.1781 0.5665
vn 0.9609 0.1782 0.2118
vn 0.9180 0.1780 0.3543
vn 0.9728 0.1792 0.1466
vn 0.9839 0.1778 -0.0174
vn 0.9180 0.1780 -0.3543
vn 0.9602 0.1780 -0.2155
vn 0.8313 0.1781 -0.5266
vn 0.7126 0.1780 -0.6786
vn 0.5266 0.1780 -0.8313
vn 0.2124 0.1785 -0.9608
vn 0.3543 0.1781 -0.9180
vn 0.0256 0.1783 -0.9836
vn 0.1530 0.1792 -0.9719
vn -0.2090 0.1778 -0.9616
vn -0.3528 0.1783 -0.9186
vn -0.5252 0.1783 -0.8321
vn -0.6775 0.1783 -0.7136
vn -0.8309 0.1779 -0.5273
vn -0.9609 0.1782 -0.2118
vn -0.9180 0.1780 -0.3543
vn -0.9728 0.1792 -0.1466
vn -0.9839 0.1778 0.0174
vn -0.9180 0.1780 0.3543
vn -0.9602 0.1780 0.2155
vn -0.8313 0.1781 0.5266
vn -0.7126 0.1780 0.6786
vn -0.5273 0.1779 0.8309
vn -0.2118 0.1782 0.9609
vn -0.3543 0.1780 0.9180
vn 0.0449 0.1791 0.9828
vn -0.0209 0.1785 0.9837
vn -0.1510 0.1793 0.9721
vn -0.2822 -0.2165 -0.9346
vn -0.4592 -0.2164 -0.8616
vn -0.4217 -0.2497 -0.8717
vn -0.6204 -0.2162 -0.7539
vn -0.7538 -0.2165 -0.6204
vn -0.8617 -0.2165 -0.4590
vn -0.8988 -0.2085 -0.3856
vn -0.8922 -0.1785 -0.4149
vn -0.9172 -0.2781 -0.2853
vn -0.8946 -0.2455 -0.3734
vn -0.9272 -0.3141 -0.2041
vn -0.8228 -0.3885 -0.4149
vn -0.7808 -0.5519 -0.2929
vn -0.6927 -0.5344 -0.4844
vn -0.5356 -0.7349 -0.4161
vn -0.5513 -0.5032 -0.6654
vn -0.7369 -0.3540 -0.5758
vn -0.8530 -0.2477 -0.4593
vn -0.4574 -0.3695 -0.8089
vn -0.6658 -0.2216 -0.7124
vn -0.7171 -0.2897 -0.6339
vn -0.2728 -0.7313 -0.6251
vn -0.2142 -0.4464 -0.8688
vn -0.4069 -0.2216 -0.8862
vn -0.2101 -0.2052 -0.9559
vn -0.4396 -0.0593 -0.8962
vn -0.2528 0.2910 -0.9227
vn -0.2300 0.0168 -0.9730
vn -0.3130 0.4283 -0.8477
vn -0.5044 0.1000 -0.8576
vn -0.6833 0.1546 -0.7136
vn -0.7191 -0.1160 -0.6851
vn -0.8731 -0.1813 -0.4526
vn -0.8948 -0.2158 -0.3909
vn -0.9356 0.0200 -0.3525
vn -0.8628 -0.0705 -0.5006
vn -0.8362 0.2225 -0.5013
vn -0.9559 -0.1502 -0.2525
vn -0.9338 -0.1635 -0.3183
vn -0.9107 -0.1909 -0.3664
vn -0.6750 0.5583 -0.4823
vn -0.4382 0.5889 -0.6791
vn -0.3926 0.7789 -0.4891
vn -0.9197 0.2320 -0.3168
vn -0.9720 -0.0947 -0.2150
vn -0.9275 -0.2898 -0.2362
vn -0.9082 -0.2711 -0.3189
vn -0.9063 -0.2293 -0.3550
vn -0.8994 -0.2142 -0.3810
vn -0.8260 -0.5124 -0.2349
vn -0.7688 -0.5017 -0.3965
vn -0.8532 -0.3738 -0.3638
vn -0.6282 -0.7020 -0.3356
vn -0.6648 -0.5130 -0.5430
vn -0.7730 -0.3620 -0.5210
vn -0.8787 -0.2371 -0.4143
vn -0.5943 -0.4015 -0.6969
vn -0.7635 -0.2450 -0.5976
vn -0.3827 -0.7655 -0.5172
vn -0.3227 -0.5315 -0.7832
vn -0.5445 -0.2602 -0.7974
vn -0.5713 -0.0752 -0.8173
vn -0.7798 -0.1557 -0.6064
vn -0.3188 -0.1642 -0.9335
vn -0.3402 0.0336 -0.9397
vn -0.6189 0.0781 -0.7816
vn -0.3746 0.3509 -0.8582
vn -0.9718 -0.2345 -0.0243
vn -0.9211 -0.3645 -0.1370
vn -0.9579 -0.2502 -0.1405
vn -0.6813 -0.7315 -0.0250
vn -0.3818 -0.9205 -0.0827
vn -0.7112 -0.6771 -0.1892
vn -0.8919 -0.4431 -0.0905
vn -0.9064 -0.4215 0.0270
vn -0.1877 -0.9337 -0.3049
vn -0.4372 -0.8593 -0.2654
vn -0.9624 0.2706 -0.0241
vn -0.9628 0.2501 -0.1024
vn -0.9618 0.2723 -0.0298
vn -0.6838 0.7138 -0.1515
vn -0.5842 0.7588 -0.2878
vn -0.5207 0.8493 -0.0864
vn -0.9874 0.0199 -0.1572
vn -0.8805 0.4029 -0.2499
vn -0.2772 0.9547 -0.1081
vn -0.2792 0.9560 0.0904
vn -0.9785 -0.1890 -0.0829
vn -0.9899 -0.1383 -0.0301
vn -0.9694 -0.1898 -0.1560
vn -0.2883 0.9013 -0.3235
vn -0.9831 -0.1832 -0.0009
vn -0.9718 -0.2287 -0.0568
vn -0.9305 -0.3437 -0.1263
vn -0.9228 -0.3845 -0.0260
vn -0.7640 -0.6237 -0.1652
vn -0.7532 -0.6571 -0.0283
vn -0.4791 -0.8737 -0.0845
vn -0.9742 -0.2253 0.0091
vn -0.4787 -0.8752 0.0700
vn -0.2652 -0.9617 -0.0686
vn -0.2847 -0.9275 -0.2421
vn -0.5314 -0.8165 -0.2256
vn -0.9280 -0.3173 0.1951
vn -0.9688 -0.2356 0.0763
vn -0.9670 -0.2507 0.0460
vn -0.4386 -0.8623 0.2531
vn -0.6858 -0.7220 0.0920
vn -0.7263 -0.6556 0.2064
vn -0.8880 -0.4327 0.1560
vn -0.7811 -0.5529 0.2900
vn -0.5354 -0.7325 0.4204
vn -0.2728 -0.7313 0.6251
vn -0.1880 -0.9321 0.3095
vn -0.3772 -0.9206 0.1014
vn -0.1707 -0.9801 0.1013
vn -0.5827 0.7604 0.2868
vn -0.6734 0.7309 0.1107
vn -0.5191 0.8479 0.1073
vn -0.8953 0.3845 0.2251
vn -0.9947 0.0514 0.0894
vn -0.9613 0.2591 0.0937
vn -0.3926 0.7789 0.4891
vn -0.2904 0.9010 0.3223
vn -0.6750 0.5583 0.4823
vn -0.9187 0.2311 0.3203
vn -0.9858 -0.0395 0.1633
vn -0.9762 -0.1883 0.1076
vn -0.6583 0.7527 -0.0102
vn -0.9374 -0.3460 0.0393
vn -0.9818 -0.1852 0.0417
vn -0.9723 -0.0947 0.2135
vn -0.9293 -0.3434 0.1360
vn -0.5371 -0.8172 0.2093
vn -0.7523 -0.6532 0.0865
vn -0.7797 -0.5985 0.1840
vn -0.8259 -0.5125 0.2348
vn -0.9275 -0.2898 0.2362
vn -0.6279 -0.7008 0.3384
vn -0.3827 -0.7655 0.5172
vn -0.2835 -0.9276 0.2432
vn -0.8950 -0.2159 0.3904
vn -0.8943 -0.2457 0.3740
vn -0.9172 -0.2781 0.2853
vn -0.8537 -0.2470 0.4584
vn -0.8228 -0.3885 0.4149
vn -0.7370 -0.3540 0.5758
vn -0.6927 -0.5344 0.4844
vn -0.5513 -0.5032 0.6654
vn -0.6658 -0.2216 0.7124
vn -0.4574 -0.3695 0.8089
vn -0.7171 -0.2897 0.6339
vn -0.4069 -0.2217 0.8862
vn -0.2146 -0.4452 0.8693
vn -0.8989 -0.2085 0.3855
vn -0.8731 -0.1813 0.4526
vn -0.7191 -0.1160 0.6851
vn -0.6833 0.1546 0.7136
vn -0.5045 0.1000 0.8576
vn -0.3130 0.4283 0.8477
vn -0.2538 0.2871 0.9237
vn -0.4395 -0.0592 0.8963
vn -0.2275 0.0128 0.9737
vn -0.2104 -0.2041 0.9561
vn -0.9107 -0.1909 0.3664
vn -0.9338 -0.1635 0.3183
vn -0.8628 -0.0705 0.5006
vn -0.9356 0.0200 0.3525
vn -0.8362 0.2225 0.5013
vn -0.9559 -0.1502 0.2525
vn -0.4382 0.5889 0.6791
vn -0.8995 -0.2143 0.3809
vn -0.9063 -0.2293 0.3550
vn -0.9082 -0.2711 0.3189
vn -0.8787 -0.2371 0.4143
vn -0.8532 -0.3738 0.3638
vn -0.7730 -0.3620 0.5210
vn -0.7688 -0.5017 0.3965
vn -0.6648 -0.5130 0.5430
vn -0.7635 -0.2450 0.5976
vn -0.5943 -0.4015 0.6969
vn -0.5445 -0.2603 0.7974
vn -0.3227 -0.5315 0.7832
vn -0.5712 -0.0751 0.8174
vn -0.7798 -0.1557 0.6064
vn -0.8912 -0.1739 0.4190
vn -0.3748 0.3480 0.8593
vn -0.6190 0.0780 0.7815
vn -0.3340 0.0322 0.9420
vn -0.3162 -0.1628 0.9346
vn -0.8616 -0.2164 0.4591
vn -0.8720 -0.2494 0.4212
vn -0.7539 -0.2162 0.6204
vn -0.6204 -0.2165 0.7538
vn -0.4590 -0.2165 0.8617
vn -0.2846 -0.2164 0.9339
vn -0.0969 -0.2164 0.9715
vn -0.1336 -0.2497 0.9590
vn 0.1443 -0.2164 0.9656
vn 0.0453 -0.2479 0.9677
vn 0.2824 -0.2165 0.9346
vn 0.4591 -0.2164 0.8616
vn 0.4217 -0.2498 0.8716
vn 0.6204 -0.2162 0.7539
vn 0.7539 -0.2164 0.6203
vn 0.8617 -0.2165 0.4590
vn 0.9339 -0.2164 0.2846
vn 0.9715 -0.2164 0.0969
vn 0.9590 -0.2497 0.1336
vn 0.9656 -0.2164 -0.1443
vn 0.9678 -0.2477 -0.0452
vn 0.9346 -0.2165 -0.2824
vn 0.8616 -0.2164 -0.4591
vn 0.8716 -0.2498 -0.4217
vn 0.7539 -0.2162 -0.6204
vn 0.6204 -0.2165 -0.7538
vn 0.4590 -0.2165 -0.8617
vn 0.2359 -0.2164 -0.9474
vn -0.0969 -0.2164 -0.9715
vn 0.0944 -0.2163 -0.9718
vn -0.0991 0.1999 0.9748
vn -0.1415 0.5067 0.8504
vn -0.1218 0.5544 0.8233
vn -0.2007 0.4584 0.8658
vn -0.1097 -0.0316 0.9935
vn -0.1835 0.1500 0.9715
vn -0.1332 0.8263 0.5473
vn -0.1780 0.8380 0.5158
vn -0.0548 0.0082 0.9985
vn -0.1007 0.2383 0.9660
vn -0.0335 -0.1440 0.9890
vn -0.0581 -0.0363 0.9976
vn -0.1811 -0.0494 0.9822
vn -0.1954 0.7985 0.5694
vn -0.0836 -0.6032 0.7932
vn -0.1138 -0.2548 0.9603
vn -0.0577 -0.2438 0.9681
vn -0.1803 -0.2595 0.9488
vn 0.0022 -0.3471 0.9378
vn 0.0363 -0.6472 0.7615
vn 0.0038 -0.9316 0.3634
vn -0.0905 -0.8573 0.5067
vn -0.1821 -0.5608 0.8077
vn -0.1776 -0.8311 0.5270
vn -0.3196 -0.3224 0.8910
vn -0.0802 0.1391 0.9870
vn -0.1489 0.3569 0.9222
vn -0.1007 0.4174 0.9031
vn -0.0692 -0.0258 0.9973
vn -0.1249 0.0431 0.9912
vn -0.0925 0.5555 0.8263
vn -0.1197 0.7556 0.6440
vn -0.1108 0.8388 0.5330
vn -0.0665 0.2233 0.9725
vn -0.0506 0.0175 0.9986
vn -0.0455 -0.0638 0.9969
vn -0.1777 0.7144 0.6768
vn -0.0500 -0.4927 0.8688
vn -0.0698 -0.2078 0.9757
vn -0.0410 -0.2090 0.9771
vn -0.1122 -0.2028 0.9728
vn -0.0430 -0.1111 0.9929
vn -0.0377 -0.2562 0.9659
vn -0.0297 -0.5229 0.8519
vn -0.0259 -0.8196 0.5724
vn -0.0512 -0.7869 0.6150
vn -0.1068 -0.4669 0.8779
vn -0.1038 -0.7660 0.6344
vn -0.1066 0.1972 -0.9745
vn -0.2070 0.4466 -0.8705
vn -0.1836 0.0905 -0.9788
vn -0.0555 -0.0065 -0.9984
vn -0.0913 0.0072 -0.9958
vn -0.0541 -0.1201 -0.9913
vn -0.1025 0.2174 -0.9707
vn -0.1785 0.5751 -0.7984
vn -0.1775 0.8191 -0.5455
vn -0.1301 0.4919 -0.8609
vn -0.1717 -0.1375 -0.9755
vn -0.1133 -0.1263 -0.9855
vn -0.0818 -0.5984 -0.7970
vn -0.1741 -0.3138 -0.9334
vn -0.1809 -0.5711 -0.8007
vn -0.0857 -0.3383 -0.9371
vn 0.0088 -0.9336 -0.3581
vn -0.0355 -0.9248 -0.3787
vn 0.0350 -0.6586 -0.7517
vn 0.0351 -0.4965 -0.8674
vn -0.3213 -0.3225 -0.8904
vn -0.1803 -0.8307 -0.5267
vn -0.1073 -0.8612 -0.4969
vn -0.0538 0.0874 -0.9947
vn -0.1024 0.4230 -0.9003
vn -0.0883 0.0826 -0.9927
vn -0.1505 0.3642 -0.9191
vn -0.1266 0.0605 -0.9901
vn -0.0407 -0.0581 -0.9975
vn -0.0604 -0.1008 -0.9931
vn -0.0666 0.2232 -0.9725
vn -0.0927 0.5554 -0.8264
vn -0.1223 0.7599 -0.6384
vn -0.1778 0.7143 -0.6768
vn -0.1091 -0.1914 -0.9754
vn -0.0501 -0.5001 -0.8645
vn -0.1074 -0.4667 -0.8779
vn -0.0255 -0.8196 -0.5724
vn -0.0490 -0.7907 -0.6102
vn -0.0329 -0.5249 -0.8505
vn -0.0620 -0.2546 -0.9651
vn -0.0393 -0.2549 -0.9662
vn -0.1036 -0.7660 -0.6344
vn -0.0345 -0.9536 -0.2990
vn -0.0776 -0.9934 -0.0841
vn -0.0324 -0.9954 -0.0901
vn -0.0155 -0.9995 -0.0285
vn -0.0324 -0.9963 0.0794
vn -0.0147 -0.9999 -0.0006
vn -0.0173 -0.9941 -0.1067
vn -0.0197 -0.9620 -0.2725
vn -0.0843 -0.9471 -0.3096
vn -0.1730 -0.9809 -0.0885
vn -0.1303 0.9427 -0.3071
vn -0.1717 0.9799 -0.1018
vn -0.1776 0.9274 -0.3293
vn -0.1110 0.8387 -0.5331
vn -0.1143 0.9571 -0.2663
vn -0.1298 0.9881 -0.0826
vn -0.1748 0.9807 0.0879
vn -0.0948 -0.9928 -0.0735
vn -0.0425 -0.9955 -0.0843
vn -0.0961 -0.9689 -0.2281
vn -0.1540 -0.9860 -0.0643
vn 0.0237 -0.9965 -0.0799
vn -0.0430 -0.9971 0.0622
vn 0.0220 -0.9972 0.0713
vn -0.1600 -0.9578 -0.2387
vn -0.1000 -0.9936 0.0526
vn -0.1797 0.9604 -0.2131
vn -0.1609 0.9844 -0.0714
vn -0.1663 0.9545 -0.2474
vn -0.1549 0.8437 -0.5140
vn -0.0343 -0.9560 0.2913
vn -0.0746 -0.9925 0.0964
vn -0.0851 -0.9455 0.3143
vn -0.0196 -0.9620 0.2722
vn -0.1308 0.9407 0.3130
vn -0.1294 0.9871 0.0945
vn -0.1134 0.9930 0.0319
vn -0.1126 0.9936 0.0008
vn -0.1151 0.9871 0.1109
vn -0.1146 0.9570 0.2666
vn -0.1769 0.9295 0.3237
vn -0.0638 -0.9741 0.2167
vn -0.1481 -0.9862 0.0735
vn -0.1569 -0.9574 0.2423
vn -0.2652 -0.9604 0.0853
vn -0.1683 0.9574 0.2346
vn -0.1601 0.9848 0.0674
vn -0.1360 0.9879 0.0751
vn -0.2015 0.9766 0.0749
vn -0.1382 0.9885 -0.0619
vn -0.2057 0.9767 -0.0610
vn -0.1680 0.9536 0.2500
vn 0.0306 -0.0906 0.9954
vn 0.0718 -0.1245 0.9896
vn 0.0013 -0.0382 0.9993
vn 0.1075 -0.2337 0.9664
vn 0.2466 -0.4940 0.8337
vn 0.1303 -0.2464 0.9604
vn 0.4054 -0.7327 0.5467
vn 0.3286 -0.5301 0.7817
vn 0.5322 -0.6638 0.5255
vn 0.4944 -0.4482 0.7448
vn 0.2301 -0.2346 0.9445
vn 0.3877 -0.7538 0.5306
vn 0.4740 -0.8466 0.2419
vn 0.4483 -0.8637 0.2301
vn 0.4871 -0.8711 0.0625
vn 0.4589 -0.8884 0.0110
vn 0.4866 -0.8714 -0.0620
vn 0.5602 -0.8250 -0.0739
vn 0.5477 -0.8174 0.1786
vn 0.6655 -0.7436 -0.0645
vn 0.6677 -0.7305 0.1429
vn 0.4760 -0.8474 -0.2353
vn 0.4587 -0.8885 -0.0098
vn 0.4592 -0.8883 -0.0007
vn 0.4577 -0.8859 -0.0752
vn 0.4486 -0.8636 -0.2300
vn 0.3876 -0.7539 -0.5304
vn 0.3970 -0.7347 -0.5501
vn 0.5151 -0.7305 -0.4483
vn 0.2462 -0.4942 -0.8338
vn 0.1260 -0.2448 -0.9613
vn 0.3135 -0.5116 -0.8000
vn 0.1069 -0.2339 -0.9664
vn 0.0818 -0.1380 -0.9871
vn 0.0305 -0.0903 -0.9954
vn -0.0151 -0.0240 -0.9996
vn 0.2187 -0.2275 -0.9489
vn 0.4771 -0.4443 -0.7583
vn 0.5938 -0.6862 -0.4201
vn -0.0301 0.0235 -0.9993
vn -0.1075 0.1301 -0.9857
vn -0.1007 0.1731 -0.9797
vn -0.2298 0.3688 -0.9006
vn -0.2164 0.4368 -0.8731
vn -0.3332 0.6887 -0.6439
vn -0.3333 0.7101 -0.6202
vn -0.4595 0.8450 -0.2738
vn -0.3874 0.8606 -0.3307
vn -0.4174 0.9047 -0.0857
vn -0.3989 0.9159 -0.0443
vn -0.4355 0.8963 0.0841
vn -0.4369 0.6339 -0.6382
vn -0.4041 0.9135 0.0472
vn -0.3953 0.9185 -0.0033
vn -0.4017 0.9032 0.1515
vn -0.3872 0.8602 0.3320
vn -0.3340 0.7108 0.6190
vn -0.4299 0.8499 0.3047
vn -0.3634 0.6927 0.6230
vn -0.6028 0.7519 0.2668
vn -0.5788 0.8123 0.0724
vn -0.4957 0.8650 -0.0781
vn -0.0250 -0.0129 0.9996
vn -0.1386 0.0923 0.9860
vn -0.0892 0.1443 0.9855
vn -0.2591 0.5297 0.8076
vn -0.1005 0.1727 0.9798
vn -0.1910 0.2936 0.9367
vn -0.1274 0.2289 0.9651
vn -0.0294 0.0242 0.9993
vn -0.3096 0.4906 0.8145
vn -0.5302 0.5867 0.6121
vn 0.1129 -0.0739 0.9909
vn 0.3679 -0.1396 0.9193
vn 0.7568 -0.5417 0.3657
vn 0.6201 -0.3061 0.7223
vn 0.9303 -0.1826 0.3181
vn 0.7032 -0.1317 0.6987
vn 0.9312 0.0419 0.3621
vn 0.7205 0.0266 0.6929
vn 0.3858 -0.0035 0.9226
vn 0.1276 -0.0194 0.9916
vn 0.3860 0.1257 0.9139
vn 0.1278 0.0204 0.9916
vn 0.6750 0.1752 0.7168
vn 0.8955 0.2464 0.3706
vn 0.8249 0.3980 0.4014
vn 0.5907 0.2952 0.7510
vn 0.0653 0.0070 0.9978
vn 0.2867 0.1695 0.9429
vn 0.1301 0.0710 0.9889
vn 0.5485 0.3665 0.7515
vn 0.7479 0.5194 0.4134
vn 0.5036 0.4150 0.7577
vn 0.2608 0.1989 0.9447
vn 0.6863 0.5848 0.4326
vn 0.5108 0.4214 0.7494
vn 0.2799 0.2119 0.9363
vn 0.1061 0.0444 0.9934
vn 0.6880 0.5912 0.4209
vn 0.0038 -0.0368 0.9993
vn 0.5659 0.3883 0.7273
vn 0.3307 0.1867 0.9251
vn 0.7430 0.5428 0.3916
vn 0.3677 0.1069 0.9238
vn 0.1390 0.0073 0.9903
vn 0.6579 0.3415 0.6712
vn 0.8199 0.4540 0.3488
vn -0.0136 -0.0445 0.9989
vn 0.4241 -0.0196 0.9054
vn 0.1160 -0.0627 0.9913
vn 0.7640 0.0091 0.6451
vn 0.8956 0.3085 0.3206
vn 0.7321 0.1931 0.6532
vn 0.9488 0.0583 0.3104
vn -0.0442 -0.0307 0.9985
vn 0.3917 -0.1970 0.8988
vn 0.0340 -0.1149 0.9928
vn 0.6952 -0.2668 0.6675
vn 0.3087 -0.2755 0.9104
vn 0.8969 -0.2902 0.3338
vn 0.7054 -0.5970 0.3821
vn 0.5121 -0.4909 0.7048
vn -0.0512 0.0021 0.9987
vn 0.1215 -0.3541 0.9273
vn 0.2571 -0.6299 0.7329
vn 0.5149 -0.7865 0.3409
vn 0.2690 -0.8992 0.3450
vn 0.9105 -0.4102 0.0520
vn 0.8696 -0.3748 0.3214
vn 0.9771 -0.2095 0.0374
vn 0.7987 -0.5993 0.0538
vn 0.9951 -0.0459 0.0878
vn 0.9412 0.3231 0.0984
vn 0.9014 0.4319 0.0306
vn 0.8876 0.4314 0.1612
vn 0.9723 0.2105 0.1018
vn 0.8409 0.5398 0.0391
vn 0.8294 0.5307 0.1745
vn 0.7887 0.6136 0.0393
vn 0.7667 0.6124 0.1930
vn 0.7519 0.6580 0.0410
vn 0.7431 0.6461 0.1742
vn 0.7487 0.6617 0.0406
vn 0.7419 0.6497 0.1659
vn 0.7464 0.6643 -0.0399
vn 0.7961 0.6043 0.0322
vn 0.7914 0.5912 0.1553
vn 0.7729 0.6338 -0.0309
vn 0.8536 0.5202 -0.0267
vn 0.8552 0.5092 0.0968
vn 0.9249 0.3711 0.0827
vn 0.9897 0.1419 0.0167
vn 0.9879 0.1065 0.1129
vn 0.9141 0.4050 -0.0213
vn 0.9641 0.2653 -0.0068
vn 0.8655 -0.4825 0.1343
vn 0.8030 -0.5946 0.0401
vn 0.7754 -0.6150 0.1435
vn 0.9916 -0.0651 0.1116
vn 0.9740 -0.2240 0.0353
vn 0.9932 -0.1147 -0.0192
vn 0.3108 -0.9483 0.0643
vn 0.1326 -0.9888 0.0687
vn 0.1363 -0.9220 0.3624
vn 0.5621 -0.8251 0.0567
vn 0.7960 -0.5908 -0.1320
vn 0.7290 -0.5219 -0.4429
vn 0.9084 -0.4008 -0.1188
vn 0.8413 -0.3682 -0.3958
vn 0.9739 -0.2005 -0.1063
vn 0.9113 -0.1746 -0.3730
vn 0.9945 -0.0325 -0.0992
vn 0.9901 0.1060 0.0923
vn 0.9298 0.0422 -0.3657
vn 0.9883 0.1145 -0.1006
vn 0.9703 0.2162 -0.1088
vn 0.8925 0.2484 -0.3764
vn 0.9386 0.3284 -0.1059
vn 0.8859 0.4335 -0.1649
vn 0.8391 0.5426 -0.0387
vn 0.8994 0.4358 -0.0339
vn 0.8248 0.3968 -0.4027
vn 0.8262 0.5368 -0.1709
vn 0.7587 0.4966 -0.4215
vn 0.7841 0.6071 -0.1290
vn 0.7060 0.5747 -0.4139
vn 0.7346 0.6538 -0.1814
vn 0.7495 0.6609 -0.0397
vn 0.6884 0.5911 -0.4204
vn 0.7431 0.6492 -0.1623
vn 0.7933 0.5908 -0.1469
vn 0.8142 0.5796 -0.0353
vn 0.7466 0.5390 -0.3901
vn 0.8602 0.4955 -0.1204
vn 0.9316 0.3469 -0.1083
vn 0.8229 0.4474 -0.3502
vn 0.9000 0.3014 -0.3150
vn 0.9939 0.0962 -0.0544
vn 0.9520 -0.2740 -0.1363
vn 0.9314 -0.3630 -0.0286
vn 0.7878 -0.6152 -0.0317
vn 0.9503 0.0609 -0.3055
vn 0.8070 -0.4758 -0.3499
vn 0.7625 -0.6261 -0.1631
vn 0.2792 -0.8954 -0.3468
vn 0.1338 -0.9881 -0.0760
vn 0.3071 -0.9500 -0.0560
vn 0.5464 -0.8285 -0.1229
vn 0.5486 -0.7468 -0.3759
vn 0.1364 -0.9215 -0.3636
vn 0.3611 -0.1454 -0.9211
vn 0.6081 -0.3005 -0.7348
vn 0.1532 -0.0549 -0.9867
vn 0.6943 -0.1284 -0.7082
vn 0.3730 0.0030 -0.9278
vn 0.7187 0.0276 -0.6948
vn 0.6722 0.1756 -0.7192
vn 0.3839 0.1225 -0.9152
vn 0.5940 0.2919 -0.7496
vn 0.5534 0.3417 -0.7596
vn 0.1388 0.0189 -0.9901
vn 0.3007 0.1834 -0.9359
vn 0.0115 -0.0365 -0.9993
vn 0.1261 0.0625 -0.9900
vn 0.5008 0.3954 -0.7700
vn 0.2599 0.2023 -0.9442
vn 0.5129 0.4213 -0.7480
vn 0.2773 0.2090 -0.9378
vn 0.0118 -0.0291 -0.9995
vn 0.1051 0.0434 -0.9935
vn 0.5692 0.3877 -0.7251
vn 0.3270 0.1871 -0.9263
vn 0.6483 0.3217 -0.6901
vn 0.3788 0.1660 -0.9105
vn 0.0038 -0.0376 -0.9993
vn 0.1179 -0.0073 -0.9930
vn 0.4138 0.0344 -0.9097
vn 0.6192 -0.0115 -0.7851
vn 0.7252 0.2128 -0.6548
vn -0.0330 -0.0495 -0.9982
vn 0.1092 -0.0843 -0.9904
vn 0.4253 -0.0831 -0.9012
vn 0.3353 -0.2388 -0.9114
vn 0.5519 -0.2238 -0.8033
vn 0.4191 -0.3968 -0.8166
vn 0.9098 0.0147 -0.4148
vn 0.9284 -0.1925 -0.3178
vn -0.0525 -0.0323 -0.9981
vn 0.0313 -0.1183 -0.9925
vn 0.1862 -0.2952 -0.9371
vn 0.6418 -0.5800 -0.5017
vn 0.8518 -0.3019 -0.4282
vn 0.2789 -0.6249 -0.7291
vn 0.0400 -0.2723 -0.9614
vn -0.1559 0.0151 -0.9877
vn -0.0157 -0.0472 -0.9988
vn -0.3543 0.3311 -0.8746
vn -0.6171 0.4515 -0.6445
vn -0.4010 0.0717 -0.9133
vn -0.7362 -0.1337 -0.6635
vn -0.4368 -0.0858 -0.8954
vn -0.1435 -0.0833 -0.9861
vn -0.3817 -0.2295 -0.8953
vn -0.1219 -0.1306 -0.9839
vn -0.6639 -0.3416 -0.6653
vn -0.3221 -0.2923 -0.9004
vn -0.1589 -0.1601 -0.9742
vn -0.5700 -0.5262 -0.6311
vn -0.3375 -0.3286 -0.8821
vn -0.5780 -0.5225 -0.6268
vn -0.3828 -0.2971 -0.8747
vn -0.1759 -0.1228 -0.9767
vn -0.6370 -0.4666 -0.6136
vn -0.4424 -0.2433 -0.8632
vn -0.2286 -0.0748 -0.9706
vn -0.7129 -0.3634 -0.5997
vn -0.4932 -0.1676 -0.8536
vn -0.7825 -0.2234 -0.5812
vn -0.5256 -0.0387 -0.8498
vn -0.2513 0.0476 -0.9667
vn -0.0622 0.0102 -0.9980
vn -0.8114 0.1252 -0.5709
vn -0.5385 0.1148 -0.8348
vn -0.7601 0.3077 -0.5723
vn -0.4407 0.2683 -0.8566
vn -0.1782 0.1839 -0.9666
vn -0.5556 0.5996 -0.5759
vn -0.3260 0.4630 -0.8243
vn -0.2889 0.8426 -0.4545
vn -0.7350 0.6102 -0.2958
vn -0.8853 0.4588 -0.0759
vn -0.9150 0.2133 -0.3426
vn -0.6070 0.7923 -0.0623
vn -0.9924 0.0862 -0.0874
vn -0.9929 -0.1170 0.0216
vn -0.9873 -0.0854 -0.1337
vn -0.9277 -0.1332 -0.3487
vn -0.7300 0.1125 -0.6741
vn -0.9289 -0.3484 -0.1252
vn -0.8697 -0.3483 -0.3496
vn -0.9378 -0.3458 0.0300
vn -0.8690 -0.4940 0.0296
vn -0.8580 -0.4989 -0.1224
vn -0.7987 -0.4974 -0.3387
vn -0.7906 -0.5922 -0.1560
vn -0.7388 -0.5762 -0.3494
vn -0.7995 -0.5992 -0.0421
vn -0.8205 -0.5708 0.0304
vn -0.6178 -0.4621 -0.6362
vn -0.7406 -0.6558 -0.1462
vn -0.7000 -0.6291 -0.3380
vn -0.7499 -0.6600 -0.0453
vn -0.7493 -0.6614 0.0329
vn -0.7075 -0.6251 -0.3296
vn -0.7485 -0.6626 -0.0268
vn -0.7421 -0.6558 -0.1385
vn -0.7722 -0.6177 -0.1491
vn -0.7766 -0.5443 -0.3172
vn -0.7816 -0.6232 -0.0254
vn -0.8874 -0.4398 -0.1381
vn -0.8549 -0.4150 -0.3113
vn -0.8309 -0.5389 -0.1386
vn -0.8904 -0.4546 -0.0241
vn -0.8307 -0.5562 -0.0248
vn -0.9200 -0.2546 -0.2979
vn -0.9868 -0.1409 -0.0794
vn -0.9564 -0.0517 -0.2875
vn -0.9492 -0.2825 -0.1388
vn -0.9372 -0.3481 -0.0235
vn -0.8216 -0.0410 -0.5685
vn -0.9486 0.1487 -0.2794
vn -0.9589 0.2749 -0.0702
vn -0.8952 0.3496 -0.2764
vn -0.9881 0.1338 -0.0758
vn -0.8275 0.5566 -0.0741
vn -0.7917 0.5463 -0.2735
vn -0.6716 0.4823 -0.5624
vn -0.6519 0.7112 -0.2631
vn -0.4955 0.8664 -0.0618
vn -0.4668 0.8507 -0.2417
vn -0.3130 0.9472 -0.0700
vn -0.6900 0.7207 -0.0669
vn -0.3810 0.7452 -0.5473
vn -0.7948 0.6009 0.0851
vn -0.7412 0.6035 0.2941
vn -0.8840 0.4551 0.1068
vn -0.7009 0.2261 0.6765
vn -0.9282 -0.1150 0.3540
vn -0.9422 0.0555 0.3305
vn -0.9834 -0.0958 0.1539
vn -0.9928 0.0715 0.0959
vn -0.7958 0.5983 -0.0935
vn -0.9203 -0.3585 0.1566
vn -0.6627 -0.3404 0.6671
vn -0.8655 -0.3512 0.3572
vn -0.7968 -0.4977 0.3426
vn -0.8518 -0.5009 0.1535
vn -0.7892 -0.5958 0.1491
vn -0.5936 -0.4678 0.6548
vn -0.7375 -0.5780 0.3494
vn -0.7731 -0.6334 0.0337
vn -0.7406 -0.6564 0.1436
vn -0.5640 -0.5186 0.6427
vn -0.6994 -0.6301 0.3373
vn -0.7449 -0.6581 0.1093
vn -0.5780 -0.5226 0.6267
vn -0.7091 -0.6256 0.3252
vn -0.7799 -0.6166 0.1074
vn -0.6412 -0.4678 0.6083
vn -0.7350 -0.5923 0.3302
vn -0.7959 -0.5140 0.3200
vn -0.8896 -0.4447 0.1039
vn -0.8298 -0.5479 0.1058
vn -0.7124 -0.3608 0.6019
vn -0.8574 -0.4113 0.3095
vn -0.9199 -0.2536 0.2993
vn -0.9681 -0.2310 0.0967
vn -0.9356 -0.3378 0.1024
vn -0.9875 -0.1255 0.0953
vn -0.7821 -0.2230 0.5819
vn -0.9542 -0.0491 0.2950
vn -0.9958 0.0136 0.0909
vn -0.9973 -0.0014 -0.0736
vn -0.9715 -0.2369 -0.0088
vn -0.9470 0.1492 0.2844
vn -0.9540 0.2872 0.0865
vn -0.9849 0.1464 0.0925
vn -0.8914 0.3520 0.2854
vn -0.8968 0.4336 0.0880
vn -0.8209 -0.0400 0.5696
vn -0.8112 0.1260 0.5710
vn -0.7566 0.3090 0.5763
vn -0.7901 0.5463 0.2780
vn -0.8188 0.5668 0.0910
vn -0.9050 0.4196 -0.0704
vn -0.6509 0.7104 0.2677
vn -0.4865 0.8705 0.0752
vn -0.6797 0.7289 0.0827
vn -0.4663 0.8496 0.2467
vn -0.3069 0.9480 0.0846
vn -0.6715 0.4824 0.5624
vn -0.5545 0.5995 0.5772
vn -0.3831 0.7466 0.5439
vn -0.2853 0.8500 0.4429
vn -0.4072 0.1053 0.9072
vn -0.3511 0.2709 0.8963
vn -0.1503 -0.0218 0.9884
vn -0.0090 -0.0450 0.9989
vn -0.4270 -0.1039 0.8983
vn -0.7320 -0.1215 0.6703
vn -0.2544 -0.1257 0.9589
vn -0.3771 -0.2168 0.9004
vn 0.0212 -0.0318 0.9993
vn -0.1156 -0.1320 0.9845
vn -0.3539 -0.2848 0.8909
vn -0.3286 -0.3214 0.8881
vn -0.1568 -0.1584 0.9748
vn -0.3337 -0.3271 0.8841
vn -0.3779 -0.2930 0.8783
vn -0.2032 -0.1116 0.9727
vn -0.4304 -0.2490 0.8676
vn -0.4897 -0.1594 0.8572
vn -0.2336 -0.0403 0.9715
vn -0.5387 -0.0410 0.8415
vn -0.2355 0.0389 0.9711
vn -0.4575 0.2753 0.8455
vn -0.5256 0.1138 0.8431
vn -0.2026 0.1092 0.9732
vn -0.1468 0.1949 0.9698
vn -0.1977 0.5307 0.8242
vn -0.3286 0.4414 0.8350
vn -0.9654 -0.2599 0.0212
vn -0.9542 -0.2934 0.0579
vn -0.9621 -0.2506 0.1074
vn -0.9549 -0.2833 0.0886
vn -0.8779 -0.4483 0.1684
vn -0.9260 -0.3535 0.1326
vn -0.8812 -0.4588 0.1137
vn -0.8386 -0.5137 0.1815
vn -0.8299 -0.5428 0.1287
vn -0.7253 -0.6830 0.0862
vn -0.7418 -0.6649 0.0872
vn -0.7888 -0.6143 0.0183
vn -0.7334 -0.6784 0.0436
vn -0.8190 -0.5524 0.1553
vn -0.7747 -0.6226 0.1108
vn -0.8779 -0.4483 -0.1682
vn -0.9256 -0.3538 -0.1349
vn -0.9667 -0.2335 -0.1049
vn -0.9546 -0.2777 -0.1077
vn -0.9574 -0.2878 -0.0212
vn -0.9475 -0.3143 -0.0587
vn -0.8464 -0.5001 -0.1833
vn -0.8813 -0.4579 -0.1168
vn -0.8295 -0.5435 -0.1289
vn -0.8012 -0.5981 -0.0188
vn -0.7344 -0.6773 -0.0437
vn -0.7299 -0.6785 -0.0829
vn -0.7376 -0.6718 -0.0671
vn -0.8193 -0.5525 -0.1533
vn -0.7747 -0.6225 -0.1109
vn 0.3413 0.0548 -0.9384
vn 0.5571 0.0920 -0.8253
vn 0.6685 0.1050 -0.7363
vn 0.8991 0.1084 -0.4241
vn 0.9775 0.0920 -0.1897
vn 0.9384 0.0548 0.3413
vn 0.8253 0.0920 0.5571
vn 0.7363 0.1049 0.6685
vn 0.4241 0.1084 0.8991
vn 0.1897 0.0920 0.9775
vn -0.5572 0.0918 0.8253
vn -0.6685 0.1050 0.7363
vn -0.8991 0.1084 0.4241
vn -0.9775 0.0920 0.1897
vn -0.9384 0.0548 -0.3413
vn -0.8253 0.0920 -0.5571
vn -0.7363 0.1050 -0.6685
vn -0.4241 0.1084 -0.8991
vn -0.2405 0.1084 -0.9646
vn -0.7301 0.1993 0.6536
vn -0.8437 0.1993 0.4985
vn -0.9247 0.1993 0.3243
vn -0.6536 0.1993 -0.7301
vn -0.4987 0.1993 -0.8436
vn -0.3244 0.1993 -0.9247
vn -0.1379 0.1993 -0.9702
vn 0.7301 0.1993 -0.6536
vn 0.8437 0.1993 -0.4985
vn 0.9247 0.1993 -0.3243
vn 0.7835 0.1993 0.5886
vn 0.6536 0.1993 0.7301
vn 0.3243 0.1993 0.9247
vn 0.1379 0.1993 0.9702
vn -0.0001 -1.0000 -0.0001
vn -0.0485 0.0170 -0.9987
vn -0.0442 -0.1124 -0.9927
vn -0.1154 0.9870 -0.1115
vn -0.1153 0.9928 -0.0325
vn -0.0176 -0.9941 0.1072
vn -0.0171 -0.9994 0.0289
vn 0.4582 -0.8857 0.0745
vn 0.0013 -0.0387 -0.9993
vn -0.3998 0.9040 -0.1513
vn 0.0495 -0.5157 -0.8554
vn -0.9650 -0.2381 0.1099
vn -0.9538 -0.2790 0.1115
vn -0.8922 -0.4184 0.1699
vn -0.8911 -0.4256 0.1576
vn -0.8584 -0.5070 0.0784
vn -0.7302 -0.6781 0.0831
vn -0.7372 -0.6723 0.0670
vn -0.7918 -0.5953 0.1368
vn -0.7911 -0.5961 0.1373
vn -0.8935 -0.4169 -0.1669
vn -0.9383 -0.3214 -0.1277
vn -0.9656 -0.2390 -0.1026
vn -0.9659 -0.2452 -0.0828
vn -0.9489 -0.2867 -0.1318
vn -0.9036 -0.3383 -0.2628
vn -0.8633 -0.5007 -0.0635
vn -0.7934 -0.5924 -0.1399
vn -0.7250 -0.6834 -0.0856
vn -0.7418 -0.6649 -0.0871
vn -0.7930 -0.5929 -0.1402
vt 0.253245 1.000000
vt 0.284403 1.000000
vt 0.253153 1.000000
vt 0.659403 1.000000
vt 0.706027 1.000000
vt 0.643527 1.000000
vt 0.684255 1.000000
vt 0.660150 1.000000
vt 0.690653 1.000000
vt 0.669219 1.000000
vt 0.765938 1.000000
vt 0.578586 1.000000
vt 0.210110 1.000000
vt 0.268527 1.000000
vt 0.206027 1.000000
vt 0.218746 1.000000
vt 0.632112 1.000000
vt 0.628153 1.000000
vt 0.184255 1.000000
vt 0.200427 1.000000
vt 0.266648 1.000000
vt 0.132566 1.000000
vt 0.596903 1.000000
vt 0.581027 1.000000
vt 0.596995 1.000000
vt 0.163266 1.000000
vt 0.143527 1.000000
vt 0.153005 1.000000
vt 0.562496 1.000000
vt 0.565653 1.000000
vt 0.959938 1.000000
vt 0.996112 1.000000
vt 0.951586 1.000000
vt 0.975976 1.000000
vt 0.996100 1.000000
vt 0.971902 1.000000
vt 1.000000 1.000000
vt 0.128153 1.000000
vt 0.121755 1.000000
vt 0.534403 1.000000
vt 0.518527 1.000000
vt 0.524137 1.000000
vt 0.948555 1.000000
vt 0.940653 1.000000
vt 0.096903 1.000000
vt 0.081027 1.000000
vt 0.090505 1.000000
vt 0.503153 1.000000
vt 0.492774 1.000000
vt 0.909403 1.000000
vt 0.893527 1.000000
vt 0.921874 1.000000
vt 0.899024 1.000000
vt 0.065653 1.000000
vt 0.055387 1.000000
vt 0.471903 1.000000
vt 0.471767 1.000000
vt 0.465505 1.000000
vt 0.497235 1.000000
vt 0.404945 1.000000
vt 0.878153 1.000000
vt 0.871755 1.000000
vt 0.034402 1.000000
vt 0.022458 1.000000
vt 0.020190 1.000000
vt 0.440653 1.000000
vt 0.424777 1.000000
vt 0.434256 1.000000
vt 0.846903 1.000000
vt 0.831027 1.000000
vt 0.836637 1.000000
vt 0.856719 1.000000
vt 0.005291 1.000000
vt 0.000000 1.000000
vt 0.047556 1.000000
vt 0.005265 1.000000
vt 0.409403 1.000000
vt 0.403005 1.000000
vt 0.815653 1.000000
vt 0.808599 1.000000
vt 0.378153 1.000000
vt 0.362277 1.000000
vt 0.371755 1.000000
vt 0.784403 1.000000
vt 0.768527 1.000000
vt 0.784495 1.000000
vt 0.346903 1.000000
vt 0.336637 1.000000
vt 0.325428 1.000000
vt 0.753245 1.000000
vt 0.753153 1.000000
vt 0.315653 1.000000
vt 0.315517 1.000000
vt 0.308599 1.000000
vt 0.721903 1.000000
vt 0.718746 1.000000
vt 0.284495 1.000000
vt 0.992180 0.528300
vt 0.999934 0.516934
vt 1.000000 0.527050
vt 0.979304 0.528661
vt 0.985986 0.516297
vt 0.976527 0.516417
vt 0.964914 0.518061
vt 0.995985 0.515387
vt 0.773162 0.485168
vt 0.796501 0.467776
vt 0.753122 0.472664
vt 0.755767 0.485805
vt 0.751920 0.462968
vt 0.793430 0.458502
vt 0.951452 0.516451
vt 0.964837 0.515455
vt 0.955909 0.528861
vt 0.968747 0.529794
vt 0.945312 0.529303
vt 0.933673 0.518061
vt 0.933603 0.515455
vt 0.945312 0.515449
vt 0.818421 0.475554
vt 0.838094 0.454520
vt 0.801736 0.480467
vt 0.833272 0.446023
vt 0.920204 0.516451
vt 0.929688 0.529247
vt 0.937500 0.529869
vt 0.916784 0.528936
vt 0.906250 0.516485
vt 0.914063 0.515449
vt 0.862569 0.460601
vt 0.876301 0.433404
vt 0.847000 0.468922
vt 0.869914 0.426011
vt 0.895714 0.528928
vt 0.906250 0.529837
vt 0.882813 0.516426
vt 0.892296 0.516451
vt 0.882813 0.529264
vt 0.871173 0.518062
vt 0.901492 0.434593
vt 0.909655 0.405240
vt 0.892402 0.442054
vt 0.881158 0.446291
vt 0.915227 0.384872
vt 0.857704 0.516451
vt 0.871103 0.515455
vt 0.867188 0.529292
vt 0.875000 0.529828
vt 0.854331 0.528731
vt 0.843750 0.516485
vt 0.851562 0.515449
vt 0.932667 0.399911
vt 0.936873 0.371110
vt 0.922431 0.414256
vt 0.833212 0.528919
vt 0.843750 0.529828
vt 0.816327 0.518061
vt 0.829796 0.516451
vt 0.958403 0.361394
vt 0.956909 0.332326
vt 0.952819 0.371584
vt 0.949514 0.383311
vt 0.947491 0.329727
vt 0.911582 0.356935
vt 0.801978 0.528988
vt 0.812500 0.529828
vt 0.789063 0.529326
vt 0.781250 0.516485
vt 0.795204 0.516451
vt 0.789062 0.515449
vt 0.804688 0.516426
vt 0.816397 0.515455
vt 0.978515 0.319319
vt 0.968995 0.290378
vt 0.975102 0.330573
vt 0.967128 0.346257
vt 0.959250 0.289666
vt 0.768410 0.528861
vt 0.781250 0.529897
vt 0.756040 0.516611
vt 0.767296 0.516451
vt 0.985168 0.273162
vt 0.972664 0.246878
vt 0.983908 0.284714
vt 0.981541 0.296056
vt 0.962202 0.228537
vt 0.739460 0.528909
vt 0.750000 0.529622
vt 0.722577 0.518061
vt 0.736046 0.516451
vt 0.746103 0.515455
vt 0.987648 0.226594
vt 0.967777 0.203499
vt 0.983890 0.244234
vt 0.708208 0.528899
vt 0.718750 0.529846
vt 0.695312 0.529303
vt 0.683673 0.518061
vt 0.701454 0.516451
vt 0.683603 0.515455
vt 0.695313 0.515449
vt 0.710938 0.516426
vt 0.722647 0.515455
vt 0.975554 0.181579
vt 0.954520 0.161906
vt 0.979387 0.192558
vt 0.984013 0.209405
vt 0.946023 0.166728
vt 0.939871 0.211358
vt 0.670204 0.516451
vt 0.679688 0.529247
vt 0.687500 0.529869
vt 0.666786 0.528927
vt 0.656250 0.516485
vt 0.664063 0.515449
vt 0.960601 0.137432
vt 0.933404 0.123699
vt 0.968922 0.153000
vt 0.926011 0.130086
vt 0.645714 0.528928
vt 0.656250 0.529837
vt 0.632813 0.516426
vt 0.642296 0.516451
vt 0.632812 0.529292
vt 0.621173 0.518062
vt 0.934593 0.098508
vt 0.905240 0.090346
vt 0.942054 0.107599
vt 0.946291 0.118842
vt 0.899234 0.098052
vt 0.607704 0.516451
vt 0.621103 0.515455
vt 0.617188 0.529292
vt 0.625000 0.529766
vt 0.604331 0.528731
vt 0.593750 0.516485
vt 0.601563 0.515449
vt 0.899911 0.067333
vt 0.871110 0.063128
vt 0.914256 0.077569
vt 0.866723 0.071858
vt 0.583212 0.528919
vt 0.593750 0.529828
vt 0.566327 0.518061
vt 0.579796 0.516451
vt 0.861394 0.041597
vt 0.832326 0.043091
vt 0.871584 0.047182
vt 0.883311 0.050486
vt 0.829727 0.052509
vt 0.551978 0.528988
vt 0.562500 0.529828
vt 0.539062 0.529326
vt 0.531250 0.516485
vt 0.545204 0.516451
vt 0.539062 0.515449
vt 0.554688 0.516426
vt 0.566397 0.515455
vt 0.819319 0.021485
vt 0.790378 0.031006
vt 0.830573 0.024898
vt 0.846257 0.032872
vt 0.789666 0.040750
vt 0.518410 0.528861
vt 0.531250 0.529897
vt 0.506041 0.516611
vt 0.517296 0.516451
vt 0.773162 0.014832
vt 0.746879 0.027336
vt 0.784714 0.016092
vt 0.796057 0.018459
vt 0.748081 0.037032
vt 0.489460 0.528909
vt 0.500000 0.529881
vt 0.472577 0.518061
vt 0.486046 0.516451
vt 0.496103 0.515455
vt 0.726594 0.012352
vt 0.703499 0.032224
vt 0.744234 0.016110
vt 0.706570 0.041498
vt 0.458208 0.528899
vt 0.468750 0.529846
vt 0.445313 0.529303
vt 0.433673 0.518061
vt 0.451454 0.516451
vt 0.433603 0.515455
vt 0.445313 0.515449
vt 0.460938 0.516426
vt 0.472647 0.515455
vt 0.681579 0.024446
vt 0.661907 0.045480
vt 0.692558 0.020613
vt 0.709405 0.015987
vt 0.666728 0.053978
vt 0.420204 0.516451
vt 0.429688 0.529247
vt 0.437500 0.529869
vt 0.416784 0.528936
vt 0.406250 0.516485
vt 0.414063 0.515449
vt 0.637432 0.039399
vt 0.623699 0.066596
vt 0.653000 0.031078
vt 0.630086 0.073990
vt 0.395714 0.528928
vt 0.406250 0.529837
vt 0.382812 0.516426
vt 0.392296 0.516451
vt 0.382813 0.529264
vt 0.371173 0.518062
vt 0.598508 0.065407
vt 0.590346 0.094760
vt 0.607599 0.057946
vt 0.618842 0.053709
vt 0.598052 0.100766
vt 0.357704 0.516451
vt 0.371103 0.515455
vt 0.367188 0.529292
vt 0.375000 0.529869
vt 0.354331 0.528731
vt 0.343750 0.516485
vt 0.351563 0.515449
vt 0.567333 0.100089
vt 0.563128 0.128890
vt 0.577569 0.085744
vt 0.571858 0.133277
vt 0.333212 0.528919
vt 0.343750 0.529828
vt 0.316327 0.518061
vt 0.329796 0.516451
vt 0.541597 0.138606
vt 0.543091 0.167674
vt 0.547182 0.128416
vt 0.550486 0.116689
vt 0.545737 0.188623
vt 0.304688 0.528625
vt 0.312500 0.529033
vt 0.296875 0.528250
vt 0.304688 0.516426
vt 0.289063 0.528624
vt 0.281250 0.516485
vt 0.295204 0.516451
vt 0.289062 0.515449
vt 0.316397 0.515455
vt 0.521485 0.180681
vt 0.531006 0.209622
vt 0.524899 0.169427
vt 0.532872 0.153743
vt 0.273438 0.528624
vt 0.281250 0.529198
vt 0.265625 0.528249
vt 0.267296 0.516451
vt 0.256040 0.516611
vt 0.514832 0.226838
vt 0.527336 0.253122
vt 0.516092 0.215286
vt 0.518459 0.203944
vt 0.537032 0.251919
vt 0.559795 0.213040
vt 0.242188 0.528624
vt 0.250000 0.529198
vt 0.234375 0.528249
vt 0.236046 0.516451
vt 0.222577 0.518061
vt 0.246103 0.515455
vt 0.512352 0.273406
vt 0.532224 0.296501
vt 0.516110 0.255766
vt 0.541499 0.293430
vt 0.210938 0.528625
vt 0.218750 0.529199
vt 0.203125 0.528249
vt 0.210938 0.516426
vt 0.195313 0.528624
vt 0.183673 0.518061
vt 0.201454 0.516451
vt 0.183603 0.515455
vt 0.195312 0.515449
vt 0.222647 0.515455
vt 0.524446 0.318421
vt 0.545480 0.338094
vt 0.520613 0.307442
vt 0.515987 0.290595
vt 0.553978 0.333272
vt 0.170204 0.516451
vt 0.179688 0.529247
vt 0.187500 0.529199
vt 0.166786 0.528927
vt 0.156250 0.516485
vt 0.164063 0.515449
vt 0.539399 0.362568
vt 0.566596 0.376301
vt 0.531078 0.347000
vt 0.573990 0.369914
vt 0.145714 0.528928
vt 0.156250 0.529837
vt 0.132813 0.516426
vt 0.142296 0.516451
vt 0.132813 0.529264
vt 0.121173 0.518062
vt 0.565407 0.401492
vt 0.594760 0.409654
vt 0.557946 0.392401
vt 0.553709 0.381158
vt 0.615128 0.415227
vt 0.107704 0.516451
vt 0.121103 0.515455
vt 0.117188 0.529292
vt 0.125000 0.529818
vt 0.104331 0.528731
vt 0.093750 0.516485
vt 0.101563 0.515449
vt 0.600089 0.432667
vt 0.628890 0.436873
vt 0.585744 0.422431
vt 0.083212 0.528919
vt 0.093750 0.529828
vt 0.066327 0.518061
vt 0.079796 0.516451
vt 0.638606 0.458403
vt 0.667674 0.456909
vt 0.628416 0.452819
vt 0.616689 0.449514
vt 0.670274 0.447491
vt 0.643065 0.411583
vt 0.051968 0.528944
vt 0.062500 0.529837
vt 0.039064 0.529308
vt 0.031268 0.516485
vt 0.045207 0.516451
vt 0.039072 0.515449
vt 0.054688 0.516426
vt 0.066397 0.515455
vt 0.680681 0.478515
vt 0.709622 0.468994
vt 0.669427 0.475102
vt 0.653743 0.467128
vt 0.710334 0.459250
vt 0.023443 0.529273
vt 0.031253 0.529837
vt 0.010543 0.528255
vt 0.017350 0.516407
vt 0.006123 0.516190
vt 0.726594 0.487648
vt 0.715287 0.483908
vt 0.703944 0.481541
vt 0.988095 0.999993
vt 0.992122 1.000000
vt 0.984327 1.000000
vt 0.976535 1.000000
vt 0.972582 0.999970
vt 0.999913 1.000000
vt 0.976563 1.000000
vt 0.992188 1.000000
vt 0.984375 1.000000
vt 0.968750 1.000000
vt 0.968736 1.000000
vt 0.949214 0.999975
vt 0.937500 1.000000
vt 0.933971 0.999811
vt 0.960935 1.000000
vt 0.953123 1.000000
vt 0.960931 1.000000
vt 0.945313 1.000000
vt 0.945312 1.000000
vt 0.960938 1.000000
vt 0.953125 1.000000
vt 0.952207 1.000000
vt 0.921875 1.000000
vt 0.914063 1.000000
vt 0.910462 1.000000
vt 0.926180 0.999990
vt 0.929688 1.000000
vt 0.929688 1.000000
vt 0.921875 1.000000
vt 0.906250 1.000000
vt 0.898438 1.000000
vt 0.890625 1.000000
vt 0.886339 1.000000
vt 0.875000 1.000000
vt 0.875000 0.999968
vt 0.898438 0.999976
vt 0.882813 1.000000
vt 0.875000 1.000000
vt 0.882813 1.000000
vt 0.898567 1.000000
vt 0.863332 1.000000
vt 0.867188 1.000000
vt 0.859375 1.000000
vt 0.851562 0.999972
vt 0.843750 1.000000
vt 0.839882 0.999972
vt 0.851562 1.000000
vt 0.851562 1.000000
vt 0.843750 1.000000
vt 0.868634 1.000000
vt 0.824028 1.000000
vt 0.835938 1.000000
vt 0.828125 1.000000
vt 0.812500 1.000000
vt 0.808632 0.999972
vt 0.835894 1.000000
vt 0.820312 1.000000
vt 0.812500 1.000000
vt 0.796875 1.000000
vt 0.789063 1.000000
vt 0.785462 1.000000
vt 0.804688 1.000000
vt 0.781250 1.000000
vt 0.762047 0.999989
vt 0.773438 1.000000
vt 0.765625 1.000000
vt 0.769596 0.999803
vt 0.757813 1.000000
vt 0.750000 1.000000
vt 0.746151 0.999988
vt 0.773398 1.000000
vt 0.757812 1.000000
vt 0.765625 1.000000
vt 0.730797 0.999989
vt 0.742188 1.000000
vt 0.734375 1.000000
vt 0.726563 1.000000
vt 0.718750 1.000000
vt 0.714538 1.000000
vt 0.742188 1.000000
vt 0.718750 1.000000
vt 0.726563 1.000000
vt 0.699214 0.999975
vt 0.687500 1.000000
vt 0.683971 0.999811
vt 0.703125 1.000000
vt 0.710938 1.000000
vt 0.695312 1.000000
vt 0.703125 1.000000
vt 0.710894 1.000000
vt 0.687500 1.000000
vt 0.702207 1.000000
vt 0.671875 1.000000
vt 0.664063 1.000000
vt 0.660462 1.000000
vt 0.676180 0.999990
vt 0.679688 1.000000
vt 0.664063 1.000000
vt 0.671875 1.000000
vt 0.656250 1.000000
vt 0.656250 1.000000
vt 0.648438 1.000000
vt 0.640625 1.000000
vt 0.636339 1.000000
vt 0.625000 1.000000
vt 0.625000 0.999968
vt 0.648438 0.999976
vt 0.640625 1.000000
vt 0.632813 1.000000
vt 0.632813 1.000000
vt 0.648567 1.000000
vt 0.613332 1.000000
vt 0.617188 1.000000
vt 0.609375 1.000000
vt 0.601562 0.999972
vt 0.593750 1.000000
vt 0.589882 0.999972
vt 0.601563 1.000000
vt 0.617188 1.000000
vt 0.601563 1.000000
vt 0.618634 1.000000
vt 0.574028 1.000000
vt 0.585938 1.000000
vt 0.578125 1.000000
vt 0.562500 1.000000
vt 0.558632 0.999972
vt 0.585894 1.000000
vt 0.570312 1.000000
vt 0.562500 1.000000
vt 0.546875 1.000000
vt 0.539063 1.000000
vt 0.535462 1.000000
vt 0.554688 1.000000
vt 0.539062 1.000000
vt 0.554688 1.000000
vt 0.531250 1.000000
vt 0.531250 1.000000
vt 0.519203 0.999989
vt 0.523438 1.000000
vt 0.515625 1.000000
vt 0.511519 0.999807
vt 0.500000 1.000000
vt 0.496330 0.999970
vt 0.507813 1.000000
vt 0.507812 1.000000
vt 0.523398 1.000000
vt 0.484375 1.000000
vt 0.492188 1.000000
vt 0.476563 1.000000
vt 0.472421 0.999970
vt 0.492188 1.000000
vt 0.468750 1.000000
vt 0.468750 1.000000
vt 0.453125 1.000000
vt 0.445313 1.000000
vt 0.441712 1.000000
vt 0.457429 0.999990
vt 0.460938 1.000000
vt 0.445479 1.000000
vt 0.453125 1.000000
vt 0.460897 1.000000
vt 0.437500 1.000000
vt 0.421875 1.000000
vt 0.414062 1.000000
vt 0.410462 1.000000
vt 0.425251 0.999825
vt 0.429688 1.000000
vt 0.406250 1.000000
vt 0.406250 1.000000
vt 0.398438 1.000000
vt 0.390625 1.000000
vt 0.386339 1.000000
vt 0.375000 1.000000
vt 0.375000 0.999968
vt 0.398438 0.999976
vt 0.390625 1.000000
vt 0.382813 1.000000
vt 0.382813 1.000000
vt 0.398567 1.000000
vt 0.363332 1.000000
vt 0.367188 1.000000
vt 0.359375 1.000000
vt 0.351562 0.999972
vt 0.343750 1.000000
vt 0.339882 0.999972
vt 0.351562 1.000000
vt 0.351563 1.000000
vt 0.367188 1.000000
vt 0.359375 1.000000
vt 0.368634 1.000000
vt 0.324028 1.000000
vt 0.335938 1.000000
vt 0.328125 1.000000
vt 0.312500 1.000000
vt 0.308632 0.999972
vt 0.335894 1.000000
vt 0.320312 1.000000
vt 0.312500 1.000000
vt 0.296875 1.000000
vt 0.289062 1.000000
vt 0.285462 1.000000
vt 0.304688 1.000000
vt 0.296875 1.000000
vt 0.304688 1.000000
vt 0.281250 1.000000
vt 0.281250 1.000000
vt 0.262047 0.999989
vt 0.273438 1.000000
vt 0.265625 1.000000
vt 0.273438 0.999976
vt 0.257813 1.000000
vt 0.250000 1.000000
vt 0.246151 0.999988
vt 0.257812 1.000000
vt 0.273398 1.000000
vt 0.230797 0.999989
vt 0.242188 1.000000
vt 0.234375 1.000000
vt 0.226563 1.000000
vt 0.218750 1.000000
vt 0.214538 1.000000
vt 0.218750 1.000000
vt 0.226563 1.000000
vt 0.199214 0.999975
vt 0.187500 1.000000
vt 0.183971 0.999811
vt 0.203125 1.000000
vt 0.210938 1.000000
vt 0.195312 1.000000
vt 0.210894 1.000000
vt 0.187500 1.000000
vt 0.202207 1.000000
vt 0.171875 1.000000
vt 0.164063 1.000000
vt 0.160462 1.000000
vt 0.176180 0.999990
vt 0.179688 1.000000
vt 0.179688 1.000000
vt 0.156250 1.000000
vt 0.156250 1.000000
vt 0.148438 1.000000
vt 0.140625 1.000000
vt 0.136339 1.000000
vt 0.125000 1.000000
vt 0.125000 0.999968
vt 0.148438 0.999976
vt 0.140625 1.000000
vt 0.132813 1.000000
vt 0.148438 1.000000
vt 0.132813 1.000000
vt 0.148567 1.000000
vt 0.113332 1.000000
vt 0.117188 1.000000
vt 0.109375 1.000000
vt 0.101562 0.999972
vt 0.093750 1.000000
vt 0.089882 0.999972
vt 0.101563 1.000000
vt 0.109375 1.000000
vt 0.101563 1.000000
vt 0.117188 1.000000
vt 0.093750 1.000000
vt 0.118634 1.000000
vt 0.074028 1.000000
vt 0.085938 1.000000
vt 0.078125 1.000000
vt 0.062500 1.000000
vt 0.058632 0.999972
vt 0.070312 1.000000
vt 0.070312 1.000000
vt 0.085893 1.000000
vt 0.078125 1.000000
vt 0.062500 1.000000
vt 0.042780 1.000000
vt 0.054688 1.000000
vt 0.046877 1.000000
vt 0.031264 1.000000
vt 0.027418 0.999970
vt 0.039063 1.000000
vt 0.039069 1.000000
vt 0.046875 1.000000
vt 0.031250 1.000000
vt 0.054653 1.000000
vt 0.015632 0.999978
vt 0.007878 1.000000
vt 0.004046 0.999993
vt 0.023465 1.000000
vt 0.015671 1.000000
vt 0.023403 1.000000
vt 0.015625 1.000000
vt 0.000087 1.000000
vt 0.007812 1.000000
vt 0.976563 1.000000
vt 0.968769 1.000000
vt 0.964678 1.000000
vt 1.000000 1.000000
vt 0.992272 1.000000
vt 0.976598 1.000000
vt 0.984433 1.000000
vt 0.972817 1.000000
vt 0.992210 1.000000
vt 0.984389 1.000000
vt 1.000026 1.000000
vt 0.960945 1.000000
vt 0.953127 1.000000
vt 0.945313 1.000000
vt 0.945313 1.000000
vt 0.937500 1.000000
vt 0.941558 1.000000
vt 0.960940 1.000000
vt 0.953126 1.000000
vt 0.914063 1.000000
vt 0.914062 1.000000
vt 0.921875 1.000000
vt 0.910308 1.000000
vt 0.929688 1.000000
vt 0.898438 1.000000
vt 0.890625 1.000000
vt 0.890625 1.000000
vt 0.898438 1.000000
vt 0.890625 1.000000
vt 0.870941 1.000000
vt 0.843750 1.000000
vt 0.867188 1.000000
vt 0.859375 1.000000
vt 0.839692 1.000000
vt 0.812500 1.000000
vt 0.812500 1.000000
vt 0.835938 1.000000
vt 0.828125 1.000000
vt 0.820313 1.000000
vt 0.820312 1.000000
vt 0.808442 1.000000
vt 0.804688 1.000000
vt 0.796875 1.000000
vt 0.789063 1.000000
vt 0.789063 1.000000
vt 0.781250 1.000000
vt 0.785308 1.000000
vt 0.769087 1.000000
vt 0.750000 1.000000
vt 0.769729 1.000000
vt 0.757812 1.000000
vt 0.773438 1.000000
vt 0.745942 1.000000
vt 0.726563 1.000000
vt 0.738038 1.000000
vt 0.738479 1.000000
vt 0.722808 1.000000
vt 0.734711 1.000000
vt 0.710938 1.000000
vt 0.703125 1.000000
vt 0.695313 1.000000
vt 0.691558 1.000000
vt 0.710938 1.000000
vt 0.664063 1.000000
vt 0.679688 1.000000
vt 0.671875 1.000000
vt 0.660308 1.000000
vt 0.679687 1.000000
vt 0.632812 1.000000
vt 0.648438 1.000000
vt 0.640625 1.000000
vt 0.632812 1.000000
vt 0.648438 1.000000
vt 0.640625 1.000000
vt 0.620941 1.000000
vt 0.609375 1.000000
vt 0.609375 1.000000
vt 0.609375 1.000000
vt 0.589692 1.000000
vt 0.585938 1.000000
vt 0.578125 1.000000
vt 0.562500 1.000000
vt 0.562500 1.000000
vt 0.570313 1.000000
vt 0.570313 1.000000
vt 0.558442 1.000000
vt 0.546875 1.000000
vt 0.539062 1.000000
vt 0.539063 1.000000
vt 0.527192 1.000000
vt 0.515625 1.000000
vt 0.515625 1.000000
vt 0.507812 1.000000
vt 0.515961 1.000000
vt 0.495942 1.000000
vt 0.476563 1.000000
vt 0.468750 1.000000
vt 0.484375 1.000000
vt 0.476563 1.000000
vt 0.488038 1.000000
vt 0.488479 1.000000
vt 0.472808 1.000000
vt 0.460938 1.000000
vt 0.453125 1.000000
vt 0.445312 1.000000
vt 0.445313 1.000000
vt 0.441558 1.000000
vt 0.460938 1.000000
vt 0.421875 1.000000
vt 0.414063 1.000000
vt 0.414063 1.000000
vt 0.421875 1.000000
vt 0.406250 1.000000
vt 0.429688 1.000000
vt 0.410308 1.000000
vt 0.429688 1.000000
vt 0.398438 1.000000
vt 0.382812 1.000000
vt 0.375000 1.000000
vt 0.390625 1.000000
vt 0.390625 1.000000
vt 0.398438 1.000000
vt 0.370941 1.000000
vt 0.343750 1.000000
vt 0.367188 1.000000
vt 0.359375 1.000000
vt 0.359375 1.000000
vt 0.351563 1.000000
vt 0.351562 1.000000
vt 0.339692 1.000000
vt 0.335938 1.000000
vt 0.328125 1.000000
vt 0.328125 1.000000
vt 0.320312 1.000000
vt 0.308442 1.000000
vt 0.304688 1.000000
vt 0.296875 1.000000
vt 0.289062 1.000000
vt 0.285308 1.000000
vt 0.273438 1.000000
vt 0.265625 1.000000
vt 0.265625 1.000000
vt 0.257813 1.000000
vt 0.250000 1.000000
vt 0.273438 1.000000
vt 0.245942 1.000000
vt 0.226563 1.000000
vt 0.238038 1.000000
vt 0.238479 1.000000
vt 0.222808 1.000000
vt 0.234711 1.000000
vt 0.203125 1.000000
vt 0.195313 1.000000
vt 0.191558 1.000000
vt 0.210938 1.000000
vt 0.203125 1.000000
vt 0.164063 1.000000
vt 0.164062 1.000000
vt 0.179688 1.000000
vt 0.171875 1.000000
vt 0.156250 1.000000
vt 0.179688 1.000000
vt 0.152191 1.000000
vt 0.132813 1.000000
vt 0.125000 1.000000
vt 0.132812 1.000000
vt 0.148438 1.000000
vt 0.148438 1.000000
vt 0.140625 1.000000
vt 0.120942 1.000000
vt 0.109375 1.000000
vt 0.101563 1.000000
vt 0.117188 1.000000
vt 0.117188 1.000000
vt 0.109375 1.000000
vt 0.093750 1.000000
vt 0.093750 1.000000
vt 0.097808 1.000000
vt 0.085938 1.000000
vt 0.078125 1.000000
vt 0.070313 1.000000
vt 0.085938 1.000000
vt 0.070313 1.000000
vt 0.085938 1.000000
vt 0.058442 1.000000
vt 0.031247 1.000000
vt 0.054688 1.000000
vt 0.054687 1.000000
vt 0.039061 1.000000
vt 0.046875 1.000000
vt 0.039060 1.000000
vt 0.046874 1.000000
vt 0.027183 1.000000
vt 0.023438 1.000000
vt 0.023408 1.000000
vt 0.015568 1.000000
vt 0.007728 1.000000
vt 0.007812 1.000000
vt -0.000113 1.000000
vt -0.000000 1.000000
vt 0.004034 1.000000
vt 0.015948 1.000000
vt 0.818389 0.386375
vt 0.731553 0.408183
vt 0.898292 0.283613
vt 0.853827 0.143115
vt 0.761313 0.092940
vt 0.674035 0.111577
vt 0.621939 0.168712
vt 0.611453 0.312755
vt 0.996105 0.988559
vt 0.979363 0.988327
vt 0.984375 0.978621
vt 1.000000 0.975442
vt 0.992188 0.975276
vt 0.984375 0.996220
vt 0.972650 0.994874
vt 0.964855 0.987412
vt 0.968750 0.975260
vt 0.976563 0.975191
vt 0.027354 0.987425
vt 0.015625 0.992068
vt 0.015625 0.978632
vt 0.007813 0.982208
vt 0.031250 0.975265
vt 0.023438 0.975206
vt 0.007813 0.997740
vt 0.000000 0.989275
vt 0.953125 0.991718
vt 0.953125 0.978555
vt 0.941396 0.987412
vt 0.960938 0.975212
vt 0.937500 0.975268
vt 0.945313 0.975202
vt 0.929688 0.987139
vt 0.921875 0.991717
vt 0.921875 0.978571
vt 0.910146 0.987412
vt 0.929688 0.975191
vt 0.929688 0.995915
vt 0.906250 0.975263
vt 0.914063 0.975199
vt 0.898438 0.981787
vt 0.885613 0.988199
vt 0.890625 0.978570
vt 0.903255 0.995513
vt 0.886814 0.995761
vt 0.875000 0.987683
vt 0.875000 0.975262
vt 0.882813 0.975193
vt 0.864387 0.988199
vt 0.847646 0.987412
vt 0.859375 0.978602
vt 0.867188 0.975198
vt 0.863469 0.995760
vt 0.843750 0.975263
vt 0.851562 0.975185
vt 0.833137 0.988199
vt 0.816396 0.987412
vt 0.828125 0.978559
vt 0.835938 0.975197
vt 0.839850 0.994847
vt 0.824172 0.995822
vt 0.812500 0.975263
vt 0.820312 0.975198
vt 0.801887 0.988198
vt 0.789062 0.981828
vt 0.796875 0.978608
vt 0.804687 0.975218
vt 0.808600 0.994847
vt 0.792781 0.995761
vt 0.777354 0.987412
vt 0.760613 0.988198
vt 0.765625 0.978554
vt 0.781250 0.975275
vt 0.773438 0.975205
vt 0.762562 0.995299
vt 0.750000 0.987683
vt 0.750000 0.975254
vt 0.757812 0.975199
vt 0.739387 0.988199
vt 0.722646 0.987411
vt 0.734375 0.978567
vt 0.742188 0.975195
vt 0.746865 0.995403
vt 0.734375 0.995590
vt 0.718750 0.975264
vt 0.726563 0.975203
vt 0.710938 0.987139
vt 0.703125 0.991718
vt 0.703125 0.978555
vt 0.691396 0.987412
vt 0.710938 0.975194
vt 0.710938 0.995915
vt 0.687500 0.975268
vt 0.695312 0.975202
vt 0.679688 0.987139
vt 0.671875 0.991717
vt 0.671875 0.978571
vt 0.660146 0.987412
vt 0.679688 0.975191
vt 0.679688 0.995915
vt 0.656250 0.975263
vt 0.664063 0.975198
vt 0.648438 0.981787
vt 0.635613 0.988199
vt 0.640625 0.978570
vt 0.653254 0.995513
vt 0.636814 0.995761
vt 0.625000 0.987683
vt 0.625000 0.975257
vt 0.632813 0.975198
vt 0.614387 0.988199
vt 0.597646 0.987412
vt 0.609375 0.978592
vt 0.617188 0.975198
vt 0.613469 0.995760
vt 0.593750 0.975263
vt 0.601563 0.975185
vt 0.583137 0.988199
vt 0.566396 0.987412
vt 0.578125 0.978559
vt 0.585938 0.975197
vt 0.589850 0.994847
vt 0.574172 0.995822
vt 0.562500 0.975263
vt 0.570313 0.975198
vt 0.551887 0.988198
vt 0.539062 0.981828
vt 0.546875 0.978608
vt 0.554688 0.975218
vt 0.558600 0.994847
vt 0.542781 0.995761
vt 0.527354 0.987412
vt 0.510613 0.988198
vt 0.515625 0.978554
vt 0.531250 0.975275
vt 0.523438 0.975205
vt 0.515625 0.995590
vt 0.503900 0.994847
vt 0.500000 0.987683
vt 0.500000 0.975271
vt 0.507813 0.975199
vt 0.489387 0.988199
vt 0.472646 0.987411
vt 0.484375 0.978592
vt 0.492188 0.975195
vt 0.487439 0.995299
vt 0.487439 0.995299
vt 0.468750 0.975264
vt 0.476563 0.975203
vt 0.460938 0.987139
vt 0.453125 0.991718
vt 0.453125 0.978555
vt 0.441396 0.987412
vt 0.460938 0.975194
vt 0.460938 0.995798
vt 0.437500 0.975268
vt 0.445313 0.975202
vt 0.429688 0.987139
vt 0.421875 0.991717
vt 0.421875 0.978571
vt 0.410146 0.987412
vt 0.429688 0.975191
vt 0.429688 0.995915
vt 0.406250 0.975263
vt 0.414062 0.975199
vt 0.398438 0.981787
vt 0.385613 0.988199
vt 0.390625 0.978570
vt 0.403254 0.995513
vt 0.386814 0.995761
vt 0.375000 0.987683
vt 0.375000 0.975267
vt 0.382813 0.975193
vt 0.364387 0.988199
vt 0.347646 0.987412
vt 0.359375 0.978592
vt 0.367188 0.975198
vt 0.363469 0.995760
vt 0.343750 0.975263
vt 0.351562 0.975185
vt 0.333137 0.988199
vt 0.316452 0.987406
vt 0.328125 0.978559
vt 0.335938 0.975197
vt 0.339850 0.994847
vt 0.324172 0.995822
vt 0.299880 0.978449
vt 0.289038 0.985548
vt 0.288987 0.976444
vt 0.302037 0.989953
vt 0.292744 0.995931
vt 0.281250 0.996379
vt 0.277926 0.990099
vt 0.281197 0.983843
vt 0.281063 0.976492
vt 0.289168 0.968465
vt 0.280695 0.967632
vt 0.296884 0.970291
vt 0.304703 0.966272
vt 0.273202 0.977134
vt 0.262326 0.984210
vt 0.261958 0.977817
vt 0.273379 0.984001
vt 0.262064 0.990169
vt 0.272574 0.970478
vt 0.250000 0.990134
vt 0.245513 0.984261
vt 0.245176 0.977959
vt 0.260662 0.971780
vt 0.234558 0.977711
vt 0.237936 0.990169
vt 0.234424 0.984178
vt 0.226798 0.977134
vt 0.226621 0.984001
vt 0.237565 0.971733
vt 0.222074 0.990099
vt 0.218803 0.983843
vt 0.218937 0.976492
vt 0.219305 0.967632
vt 0.227426 0.970478
vt 0.237565 0.971733
vt 0.210962 0.985548
vt 0.203141 0.979375
vt 0.211013 0.976444
vt 0.199076 0.992197
vt 0.189521 0.986061
vt 0.210832 0.968465
vt 0.214701 0.996249
vt 0.195297 0.966273
vt 0.203116 0.970291
vt 0.179688 0.987139
vt 0.171875 0.991717
vt 0.171875 0.978571
vt 0.160146 0.987412
vt 0.179688 0.995915
vt 0.156250 0.975263
vt 0.164062 0.975198
vt 0.148438 0.981787
vt 0.135613 0.988199
vt 0.140625 0.978570
vt 0.153254 0.995513
vt 0.136814 0.995761
vt 0.125000 0.987683
vt 0.125000 0.975261
vt 0.132813 0.975193
vt 0.114387 0.988199
vt 0.097646 0.987412
vt 0.109375 0.978592
vt 0.117188 0.975198
vt 0.113469 0.995760
vt 0.093750 0.975263
vt 0.101563 0.975185
vt 0.083137 0.988199
vt 0.066396 0.987412
vt 0.078125 0.978574
vt 0.085938 0.975197
vt 0.089850 0.994847
vt 0.074172 0.995821
vt 0.062500 0.975264
vt 0.070313 0.975204
vt 0.054688 0.981797
vt 0.041863 0.988199
vt 0.046875 0.978563
vt 0.058600 0.994847
vt 0.042924 0.995696
vt 0.039063 0.975203
vt 0.980146 1.000000
vt 0.996140 0.999561
vt 0.984373 0.999728
vt 0.972787 0.998432
vt 0.011396 1.000000
vt 0.015625 0.998581
vt 0.027214 0.998433
vt 0.000000 1.000000
vt 0.027350 0.994874
vt 0.956331 0.998888
vt 0.941568 0.998381
vt 0.941400 0.994847
vt 0.960938 0.995798
vt 0.923490 1.000000
vt 0.914063 0.995798
vt 0.921875 0.998396
vt 0.909813 0.999622
vt 0.898438 0.998444
vt 0.886840 0.999620
vt 0.875000 0.996713
vt 0.851562 0.996549
vt 0.862830 0.999624
vt 0.839693 0.998449
vt 0.824529 0.999635
vt 0.808443 0.998449
vt 0.823896 1.000000
vt 0.796875 0.999625
vt 0.784837 0.999635
vt 0.778246 0.995512
vt 0.797682 1.000000
vt 0.773438 0.998444
vt 0.757812 0.998444
vt 0.746132 0.999040
vt 0.761395 1.000000
vt 0.734375 0.999625
vt 0.726563 0.998444
vt 0.721754 0.995512
vt 0.715163 0.999635
vt 0.735182 1.000000
vt 0.703125 0.998396
vt 0.691568 0.998381
vt 0.691400 0.994847
vt 0.673490 1.000000
vt 0.664063 0.995798
vt 0.671875 0.998396
vt 0.659812 0.999622
vt 0.648438 0.998444
vt 0.636840 0.999620
vt 0.625000 0.996713
vt 0.601563 0.996549
vt 0.612830 0.999624
vt 0.589693 0.998449
vt 0.574529 0.999635
vt 0.558443 0.998449
vt 0.573896 1.000000
vt 0.546875 0.999625
vt 0.534837 0.999635
vt 0.528246 0.995512
vt 0.547682 1.000000
vt 0.523438 0.998444
vt 0.504068 0.998381
vt 0.511396 1.000000
vt 0.492188 0.998444
vt 0.484375 0.999625
vt 0.473004 0.998412
vt 0.472650 0.994847
vt 0.485182 1.000000
vt 0.441822 0.995853
vt 0.456331 0.998888
vt 0.440946 0.999624
vt 0.452797 1.000000
vt 0.414063 0.995798
vt 0.421875 0.998396
vt 0.409812 0.999622
vt 0.421978 1.000000
vt 0.398438 0.998444
vt 0.386840 0.999620
vt 0.375000 0.996713
vt 0.351562 0.996549
vt 0.362830 0.999624
vt 0.339693 0.998449
vt 0.324529 0.999635
vt 0.312500 0.996713
vt 0.323896 1.000000
vt 0.296875 0.999625
vt 0.284837 0.999635
vt 0.304688 0.998444
vt 0.297682 1.000000
vt 0.257812 0.998444
vt 0.265625 0.998820
vt 0.250000 0.998987
vt 0.273438 0.997644
vt 0.261396 1.000000
vt 0.226563 0.997644
vt 0.234375 0.998820
vt 0.242188 0.998444
vt 0.215163 0.999635
vt 0.235182 1.000000
vt 0.199370 0.998392
vt 0.187500 0.996586
vt 0.173490 1.000000
vt 0.164062 0.995798
vt 0.171875 0.998396
vt 0.159812 0.999622
vt 0.148438 0.998444
vt 0.136840 0.999620
vt 0.125000 0.996713
vt 0.101562 0.996549
vt 0.112830 0.999624
vt 0.089693 0.998449
vt 0.074529 0.999635
vt 0.058443 0.998449
vt 0.078932 1.000000
vt 0.043227 0.999610
vt 0.047682 1.000000
vt 0.984379 1.000000
vt 0.972487 1.000000
vt 0.996263 1.000000
vt 0.988628 1.000000
vt 0.996099 1.000000
vt 0.961244 1.000000
vt 0.964850 1.000000
vt 0.023511 1.000000
vt 0.015626 1.000000
vt 0.003901 1.000000
vt 0.038756 1.000000
vt 0.012202 1.000000
vt 0.953075 1.000000
vt 0.949215 1.000000
vt 0.941400 1.000000
vt 0.933600 1.000000
vt 0.933763 1.000000
vt 0.918452 1.000000
vt 0.913989 1.000000
vt 0.921874 1.000000
vt 0.898744 1.000000
vt 0.902514 1.000000
vt 0.890625 1.000000
vt 0.878901 1.000000
vt 0.878737 1.000000
vt 0.894534 1.000000
vt 0.871439 1.000000
vt 0.863285 1.000000
vt 0.847650 1.000000
vt 0.847651 1.000000
vt 0.859325 1.000000
vt 0.840014 1.000000
vt 0.828121 1.000000
vt 0.816237 1.000000
vt 0.828124 1.000000
vt 0.804994 1.000000
vt 0.804761 1.000000
vt 0.777689 1.000000
vt 0.785150 1.000000
vt 0.796925 1.000000
vt 0.777514 1.000000
vt 0.769535 1.000000
vt 0.746439 1.000000
vt 0.753901 1.000000
vt 0.762202 1.000000
vt 0.746264 1.000000
vt 0.734375 1.000000
vt 0.734371 1.000000
vt 0.722487 1.000000
vt 0.722651 1.000000
vt 0.714850 1.000000
vt 0.703075 1.000000
vt 0.699216 1.000000
vt 0.703124 1.000000
vt 0.679994 1.000000
vt 0.683600 1.000000
vt 0.683763 1.000000
vt 0.668452 1.000000
vt 0.667966 1.000000
vt 0.652689 1.000000
vt 0.652350 1.000000
vt 0.652513 1.000000
vt 0.637202 1.000000
vt 0.636715 1.000000
vt 0.628901 1.000000
vt 0.621099 1.000000
vt 0.621263 1.000000
vt 0.605952 1.000000
vt 0.601489 1.000000
vt 0.609374 1.000000
vt 0.589849 1.000000
vt 0.590014 1.000000
vt 0.582035 1.000000
vt 0.566061 1.000000
vt 0.566401 1.000000
vt 0.574702 1.000000
vt 0.558764 1.000000
vt 0.550785 1.000000
vt 0.538756 1.000000
vt 0.535150 1.000000
vt 0.543452 1.000000
vt 0.527514 1.000000
vt 0.519535 1.000000
vt 0.515626 1.000000
vt 0.503901 1.000000
vt 0.496099 1.000000
vt 0.512202 1.000000
vt 0.496264 1.000000
vt 0.484379 1.000000
vt 0.476256 1.000000
vt 0.464850 1.000000
vt 0.480952 1.000000
vt 0.465014 1.000000
vt 0.449216 1.000000
vt 0.441237 1.000000
vt 0.457035 1.000000
vt 0.433939 1.000000
vt 0.429761 1.000000
vt 0.402689 1.000000
vt 0.410150 1.000000
vt 0.421925 1.000000
vt 0.402513 1.000000
vt 0.378900 1.000000
vt 0.378737 1.000000
vt 0.394535 1.000000
vt 0.378901 1.000000
vt 0.363285 1.000000
vt 0.359374 1.000000
vt 0.347650 1.000000
vt 0.359325 1.000000
vt 0.332378 1.000000
vt 0.340014 1.000000
vt 0.328121 1.000000
vt 0.316237 1.000000
vt 0.304994 1.000000
vt 0.304761 1.000000
vt 0.277689 1.000000
vt 0.285150 1.000000
vt 0.296925 1.000000
vt 0.277514 1.000000
vt 0.269535 1.000000
vt 0.246439 1.000000
vt 0.253901 1.000000
vt 0.262202 1.000000
vt 0.246264 1.000000
vt 0.234371 1.000000
vt 0.222487 1.000000
vt 0.222651 1.000000
vt 0.214850 1.000000
vt 0.203075 1.000000
vt 0.199216 1.000000
vt 0.198877 1.000000
vt 0.183600 1.000000
vt 0.183763 1.000000
vt 0.168452 1.000000
vt 0.167965 1.000000
vt 0.171876 1.000000
vt 0.152349 1.000000
vt 0.148511 1.000000
vt 0.152513 1.000000
vt 0.128901 1.000000
vt 0.128737 1.000000
vt 0.128561 1.000000
vt 0.112798 1.000000
vt 0.097651 1.000000
vt 0.113285 1.000000
vt 0.097311 1.000000
vt 0.090013 1.000000
vt 0.078121 1.000000
vt 0.066061 1.000000
vt 0.058599 1.000000
vt 0.074702 1.000000
vt 0.058763 1.000000
vt 0.043452 1.000000
vt 0.042965 1.000000
vt 0.027513 1.000000
vt 0.053474 1.000000
vt 0.040279 1.000000
vt 0.084735 1.000000
vt 0.134027 1.000000
vt 0.147229 1.000000
vt 0.209712 1.000000
vt 0.196519 1.000000
vt 0.259021 1.000000
vt 0.303479 1.000000
vt 0.290274 1.000000
vt 0.334727 1.000000
vt 0.365991 1.000000
vt 0.415261 1.000000
vt 0.459719 1.000000
vt 0.446523 1.000000
vt 0.490991 1.000000
vt 0.476562 1.000000
vt 0.540270 1.000000
vt 0.553477 1.000000
vt 0.584727 1.000000
vt 0.615984 1.000000
vt 0.665262 1.000000
vt 0.709713 1.000000
vt 0.696514 1.000000
vt 0.726563 1.000000
vt 0.759020 1.000000
vt 0.803479 1.000000
vt 0.790274 1.000000
vt 0.834727 1.000000
vt 0.865981 1.000000
vt 0.915263 1.000000
vt 0.959712 1.000000
vt 0.946524 1.000000
vt 0.007811 1.000000
vt 0.991002 1.000000
vt 0.976564 1.000000
vt 0.046875 0.539317
vt 0.078125 0.539329
vt 0.070312 0.529309
vt 0.109375 0.539340
vt 0.140625 0.539328
vt 0.171875 0.539327
vt 0.187500 0.683282
vt 0.180620 0.975347
vt 0.207677 0.593253
vt 0.198404 0.601803
vt 0.219416 0.590048
vt 0.207556 0.603474
vt 0.218822 0.599926
vt 0.211051 0.608135
vt 0.219005 0.608096
vt 0.210908 0.616390
vt 0.203101 0.616068
vt 0.195295 0.620985
vt 0.210184 0.624496
vt 0.202712 0.633501
vt 0.202919 0.624109
vt 0.219502 0.617266
vt 0.216477 0.625610
vt 0.209476 0.635040
vt 0.215107 0.636283
vt 0.209496 0.662106
vt 0.216451 0.670520
vt 0.215094 0.660268
vt 0.219478 0.678840
vt 0.210174 0.671610
vt 0.210899 0.679708
vt 0.202855 0.669587
vt 0.195301 0.678036
vt 0.187500 0.621324
vt 0.210980 0.696136
vt 0.203143 0.686393
vt 0.211046 0.687957
vt 0.210941 0.706288
vt 0.203132 0.702286
vt 0.195315 0.694960
vt 0.218996 0.687998
vt 0.218819 0.696165
vt 0.218757 0.706034
vt 0.214660 0.881155
vt 0.203135 0.887946
vt 0.195314 0.893042
vt 0.187500 0.906290
vt 0.218804 0.888861
vt 0.211016 0.897070
vt 0.207744 0.892204
vt 0.218942 0.897031
vt 0.210837 0.905325
vt 0.203048 0.906378
vt 0.195290 0.910514
vt 0.210083 0.913431
vt 0.202678 0.922290
vt 0.219319 0.906201
vt 0.216222 0.914545
vt 0.209358 0.923861
vt 0.209395 0.951497
vt 0.202698 0.953631
vt 0.214536 0.930420
vt 0.214860 0.950051
vt 0.210077 0.960476
vt 0.216207 0.959404
vt 0.246016 0.583837
vt 0.228136 0.590242
vt 0.226562 0.528624
vt 0.244618 0.599503
vt 0.238236 0.606763
vt 0.228266 0.599729
vt 0.237029 0.591822
vt 0.254505 0.591815
vt 0.227623 0.614377
vt 0.226873 0.607445
vt 0.245747 0.704275
vt 0.234440 0.696504
vt 0.245344 0.696589
vt 0.226862 0.688647
vt 0.239681 0.689356
vt 0.229491 0.704251
vt 0.226639 0.696325
vt 0.237557 0.682986
vt 0.260744 0.683034
vt 0.234966 0.712315
vt 0.226562 0.712385
vt 0.227596 0.681721
vt 0.250000 0.712258
vt 0.242188 0.872757
vt 0.229735 0.880041
vt 0.245720 0.880749
vt 0.228592 0.888655
vt 0.245059 0.888437
vt 0.236626 0.895729
vt 0.250000 0.872767
vt 0.261198 0.895686
vt 0.238820 0.902005
vt 0.227442 0.903311
vt 0.226804 0.896380
vt 0.280584 0.590048
vt 0.262161 0.583837
vt 0.257813 0.528624
vt 0.273128 0.607445
vt 0.263760 0.599568
vt 0.273358 0.599766
vt 0.271358 0.591842
vt 0.281178 0.599926
vt 0.280996 0.608096
vt 0.280498 0.617266
vt 0.272378 0.614377
vt 0.263599 0.606803
vt 0.263046 0.613139
vt 0.273138 0.688647
vt 0.262431 0.696536
vt 0.262167 0.689333
vt 0.273361 0.696325
vt 0.262498 0.704269
vt 0.280522 0.678840
vt 0.272404 0.681721
vt 0.281004 0.687998
vt 0.281181 0.696165
vt 0.273430 0.705816
vt 0.265625 0.712320
vt 0.257810 0.879132
vt 0.257812 0.712276
vt 0.281243 0.706034
vt 0.270265 0.880041
vt 0.273196 0.896380
vt 0.263283 0.888497
vt 0.273377 0.888701
vt 0.281196 0.888861
vt 0.285340 0.881155
vt 0.281058 0.897031
vt 0.280681 0.906201
vt 0.272559 0.903311
vt 0.312500 0.620319
vt 0.301596 0.601802
vt 0.292322 0.593254
vt 0.304705 0.620984
vt 0.292444 0.603474
vt 0.296899 0.616068
vt 0.288949 0.608135
vt 0.289092 0.616390
vt 0.297288 0.633501
vt 0.289816 0.624496
vt 0.297081 0.624109
vt 0.290524 0.635040
vt 0.283523 0.625610
vt 0.312500 0.683284
vt 0.304699 0.678036
vt 0.297145 0.669587
vt 0.289101 0.679708
vt 0.289826 0.671610
vt 0.283549 0.670520
vt 0.290504 0.662106
vt 0.284931 0.659828
vt 0.284901 0.636467
vt 0.304685 0.694961
vt 0.296868 0.702286
vt 0.296857 0.686393
vt 0.289020 0.696136
vt 0.288954 0.687957
vt 0.289059 0.706287
vt 0.312500 0.906290
vt 0.304686 0.893041
vt 0.296865 0.887946
vt 0.304710 0.910514
vt 0.292256 0.892204
vt 0.296952 0.906378
vt 0.288984 0.897070
vt 0.289163 0.905325
vt 0.297322 0.922290
vt 0.289917 0.913431
vt 0.290643 0.923861
vt 0.283778 0.914545
vt 0.290605 0.951496
vt 0.297302 0.953631
vt 0.319291 0.975368
vt 0.283793 0.959404
vt 0.289923 0.960476
vt 0.285152 0.949838
vt 0.285465 0.930568
vt 0.328125 0.539308
vt 0.320313 0.529286
vt 0.359375 0.539340
vt 0.390625 0.539328
vt 0.421875 0.539327
vt 0.453125 0.539298
vt 0.484375 0.539340
vt 0.476563 0.529308
vt 0.523438 0.539571
vt 0.507812 0.529292
vt 0.546875 0.539349
vt 0.578125 0.539308
vt 0.570313 0.529286
vt 0.609375 0.539340
vt 0.640625 0.539328
vt 0.671875 0.539327
vt 0.703125 0.539298
vt 0.734375 0.539321
vt 0.726563 0.529308
vt 0.773438 0.539571
vt 0.757813 0.529292
vt 0.796875 0.539349
vt 0.828125 0.539308
vt 0.820312 0.529286
vt 0.859375 0.539344
vt 0.890625 0.539328
vt 0.921875 0.539327
vt 0.960937 0.539576
vt 0.968750 0.975260
vt 0.015626 0.539266
vt 0.000000 0.527050
vt 0.984374 0.539260
vt 0.278207 0.948376
vt 0.277119 0.954208
vt 0.274777 0.947325
vt 0.279660 0.957085
vt 0.279038 0.941679
vt 0.281092 0.950718
vt 0.274010 0.957529
vt 0.272166 0.950265
vt 0.275970 0.930419
vt 0.275636 0.939643
vt 0.276186 0.925723
vt 0.277447 0.939424
vt 0.281607 0.942840
vt 0.283793 0.959404
vt 0.276539 0.962277
vt 0.276873 0.919373
vt 0.278690 0.926006
vt 0.277208 0.925986
vt 0.281219 0.925136
vt 0.276026 0.920447
vt 0.275773 0.916365
vt 0.274072 0.918046
vt 0.274279 0.915781
vt 0.279654 0.916816
vt 0.276539 0.911584
vt 0.283778 0.914545
vt 0.285017 0.922065
vt 0.277181 0.660150
vt 0.279175 0.668245
vt 0.276048 0.665380
vt 0.277537 0.652988
vt 0.280731 0.658817
vt 0.273961 0.662346
vt 0.273519 0.669358
vt 0.273997 0.666979
vt 0.273925 0.657713
vt 0.273889 0.653080
vt 0.273854 0.648447
vt 0.283549 0.670520
vt 0.276132 0.673466
vt 0.276042 0.630716
vt 0.277662 0.637671
vt 0.275578 0.640275
vt 0.280632 0.636167
vt 0.273815 0.643613
vt 0.273776 0.638779
vt 0.273737 0.633945
vt 0.273697 0.629111
vt 0.273513 0.626524
vt 0.279118 0.627924
vt 0.276071 0.622664
vt 0.283523 0.625610
vt 0.221756 0.948436
vt 0.220340 0.957085
vt 0.218771 0.948876
vt 0.223818 0.932801
vt 0.221386 0.942403
vt 0.222823 0.929928
vt 0.224382 0.939487
vt 0.225600 0.944066
vt 0.223813 0.961658
vt 0.222881 0.954208
vt 0.218405 0.931013
vt 0.220973 0.931276
vt 0.223209 0.919454
vt 0.218924 0.923226
vt 0.220346 0.916816
vt 0.221970 0.924279
vt 0.226060 0.918046
vt 0.227389 0.916727
vt 0.224236 0.916194
vt 0.224001 0.920243
vt 0.214983 0.922065
vt 0.223461 0.911584
vt 0.225487 0.914979
vt 0.224415 0.657983
vt 0.223884 0.665462
vt 0.222277 0.658660
vt 0.220825 0.668245
vt 0.219332 0.660082
vt 0.226146 0.648447
vt 0.222484 0.643322
vt 0.226075 0.657713
vt 0.226039 0.662346
vt 0.226433 0.669468
vt 0.223868 0.673466
vt 0.219305 0.637363
vt 0.224073 0.630854
vt 0.220882 0.627924
vt 0.226302 0.629111
vt 0.226555 0.626671
vt 0.226263 0.633945
vt 0.222909 0.636169
vt 0.226224 0.638779
vt 0.223929 0.622664
vt 0.231077 0.624437
vt 0.238949 0.618249
vt 0.238362 0.623198
vt 0.244077 0.629111
vt 0.260572 0.623226
vt 0.250002 0.629111
vt 0.238152 0.629111
vt 0.232227 0.629111
vt 0.229270 0.619721
vt 0.227623 0.614377
vt 0.238547 0.613082
vt 0.230939 0.671752
vt 0.237599 0.677789
vt 0.229213 0.676385
vt 0.226003 0.666979
vt 0.232002 0.666979
vt 0.239517 0.672880
vt 0.260912 0.677851
vt 0.227596 0.681721
vt 0.237825 0.911423
vt 0.238243 0.914911
vt 0.230176 0.912621
vt 0.239013 0.907173
vt 0.238639 0.918046
vt 0.260459 0.914880
vt 0.260137 0.918046
vt 0.226060 0.918046
vt 0.228884 0.908654
vt 0.227442 0.903311
vt 0.260809 0.911370
vt 0.231832 0.952874
vt 0.237884 0.966288
vt 0.229028 0.964725
vt 0.227426 0.970478
vt 0.227763 0.950650
vt 0.268948 0.624359
vt 0.262427 0.618309
vt 0.270730 0.619721
vt 0.267774 0.629111
vt 0.263046 0.613139
vt 0.272378 0.614377
vt 0.269047 0.671705
vt 0.261591 0.672921
vt 0.255998 0.666979
vt 0.249998 0.666979
vt 0.261997 0.666979
vt 0.267997 0.666979
vt 0.270787 0.676385
vt 0.272404 0.681721
vt 0.269515 0.914137
vt 0.262592 0.907238
vt 0.271116 0.908654
vt 0.274072 0.918046
vt 0.263024 0.902066
vt 0.272559 0.903311
vt 0.268217 0.953116
vt 0.261330 0.966452
vt 0.261589 0.957986
vt 0.261483 0.953375
vt 0.239848 0.958021
vt 0.240091 0.953442
vt 0.261483 0.953375
vt 0.271125 0.965190
vt 0.272574 0.970478
vt 0.273923 0.670760
vt 0.273436 0.655888
vt 0.270338 0.643720
vt 0.272320 0.651997
vt 0.269915 0.657231
vt 0.272260 0.665742
vt 0.273472 0.669655
vt 0.266529 0.641783
vt 0.260402 0.640981
vt 0.255926 0.629111
vt 0.240117 0.640998
vt 0.240501 0.649095
vt 0.264058 0.649778
vt 0.240611 0.655664
vt 0.264050 0.656362
vt 0.233478 0.641865
vt 0.229651 0.643616
vt 0.230930 0.651574
vt 0.240611 0.655664
vt 0.226556 0.655291
vt 0.227661 0.651639
vt 0.226081 0.670123
vt 0.226185 0.643613
vt 0.225919 0.684035
vt 0.226529 0.669398
vt 0.227741 0.665599
vt 0.230933 0.658173
vt 0.226111 0.653080
vt 0.225943 0.679460
vt 0.225909 0.684064
vt 0.225941 0.677563
vt 0.231904 0.688901
vt 0.241310 0.681259
vt 0.243999 0.666979
vt 0.260988 0.683980
vt 0.225858 0.691370
vt 0.268074 0.684218
vt 0.274098 0.684096
vt 0.268137 0.698414
vt 0.260880 0.698288
vt 0.239649 0.692065
vt 0.274054 0.680151
vt 0.274103 0.687153
vt 0.273997 0.669519
vt 0.274096 0.684804
vt 0.274183 0.698310
vt 0.274041 0.688076
vt 0.273548 0.681987
vt 0.269046 0.664712
vt 0.272313 0.674703
vt 0.269169 0.677873
vt 0.272351 0.681270
vt 0.270067 0.687630
vt 0.272407 0.690778
vt 0.273627 0.694879
vt 0.274125 0.702013
vt 0.273740 0.713294
vt 0.274215 0.718091
vt 0.272484 0.703809
vt 0.270136 0.700704
vt 0.270205 0.713838
vt 0.272561 0.716938
vt 0.274466 0.747946
vt 0.273900 0.739296
vt 0.274426 0.752135
vt 0.272667 0.734979
vt 0.270300 0.731668
vt 0.272818 0.760252
vt 0.274057 0.764626
vt 0.270437 0.756893
vt 0.274597 0.796795
vt 0.274746 0.801488
vt 0.274948 0.825992
vt 0.274286 0.792329
vt 0.274957 0.834791
vt 0.274933 0.822729
vt 0.274963 0.827964
vt 0.274903 0.817585
vt 0.275132 0.854822
vt 0.275159 0.859766
vt 0.275050 0.841182
vt 0.275023 0.836272
vt 0.275151 0.867850
vt 0.275244 0.872578
vt 0.275308 0.883632
vt 0.275217 0.867496
vt 0.275107 0.849548
vt 0.275134 0.854406
vt 0.275191 0.862591
vt 0.275304 0.893094
vt 0.275321 0.884869
vt 0.275505 0.910136
vt 0.275297 0.880109
vt 0.275403 0.897938
vt 0.275270 0.874916
vt 0.275354 0.888037
vt 0.275383 0.893669
vt 0.275497 0.920521
vt 0.275526 0.910269
vt 0.275488 0.905846
vt 0.274123 0.898346
vt 0.274040 0.904913
vt 0.259430 0.668802
vt 0.269002 0.671239
vt 0.259734 0.675381
vt 0.259245 0.662229
vt 0.263863 0.682594
vt 0.264104 0.702310
vt 0.260476 0.710856
vt 0.266471 0.711953
vt 0.264059 0.695742
vt 0.260605 0.723814
vt 0.266527 0.724918
vt 0.260696 0.736989
vt 0.266585 0.738088
vt 0.260802 0.753874
vt 0.266660 0.754949
vt 0.261532 0.792590
vt 0.268352 0.792339
vt 0.238629 0.793635
vt 0.261833 0.817666
vt 0.268677 0.817449
vt 0.238408 0.810492
vt 0.238029 0.837053
vt 0.266790 0.836405
vt 0.267038 0.849751
vt 0.262433 0.862993
vt 0.268894 0.862680
vt 0.238020 0.850346
vt 0.238440 0.858946
vt 0.268953 0.874899
vt 0.261165 0.887789
vt 0.269015 0.887915
vt 0.262023 0.875161
vt 0.238435 0.872079
vt 0.260400 0.904913
vt 0.260201 0.911479
vt 0.274067 0.911480
vt 0.260795 0.898346
vt 0.230933 0.658173
vt 0.235845 0.662935
vt 0.230053 0.665167
vt 0.235720 0.669515
vt 0.230018 0.671734
vt 0.235585 0.676096
vt 0.229983 0.678301
vt 0.235490 0.682672
vt 0.263985 0.689170
vt 0.229933 0.687764
vt 0.235428 0.689243
vt 0.235392 0.695811
vt 0.229864 0.700905
vt 0.235373 0.702377
vt 0.233529 0.712167
vt 0.239042 0.723974
vt 0.239064 0.711042
vt 0.229794 0.714046
vt 0.233473 0.725097
vt 0.229726 0.726980
vt 0.235272 0.737855
vt 0.229612 0.748180
vt 0.233338 0.755824
vt 0.239047 0.755512
vt 0.225614 0.792942
vt 0.231570 0.793722
vt 0.231321 0.818097
vt 0.238253 0.823447
vt 0.225093 0.818236
vt 0.231230 0.837096
vt 0.231166 0.850329
vt 0.224973 0.837032
vt 0.224888 0.850204
vt 0.233126 0.863793
vt 0.231047 0.875153
vt 0.238793 0.878646
vt 0.238578 0.888111
vt 0.224806 0.863009
vt 0.224691 0.881006
vt 0.230985 0.888122
vt 0.226069 0.904913
vt 0.238680 0.911479
vt 0.238694 0.904913
vt 0.233709 0.898346
vt 0.224596 0.895866
vt 0.226052 0.911479
vt 0.226452 0.681940
vt 0.227688 0.674703
vt 0.225939 0.692192
vt 0.227649 0.681270
vt 0.226373 0.694849
vt 0.227593 0.690854
vt 0.227516 0.703972
vt 0.226259 0.713364
vt 0.227439 0.717115
vt 0.227362 0.730088
vt 0.225787 0.717815
vt 0.226100 0.739256
vt 0.225698 0.720967
vt 0.225581 0.750952
vt 0.227236 0.751360
vt 0.225947 0.764037
vt 0.225353 0.797514
vt 0.225235 0.802204
vt 0.225454 0.760595
vt 0.225057 0.825190
vt 0.225063 0.823300
vt 0.225034 0.828385
vt 0.224946 0.841790
vt 0.224919 0.846598
vt 0.225042 0.834308
vt 0.224817 0.863804
vt 0.224812 0.863774
vt 0.224781 0.867775
vt 0.224863 0.854918
vt 0.224834 0.871041
vt 0.224661 0.888668
vt 0.224719 0.878468
vt 0.224645 0.890371
vt 0.224703 0.880150
vt 0.224619 0.893437
vt 0.224748 0.872079
vt 0.224691 0.894905
vt 0.224496 0.912265
vt 0.224546 0.905012
vt 0.224514 0.905675
vt 0.224333 0.917178
vt 0.225828 0.698478
vt 0.225847 0.696357
vt 0.225842 0.695177
vt 0.225781 0.704402
vt 0.225781 0.705326
vt 0.225678 0.721628
vt 0.225710 0.717158
vt 0.225688 0.721655
vt 0.225606 0.734551
vt 0.225432 0.763897
vt 0.225575 0.738946
vt 0.225400 0.768810
vt 0.225409 0.838924
vt 0.225267 0.790773
vt 0.225863 0.825255
vt 0.227214 0.828681
vt 0.226672 0.850244
vt 0.225346 0.864694
vt 0.229074 0.853218
vt 0.226576 0.868205
vt 0.225243 0.882038
vt 0.228991 0.871054
vt 0.226503 0.881250
vt 0.228925 0.884446
vt 0.226429 0.894508
vt 0.225110 0.904437
vt 0.224515 0.919541
vt 0.228813 0.906858
vt 0.226356 0.907504
vt 0.228764 0.916526
vt 0.226282 0.920731
vt 0.224935 0.926851
vt 0.228670 0.933085
vt 0.226156 0.933089
vt 0.229297 0.945647
vt 0.231834 0.704574
vt 0.240101 0.712946
vt 0.231797 0.712946
vt 0.239298 0.699812
vt 0.254538 0.721403
vt 0.239380 0.721669
vt 0.231757 0.721894
vt 0.225730 0.712946
vt 0.239392 0.734923
vt 0.231697 0.735387
vt 0.254370 0.734588
vt 0.254401 0.748325
vt 0.239344 0.748194
vt 0.231637 0.748677
vt 0.237703 0.767142
vt 0.231552 0.767912
vt 0.243851 0.767221
vt 0.254473 0.761813
vt 0.225410 0.766617
vt 0.237627 0.792572
vt 0.231443 0.792125
vt 0.243813 0.792737
vt 0.254534 0.792753
vt 0.232199 0.830234
vt 0.245551 0.831264
vt 0.237788 0.831169
vt 0.237982 0.847759
vt 0.232923 0.856016
vt 0.245603 0.848026
vt 0.237912 0.873880
vt 0.232855 0.873508
vt 0.237949 0.860932
vt 0.245610 0.874181
vt 0.245600 0.861305
vt 0.232803 0.886394
vt 0.240962 0.896568
vt 0.232752 0.899063
vt 0.237874 0.887015
vt 0.245625 0.883646
vt 0.228859 0.897657
vt 0.232713 0.908643
vt 0.240861 0.916266
vt 0.232674 0.918213
vt 0.240872 0.909699
vt 0.240873 0.929401
vt 0.232633 0.928344
vt 0.228714 0.926558
vt 0.232597 0.934874
vt 0.240601 0.942251
vt 0.232503 0.941184
vt 0.240357 0.948156
vt 0.240800 0.935931
vt 0.228555 0.939371
vt 0.260764 0.706379
vt 0.268191 0.710478
vt 0.260664 0.712946
vt 0.274254 0.710295
vt 0.268243 0.722091
vt 0.262161 0.721890
vt 0.239573 0.706379
vt 0.262201 0.735191
vt 0.274426 0.739055
vt 0.268303 0.735626
vt 0.268363 0.748992
vt 0.262240 0.748530
vt 0.262297 0.767527
vt 0.274592 0.766992
vt 0.268450 0.768355
vt 0.254501 0.774700
vt 0.262373 0.792982
vt 0.274743 0.792393
vt 0.268562 0.793525
vt 0.260677 0.831274
vt 0.272630 0.829111
vt 0.267732 0.831102
vt 0.260511 0.847994
vt 0.270926 0.853125
vt 0.267048 0.847431
vt 0.267091 0.860611
vt 0.260632 0.873981
vt 0.260523 0.861168
vt 0.271008 0.871033
vt 0.267144 0.873599
vt 0.267197 0.886530
vt 0.260693 0.889943
vt 0.260666 0.883377
vt 0.260731 0.896509
vt 0.271075 0.884452
vt 0.267248 0.899214
vt 0.260779 0.903074
vt 0.240914 0.903134
vt 0.245630 0.890213
vt 0.267286 0.908644
vt 0.260852 0.916205
vt 0.260823 0.909639
vt 0.267326 0.918450
vt 0.260867 0.922772
vt 0.271141 0.897732
vt 0.271187 0.906858
vt 0.271236 0.916720
vt 0.267366 0.928344
vt 0.260891 0.929338
vt 0.240871 0.922834
vt 0.267403 0.934874
vt 0.261090 0.942187
vt 0.260970 0.935866
vt 0.267496 0.941184
vt 0.261250 0.948092
vt 0.271285 0.926558
vt 0.271330 0.933085
vt 0.271445 0.939371
vt 0.270867 0.945569
vt 0.274220 0.705461
vt 0.274158 0.695177
vt 0.274208 0.704348
vt 0.274176 0.700127
vt 0.274289 0.717060
vt 0.274323 0.721745
vt 0.274362 0.729785
vt 0.274393 0.734365
vt 0.274431 0.741774
vt 0.274575 0.765065
vt 0.274559 0.761967
vt 0.274711 0.787220
vt 0.274583 0.838982
vt 0.274099 0.825378
vt 0.273327 0.849924
vt 0.274695 0.871715
vt 0.273423 0.867995
vt 0.273496 0.881106
vt 0.274809 0.890881
vt 0.273571 0.894474
vt 0.274887 0.903997
vt 0.273719 0.920881
vt 0.273644 0.907544
vt 0.274966 0.917261
vt 0.275105 0.929686
vt 0.274198 0.942182
vt 0.273846 0.933223
vt 0.272166 0.950265
vt 0.000000 0.000000
vt 0.784714 0.483908
vt 0.830573 0.475102
vt 0.872940 0.455057
vt 0.898438 0.515449
vt 0.910582 0.427133
vt 0.942054 0.392401
vt 0.835938 0.515449
vt 0.981929 0.308066
vt 0.773438 0.515449
vt 0.988801 0.261703
vt 0.975102 0.169427
vt 0.955057 0.127060
vt 0.648438 0.515449
vt 0.927133 0.089418
vt 0.892401 0.057947
vt 0.585938 0.515449
vt 0.808066 0.018071
vt 0.523438 0.515449
vt 0.761703 0.011200
vt 0.669427 0.024898
vt 0.627060 0.044943
vt 0.398438 0.515449
vt 0.589418 0.072867
vt 0.557947 0.107599
vt 0.335938 0.515449
vt 0.518071 0.191934
vt 0.273438 0.515449
vt 0.511200 0.238297
vt 0.524898 0.330573
vt 0.544943 0.372940
vt 0.148438 0.515449
vt 0.572867 0.410582
vt 0.607599 0.442054
vt 0.085938 0.515449
vt 0.691934 0.481929
vt 0.023480 0.515447
vt 0.738297 0.488801
vt 1.000113 1.000000
vt 0.750000 0.250000
vt 0.996100 0.998205
vt 0.000000 0.975442
vt 0.903254 0.995513
vt 0.153254 0.995513
vt 0.285465 0.930568
vt 0.285017 0.922065
vt 0.238001 0.666979
vt 0.261850 0.629111
s 1
f 245/1/1 257/2/2 256/3/3
f 258/4/4 260/5/5 262/6/6
f 232/7/7 258/4/4 9/8/8
f 232/7/7 259/9/9 258/4/4
f 261/10/10 11/11/11 309/12/12
f 266/13/13 255/14/14 265/15/15
f 246/16/16 256/3/3 266/13/13
f 233/17/17 258/4/4 263/18/18
f 246/16/16 266/13/13 247/19/19
f 264/20/20 254/21/21 12/22/22
f 267/23/23 262/6/6 269/24/24
f 234/25/25 263/18/18 267/23/23
f 268/26/26 265/15/15 275/27/27
f 247/19/19 268/26/26 248/28/28
f 247/19/19 266/13/13 268/26/26
f 235/29/29 267/23/23 270/30/30
f 278/31/31 274/32/32 10/33/33
f 7/34/34 272/35/35 271/36/36
f 272/35/35 273/37/37 278/31/31
f 248/28/28 276/38/38 249/39/39
f 248/28/28 268/26/26 276/38/38
f 277/40/40 269/24/24 281/41/41
f 235/29/29 277/40/40 236/42/42
f 235/29/29 270/30/30 277/40/40
f 8/43/43 271/36/36 279/44/44
f 280/45/45 275/27/27 284/46/46
f 249/39/39 280/45/45 250/47/47
f 249/39/39 276/38/38 280/45/45
f 236/42/42 282/48/48 237/49/49
f 236/42/42 277/40/40 282/48/48
f 283/50/50 278/31/31 289/51/51
f 224/52/52 283/50/50 225/53/53
f 224/52/52 279/44/44 283/50/50
f 250/47/47 285/54/54 251/55/55
f 250/47/47 280/45/45 285/54/54
f 288/56/56 281/41/41 287/57/57
f 237/49/49 288/56/56 238/58/58
f 237/49/49 282/48/48 288/56/56
f 286/59/59 309/12/12 253/60/60
f 225/53/53 290/61/61 226/62/62
f 225/53/53 283/50/50 290/61/61
f 291/63/63 284/46/46 273/64/37
f 251/55/55 291/63/63 252/65/64
f 251/55/55 285/54/54 291/63/63
f 292/66/65 287/57/57 294/67/66
f 238/58/58 292/66/65 239/68/67
f 238/58/58 288/56/56 292/66/65
f 293/69/68 289/51/51 297/70/69
f 226/62/62 293/69/68 227/71/70
f 226/62/62 290/61/61 293/69/68
f 296/72/71 10/33/33 11/11/11
f 252/65/64 272/73/35 223/74/72
f 252/65/64 291/63/63 272/73/35
f 274/75/32 12/22/22 10/76/33
f 239/68/67 295/77/73 240/78/74
f 239/68/67 292/66/65 295/77/73
f 227/71/70 298/79/75 228/80/76
f 227/71/70 293/69/68 298/79/75
f 299/81/77 294/67/66 301/82/78
f 240/78/74 299/81/77 241/83/79
f 240/78/74 295/77/73 299/81/77
f 300/84/80 297/70/69 303/85/81
f 229/86/82 298/79/75 300/84/80
f 241/83/79 302/87/83 242/88/84
f 241/83/79 299/81/77 302/87/83
f 253/60/60 254/21/21 305/89/85
f 230/90/86 300/84/80 304/91/87
f 307/92/88 301/82/78 306/93/89
f 242/88/84 307/92/88 243/94/90
f 242/88/84 302/87/83 307/92/88
f 308/95/91 303/85/81 260/5/5
f 231/96/92 304/91/87 308/95/91
f 257/2/2 306/93/89 255/14/14
f 244/97/93 307/92/88 257/2/2
f 231/96/92 259/9/9 232/7/7
f 231/96/92 308/95/91 259/9/9
f 10/33/33 309/12/12 11/11/11
f 311/98/94 310/99/95 14/100/96
f 312/101/97 1776/102/98 311/98/94
f 312/101/97 1777/103/99 1776/102/98
f 312/101/97 313/104/100 1777/103/99
f 1776/102/98 315/105/101 310/99/95
f 1776/106/98 322/107/102 316/108/103
f 1776/106/98 316/108/103 315/109/101
f 322/107/102 13/110/104 316/108/103
f 322/107/102 317/111/105 13/110/104
f 1778/112/106 314/113/107 313/104/100
f 2223/114/108 313/104/100 1187/115/109
f 318/116/110 319/117/111 1778/112/106
f 1778/112/106 320/118/112 321/119/113
f 1778/120/106 328/121/114 322/107/102
f 1778/120/106 322/107/102 314/122/107
f 328/121/114 317/111/105 322/107/102
f 328/121/114 323/123/115 317/111/105
f 1779/124/116 320/118/112 319/117/111
f 324/125/117 319/117/111 1191/126/118
f 325/127/119 319/117/111 324/125/117
f 325/127/119 326/128/120 1779/124/116
f 1779/124/116 326/128/120 327/129/121
f 1779/130/116 335/131/122 328/121/114
f 1779/130/116 328/121/114 320/132/112
f 335/131/122 323/123/115 328/121/114
f 335/131/122 329/133/123 323/123/115
f 330/134/124 326/128/120 1194/135/125
f 330/134/124 1781/136/126 1780/137/127
f 331/138/128 332/139/129 1781/136/126
f 1780/140/127 341/141/130 335/131/122
f 1780/140/127 335/131/122 334/142/131
f 334/142/131 335/131/122 326/143/120
f 341/141/130 329/133/123 335/131/122
f 341/141/130 336/144/132 329/133/123
f 1782/145/133 333/146/134 332/139/129
f 337/147/135 332/139/129 97/148/136
f 338/149/137 332/139/129 337/147/135
f 338/149/137 339/150/138 1782/145/133
f 1782/145/133 339/150/138 340/151/139
f 1782/152/133 348/153/140 341/141/130
f 1782/152/133 341/141/130 333/154/134
f 348/153/140 336/144/132 341/141/130
f 343/155/141 339/150/138 98/156/142
f 343/155/141 345/157/143 1783/158/144
f 1783/159/144 354/160/145 348/153/140
f 1783/159/144 348/153/140 347/161/146
f 347/161/146 348/153/140 339/162/138
f 354/160/145 336/144/132 348/153/140
f 354/160/145 349/163/147 336/144/132
f 336/144/132 349/163/147 342/164/148
f 350/165/149 345/157/143 99/166/150
f 351/167/151 352/168/152 1785/169/153
f 1785/169/153 352/168/152 353/170/154
f 1784/171/155 346/172/156 345/157/143
f 1785/173/153 360/174/157 354/160/145
f 1785/173/153 354/160/145 1784/175/155
f 1784/175/155 354/160/145 346/176/156
f 360/174/157 349/163/147 354/160/145
f 360/174/157 355/177/158 349/163/147
f 2215/178/159 352/168/152 1203/179/160
f 2215/178/159 357/180/161 1786/181/162
f 1786/182/162 366/183/163 360/174/157
f 1786/182/162 360/174/157 359/184/164
f 359/184/164 360/174/157 352/185/152
f 366/183/163 355/177/158 360/174/157
f 366/183/163 361/186/165 355/177/158
f 362/187/166 357/180/161 1206/188/167
f 362/187/166 364/189/168 1787/190/169
f 1787/190/169 358/191/170 357/180/161
f 1787/192/169 373/193/171 366/183/163
f 1787/192/169 366/183/163 358/194/170
f 373/193/171 361/186/165 366/183/163
f 368/195/172 364/189/168 1209/196/173
f 369/197/174 370/198/175 1789/199/176
f 1789/199/176 371/200/177 372/201/178
f 1788/202/179 365/203/180 364/189/168
f 1789/204/176 379/205/181 373/193/171
f 1789/204/176 373/193/171 1788/206/179
f 1788/206/179 373/193/171 365/207/180
f 379/205/181 361/186/165 373/193/171
f 379/205/181 374/208/182 361/186/165
f 361/186/165 374/208/182 367/209/183
f 1790/210/184 371/200/177 370/198/175
f 375/211/185 370/198/175 1212/212/186
f 376/213/187 370/198/175 375/211/185
f 376/213/187 377/214/188 1790/210/184
f 1790/210/184 377/214/188 378/215/189
f 1790/216/184 386/217/190 379/205/181
f 1790/216/184 379/205/181 371/218/177
f 386/217/190 374/208/182 379/205/181
f 386/217/190 380/219/191 374/208/182
f 381/220/192 377/214/188 1215/221/193
f 381/220/192 1792/222/194 1791/223/195
f 382/224/196 383/225/197 1792/222/194
f 1791/226/195 392/227/198 386/217/190
f 1791/226/195 386/217/190 385/228/199
f 385/228/199 386/217/190 377/229/188
f 392/227/198 380/219/191 386/217/190
f 392/227/198 387/230/200 380/219/191
f 1793/231/201 384/232/202 383/225/197
f 388/233/203 383/225/197 1218/234/204
f 389/235/205 383/225/197 388/233/203
f 389/235/205 390/236/206 1793/231/201
f 1793/231/201 390/236/206 391/237/207
f 1793/238/201 399/239/208 392/227/198
f 1793/238/201 392/227/198 384/240/202
f 399/239/208 387/230/200 392/227/198
f 399/239/208 393/241/209 387/230/200
f 394/242/210 390/236/206 100/243/211
f 394/242/210 396/244/212 1794/245/213
f 1794/246/213 405/247/214 399/239/208
f 1794/246/213 399/239/208 398/248/215
f 398/248/215 399/239/208 390/249/206
f 405/247/214 393/241/209 399/239/208
f 405/247/214 400/250/216 393/241/209
f 401/251/217 396/244/212 101/252/218
f 402/253/219 403/254/220 1796/255/221
f 1796/255/221 403/254/220 404/256/222
f 1795/257/223 397/258/224 396/244/212
f 1796/259/221 412/260/225 405/247/214
f 1796/259/221 405/247/214 1795/261/223
f 1795/261/223 405/247/214 397/262/224
f 412/260/225 400/250/216 405/247/214
f 412/260/225 406/263/226 400/250/216
f 2204/264/227 403/254/220 1225/265/228
f 2204/264/227 409/266/229 1797/267/230
f 1797/268/230 418/269/231 412/260/225
f 1797/268/230 412/260/225 411/270/232
f 411/270/232 412/260/225 403/271/220
f 418/269/231 406/263/226 412/260/225
f 418/269/231 413/272/233 406/263/226
f 414/273/234 409/266/229 1228/274/235
f 414/273/234 416/275/236 1798/276/237
f 1798/276/237 410/277/238 409/266/229
f 1798/278/237 425/279/239 418/269/231
f 1798/278/237 418/269/231 410/280/238
f 425/279/239 413/272/233 418/269/231
f 425/279/239 419/281/240 413/272/233
f 420/282/241 416/275/236 1231/283/242
f 421/284/243 422/285/244 1800/286/245
f 1800/286/245 423/287/246 424/288/247
f 1799/289/248 417/290/249 416/275/236
f 1800/291/245 432/292/250 425/279/239
f 1800/291/245 425/279/239 1799/293/248
f 1799/293/248 425/279/239 417/294/249
f 432/292/250 419/281/240 425/279/239
f 432/292/250 426/295/251 419/281/240
f 1801/296/252 423/287/246 422/285/244
f 428/297/253 422/285/244 1234/298/254
f 429/299/255 422/285/244 428/297/253
f 429/299/255 430/300/256 1801/296/252
f 1801/296/252 430/300/256 431/301/257
f 1801/302/252 439/303/258 432/292/250
f 1801/302/252 432/292/250 423/304/246
f 439/303/258 426/295/251 432/292/250
f 439/303/258 433/305/259 426/295/251
f 434/306/260 430/300/256 1237/307/261
f 434/306/260 1803/308/262 1802/309/263
f 435/310/264 436/311/265 1803/308/262
f 1802/312/263 445/313/266 439/303/258
f 1802/312/263 439/303/258 438/314/267
f 438/314/267 439/303/258 430/315/256
f 445/313/266 433/305/259 439/303/258
f 445/313/266 440/316/268 433/305/259
f 1804/317/269 437/318/270 436/311/265
f 441/319/271 436/311/265 1240/320/272
f 442/321/273 436/311/265 441/319/271
f 442/321/273 443/322/274 1804/317/269
f 1804/317/269 443/322/274 444/323/275
f 1804/324/269 452/325/276 445/313/266
f 1804/324/269 445/313/266 437/326/270
f 452/325/276 440/316/268 445/313/266
f 452/325/276 446/327/277 440/316/268
f 447/328/278 443/322/274 102/329/279
f 447/328/278 449/330/280 1805/331/281
f 1805/332/281 459/333/282 452/325/276
f 1805/332/281 452/325/276 451/334/283
f 451/334/283 452/325/276 443/335/274
f 459/333/282 446/327/277 452/325/276
f 459/333/282 453/336/284 446/327/277
f 454/337/285 449/330/280 1245/338/286
f 455/339/287 1806/340/288 454/337/285
f 456/341/289 457/342/290 1807/343/291
f 1807/343/291 457/342/290 458/344/292
f 1806/340/288 450/345/293 449/330/280
f 1807/346/291 467/347/294 459/333/282
f 1807/346/291 459/333/282 1806/348/288
f 1806/348/288 459/333/282 450/349/293
f 467/347/294 453/336/284 459/333/282
f 461/350/295 457/342/290 1265/351/296
f 462/352/297 1808/353/298 461/350/295
f 462/352/297 464/354/299 1808/353/298
f 1808/355/298 474/356/300 467/347/294
f 1808/355/298 467/347/294 466/357/301
f 466/357/301 467/347/294 457/358/290
f 474/356/300 453/336/284 467/347/294
f 474/356/300 468/359/302 453/336/284
f 453/336/284 468/359/302 460/360/303
f 469/361/304 464/354/299 1277/362/305
f 470/363/306 1809/364/307 469/361/304
f 470/363/306 472/365/308 1809/364/307
f 1809/364/307 465/366/309 464/354/299
f 1809/367/307 482/368/310 474/356/300
f 1809/367/307 474/356/300 465/369/309
f 482/368/310 468/359/302 474/356/300
f 482/368/310 475/370/311 468/359/302
f 476/371/312 472/365/308 1297/372/313
f 477/373/314 1810/374/315 476/371/312
f 478/375/316 479/376/317 1811/377/318
f 1811/377/318 480/378/319 481/379/320
f 1810/374/315 473/380/321 472/365/308
f 1811/381/318 489/382/322 482/368/310
f 1811/381/318 482/368/310 1810/383/315
f 1810/383/315 482/368/310 473/384/321
f 489/382/322 475/370/311 482/368/310
f 489/382/322 483/385/323 475/370/311
f 1812/386/324 480/378/319 479/376/317
f 485/387/325 479/376/317 1301/388/326
f 486/389/327 479/376/317 485/387/325
f 486/389/327 487/390/328 1812/386/324
f 1812/386/324 487/390/328 488/391/329
f 1812/392/324 496/393/330 489/382/322
f 1812/392/324 489/382/322 480/394/319
f 496/393/330 483/385/323 489/382/322
f 496/393/330 490/395/331 483/385/323
f 491/396/332 487/390/328 1304/397/333
f 491/396/332 1814/398/334 1813/399/335
f 492/400/336 493/401/337 1814/398/334
f 1813/402/335 502/403/338 496/393/330
f 1813/402/335 496/393/330 495/404/339
f 495/404/339 496/393/330 487/405/328
f 502/403/338 490/395/331 496/393/330
f 502/403/338 497/406/340 490/395/331
f 1815/407/341 494/408/342 493/401/337
f 498/409/343 493/401/337 1307/410/344
f 499/411/345 493/401/337 498/409/343
f 499/411/345 500/412/346 1815/407/341
f 1815/407/341 500/412/346 501/413/347
f 1815/414/341 509/415/348 502/403/338
f 1815/414/341 502/403/338 494/416/342
f 509/415/348 497/406/340 502/403/338
f 504/417/349 500/412/346 123/418/350
f 504/417/349 506/419/351 1816/420/352
f 1816/421/352 515/422/353 509/415/348
f 1816/421/352 509/415/348 508/423/354
f 508/423/354 509/415/348 500/424/346
f 515/422/353 497/406/340 509/415/348
f 515/422/353 510/425/355 497/406/340
f 497/406/340 510/425/355 503/426/356
f 511/427/357 506/419/351 1312/428/358
f 512/429/359 513/430/360 1818/431/361
f 1818/431/361 513/430/360 514/432/362
f 1817/433/363 507/434/364 506/419/351
f 1818/435/361 520/436/365 515/422/353
f 1818/435/361 515/422/353 1817/437/363
f 1817/437/363 515/422/353 507/438/364
f 520/436/365 510/425/355 515/422/353
f 520/436/365 516/439/366 510/425/355
f 517/440/367 513/430/360 15/441/368
f 518/442/369 1819/443/370 517/440/367
f 518/442/369 310/444/95 1819/443/370
f 1819/445/370 316/108/103 520/436/365
f 1819/445/370 520/436/365 519/446/371
f 519/446/371 520/436/365 513/447/360
f 316/108/103 516/439/366 520/436/365
f 316/108/103 13/110/104 516/439/366
f 521/448/372 1821/449/373 1822/450/374
f 521/448/372 1820/451/375 17/452/376
f 521/448/372 522/453/377 1821/449/373
f 1822/450/378 525/454/379 1820/451/380
f 1822/450/378 1823/455/381 523/456/382
f 525/454/379 16/457/383 18/458/384
f 1821/449/385 522/453/386 1823/455/381
f 526/459/387 528/460/388 19/461/389
f 526/459/387 527/462/390 1825/463/391
f 527/462/390 18/458/392 1826/464/393
f 1825/463/394 1827/465/395 1824/466/396
f 1825/463/394 1829/467/397 1828/468/398
f 1826/464/399 16/457/383 1829/467/397
f 1827/465/395 966/460/400 528/460/401
f 1828/468/398 1829/467/397 965/469/402
f 1830/470/403 1831/471/404 529/472/405
f 530/473/406 528/460/388 1832/474/407
f 1830/470/408 532/471/409 1831/471/410
f 1832/474/411 966/460/400 533/475/412
f 1830/470/408 533/475/412 534/476/413
f 532/471/409 20/477/414 531/477/415
f 1833/478/416 1835/479/417 535/480/418
f 535/480/418 537/481/419 22/482/420
f 536/483/421 529/472/405 1833/478/416
f 1833/478/422 20/477/414 538/478/423
f 1833/478/422 539/479/424 1835/479/425
f 1834/484/426 21/485/427 537/481/428
f 1834/484/426 539/479/424 1836/486/429
f 538/478/423 20/477/414 968/487/430
f 541/488/431 1839/489/432 1838/490/433
f 540/491/434 542/492/435 547/493/436
f 541/488/431 1837/494/437 540/491/434
f 537/481/419 1839/489/432 541/488/431
f 1838/490/438 545/495/439 1837/494/440
f 1839/489/441 21/485/427 543/489/442
f 1838/490/438 543/489/442 544/490/443
f 545/495/439 23/496/444 542/492/445
f 543/489/442 21/485/427 970/497/446
f 546/498/447 1840/499/448 1842/500/449
f 546/498/447 25/501/450 551/502/451
f 547/493/436 542/492/435 1840/499/448
f 1842/500/452 972/503/453 548/500/454
f 1841/504/455 24/505/456 25/501/457
f 1842/500/452 1843/504/458 1841/504/455
f 1840/499/459 542/492/445 972/503/453
f 550/506/460 1845/507/461 549/508/462
f 550/506/460 1844/509/463 1846/506/464
f 551/502/451 25/501/450 1844/509/463
f 1846/506/465 1847/507/466 1845/507/467
f 1846/506/465 1849/509/468 1848/506/469
f 1844/509/470 24/505/456 1849/509/468
f 1847/507/466 26/510/471 27/510/472
f 553/511/473 1851/512/474 1852/513/475
f 554/514/476 549/508/462 1851/512/474
f 1850/515/477 555/516/478 552/517/479
f 1851/512/480 27/510/472 976/518/481
f 1850/515/482 28/516/483 555/516/484
f 1852/513/485 1853/519/486 1850/515/482
f 1852/513/485 976/518/481 1854/520/487
f 557/521/488 1856/522/489 1857/523/490
f 1855/524/491 30/525/492 556/526/493
f 1856/522/494 555/516/484 558/527/495
f 1855/524/496 29/528/497 30/525/498
f 1857/523/499 1858/529/500 1855/524/496
f 1857/523/499 558/527/495 1859/523/501
f 559/530/502 560/531/503 31/532/504
f 559/530/502 556/526/493 1861/533/505
f 556/526/493 30/525/492 1862/534/506
f 1861/533/507 1863/535/508 1860/535/509
f 1861/533/507 1862/534/510 1864/536/511
f 1862/534/510 29/528/497 981/537/512
f 1863/535/508 984/538/513 560/531/514
f 1864/536/511 981/537/512 983/539/515
f 1865/540/516 1866/541/517 561/542/518
f 562/543/519 560/531/503 1867/544/520
f 1865/540/521 564/545/522 1866/541/523
f 1867/544/524 984/538/513 565/544/525
f 1865/540/521 565/544/525 566/546/526
f 564/545/522 32/547/527 563/548/528
f 1868/549/529 1870/550/530 567/551/531
f 567/551/531 569/552/532 34/553/533
f 568/554/534 561/542/518 1868/549/529
f 1868/549/535 32/547/527 571/549/536
f 1868/549/535 572/555/537 1870/550/538
f 1870/550/538 570/556/539 1869/557/540
f 1869/557/540 33/552/541 569/552/542
f 571/549/536 32/547/527 986/558/543
f 574/559/544 1873/560/545 1872/561/546
f 573/562/547 575/563/548 580/564/549
f 574/559/544 1871/565/550 573/562/547
f 569/552/532 1873/560/545 574/559/544
f 1873/560/551 33/552/541 576/566/552
f 1872/561/553 576/566/552 577/561/554
f 1872/561/553 578/567/555 1871/565/556
f 1871/565/556 35/563/557 575/563/558
f 576/566/552 33/552/541 988/568/559
f 579/569/560 1874/570/561 1876/571/562
f 579/569/560 37/572/563 584/573/564
f 580/564/549 575/563/548 1874/570/561
f 1876/571/565 990/574/566 581/571/567
f 1875/575/568 36/576/569 37/572/570
f 1876/571/565 1877/575/571 1875/575/568
f 1874/570/572 575/563/558 990/574/566
f 583/577/573 1879/578/574 582/579/575
f 583/577/573 1878/580/576 1880/577/577
f 584/573/564 37/572/563 1878/580/576
f 1881/577/578 585/581/579 1879/578/580
f 1880/577/581 1882/582/582 1881/577/578
f 1878/580/583 36/576/569 1882/582/582
f 585/581/579 38/583/584 39/584/585
f 587/585/586 1884/586/587 1885/587/588
f 586/588/589 588/589/590 590/590/591
f 587/585/586 1883/591/592 586/588/589
f 587/585/586 582/579/575 1884/586/587
f 1885/587/593 1886/592/594 1883/591/595
f 1884/586/596 39/584/585 994/593/597
f 1886/592/594 40/589/598 588/589/599
f 1885/587/593 994/593/597 1887/587/600
f 589/594/601 1889/595/602 1890/594/603
f 589/594/601 1888/596/604 42/597/605
f 590/590/591 588/589/590 1889/595/602
f 1889/595/606 588/589/599 591/598/607
f 1888/596/608 41/599/609 43/600/610
f 1890/594/611 1891/596/612 1888/596/608
f 1890/594/611 591/598/607 1892/594/613
f 1893/601/614 1894/602/615 592/603/616
f 593/604/617 43/600/618 1895/605/619
f 1893/601/620 1001/606/621 1894/602/622
f 1893/601/620 1895/605/623 1896/607/624
f 1895/605/623 41/599/609 998/608/625
f 1001/606/621 44/609/626 594/609/627
f 1897/610/628 1898/611/629 595/612/630
f 596/613/631 597/614/632 1897/610/628
f 597/614/632 594/609/633 1899/614/634
f 1898/611/635 45/615/636 46/616/637
f 1897/610/638 1900/611/639 1898/611/635
f 1899/614/640 44/609/626 598/614/641
f 1897/610/638 598/614/641 599/610/642
f 1901/617/643 1903/618/644 600/619/645
f 600/619/645 602/620/646 48/621/647
f 601/622/648 595/612/630 1901/617/643
f 1901/617/649 1904/623/650 1903/618/651
f 1901/617/649 45/615/636 603/617/652
f 1902/624/653 47/620/654 602/620/655
f 1902/624/653 1904/623/650 1905/625/656
f 603/617/652 45/615/636 1003/626/657
f 605/627/658 1908/628/659 1907/629/660
f 604/630/661 606/631/662 611/632/663
f 605/627/658 1906/633/664 604/630/661
f 602/620/646 1908/628/659 605/627/658
f 1907/629/665 609/634/666 1906/633/667
f 1908/628/668 47/620/654 607/635/669
f 1907/629/665 607/635/669 608/636/670
f 609/634/666 49/631/671 606/631/672
f 607/635/669 47/620/654 1005/637/673
f 610/638/674 1909/639/675 1911/640/676
f 610/638/674 51/641/677 615/642/678
f 611/632/663 606/631/662 1909/639/675
f 1911/640/679 1007/643/680 612/640/681
f 1910/644/682 50/645/683 51/641/684
f 1911/640/679 1912/644/685 1910/644/682
f 1909/639/686 606/631/672 1007/643/680
f 614/646/687 1914/647/688 613/648/689
f 614/646/687 1913/649/690 1915/650/691
f 615/642/678 51/641/677 1913/649/690
f 1915/650/692 1916/647/693 1914/647/694
f 1915/650/692 1918/651/695 1917/646/696
f 1913/649/697 50/645/683 1918/651/695
f 1916/647/693 52/652/698 53/653/699
f 617/654/700 1920/655/701 1921/656/702
f 618/657/703 613/648/689 1920/655/701
f 1919/658/704 619/659/705 616/660/706
f 1921/656/707 1922/661/708 1919/658/709
f 1920/655/710 53/653/699 1012/662/711
f 1922/661/708 54/659/712 619/659/713
f 1921/656/707 1012/662/711 1923/656/714
f 621/663/715 1925/664/716 1926/665/717
f 1924/666/718 56/667/719 620/668/720
f 1925/664/721 619/659/713 622/664/722
f 1924/666/723 55/669/724 56/667/725
f 1926/665/726 1927/670/727 1924/666/723
f 1926/665/726 622/664/722 1928/665/728
f 623/671/729 624/672/730 57/673/731
f 623/671/729 620/668/720 1930/674/732
f 620/668/720 56/667/719 1931/675/733
f 1930/674/734 1932/676/735 1929/676/736
f 1930/674/734 1931/675/737 1933/674/738
f 1931/675/737 55/669/724 1016/677/739
f 1932/676/735 1019/678/740 624/672/741
f 1933/674/738 1016/677/739 1018/679/742
f 1934/680/743 1935/681/744 625/682/745
f 626/683/746 624/672/730 1936/684/747
f 1934/680/748 628/681/749 1935/681/750
f 1936/684/751 1019/678/740 629/685/752
f 1934/680/748 629/685/752 630/680/753
f 628/681/749 58/686/754 627/687/755
f 1937/688/756 1939/689/757 631/690/758
f 631/690/758 61/691/759 60/692/760
f 632/693/761 625/682/745 1937/688/756
f 1937/688/762 633/694/763 1939/689/764
f 1938/695/765 59/691/766 61/691/767
f 1937/688/762 58/686/754 635/696/768
f 633/694/763 634/697/769 1938/695/765
f 635/696/768 58/686/754 1021/698/770
f 637/699/771 1942/700/772 1941/701/773
f 636/702/774 638/703/775 643/704/776
f 637/699/771 1940/705/777 636/702/774
f 61/691/759 1942/700/772 637/699/771
f 1940/705/778 640/706/779 641/707/780
f 1941/701/781 639/708/782 640/706/779
f 1942/700/783 59/691/766 639/708/782
f 641/707/780 62/709/784 638/703/785
f 639/708/782 59/691/766 1023/710/786
f 642/711/787 1943/712/788 1945/713/789
f 642/711/787 64/714/790 647/715/791
f 643/704/776 638/703/775 1943/712/788
f 1945/713/792 645/716/793 1944/717/794
f 1945/713/792 1025/718/795 644/719/796
f 1944/717/794 63/720/797 64/714/798
f 1943/712/799 638/703/785 1025/718/795
f 646/721/800 1946/722/801 1948/723/802
f 646/721/800 648/724/803 652/725/804
f 647/715/791 64/714/790 1946/722/801
f 1948/723/805 650/726/806 1947/727/807
f 1948/723/805 1946/722/808 649/728/809
f 650/726/806 65/729/810 648/724/811
f 1946/722/808 63/720/797 1027/730/812
f 651/731/813 1949/732/814 961/733/815
f 651/731/813 1951/734/816 1950/735/817
f 652/725/804 648/724/803 1951/734/816
f 1950/735/818 962/736/819 653/737/820
f 1949/732/821 524/74/822 522/738/386
f 1950/735/818 1952/739/823 1949/732/821
f 1951/734/824 65/729/810 962/736/819
f 654/740/825 661/741/826 657/742/827
f 656/455/828 66/743/829 658/744/830
f 655/456/831 660/745/832 654/740/825
f 655/456/831 658/744/830 1953/746/833
f 1953/746/834 664/747/835 660/745/836
f 1953/746/834 662/748/837 663/749/838
f 658/744/839 954/750/840 662/748/837
f 660/745/836 664/747/835 661/741/841
f 657/742/827 661/741/826 667/751/842
f 666/468/843 667/751/842 669/752/844
f 669/752/844 670/753/845 665/754/846
f 665/754/846 671/755/847 668/755/848
f 669/752/849 674/756/850 670/753/851
f 669/752/849 672/757/852 673/758/853
f 667/751/854 664/747/835 672/757/852
f 670/753/851 674/756/850 671/755/855
f 676/476/856 680/759/857 675/760/858
f 676/476/856 677/474/859 678/761/860
f 680/759/857 681/477/861 67/477/862
f 677/474/859 671/755/847 679/475/863
f 678/761/864 684/762/865 680/759/866
f 678/761/864 682/763/867 683/470/868
f 679/475/869 674/756/850 682/763/867
f 680/759/866 684/762/865 681/477/870
f 687/478/871 67/477/862 689/764/872
f 685/484/873 691/485/874 688/481/875
f 686/765/876 1954/484/877 685/484/873
f 686/765/876 689/764/872 690/766/878
f 690/766/879 694/486/880 1954/484/881
f 690/766/879 692/767/882 693/768/883
f 689/764/884 684/762/865 692/767/882
f 1954/484/881 68/769/885 691/485/886
f 695/494/887 701/770/888 698/492/889
f 697/771/890 691/485/874 1955/489/891
f 696/490/892 1955/489/891 699/772/893
f 696/490/892 700/495/894 695/494/887
f 699/772/895 703/495/896 700/495/897
f 699/772/895 68/769/885 702/490/898
f 700/495/897 69/773/899 701/770/900
f 704/504/901 710/774/902 71/775/903
f 706/499/904 701/770/888 707/776/905
f 705/500/906 707/776/905 708/777/907
f 705/500/906 709/778/908 704/504/901
f 708/777/909 712/779/910 709/778/911
f 708/777/909 69/773/899 711/500/912
f 709/778/911 70/780/913 710/774/914
f 715/509/915 710/774/902 717/781/916
f 714/506/917 717/781/916 718/782/918
f 714/506/917 719/783/919 713/784/920
f 713/784/920 720/510/921 716/785/922
f 718/782/923 722/786/924 719/783/925
f 718/782/923 70/780/913 721/506/926
f 719/783/925 722/786/924 720/510/921
f 724/520/927 727/519/928 723/519/929
f 724/520/927 725/512/930 728/787/931
f 723/519/929 729/788/932 726/516/933
f 725/512/930 720/510/921 728/787/931
f 1956/789/934 732/790/935 727/519/928
f 1956/789/934 730/791/936 731/520/937
f 728/787/931 720/510/921 1956/789/934
f 1956/789/934 722/786/924 730/791/936
f 727/519/928 72/792/938 729/788/932
f 734/523/939 737/793/940 733/529/941
f 737/793/940 739/525/942 736/528/943
f 734/523/939 735/527/944 738/794/945
f 735/527/944 729/788/932 738/794/945
f 1957/795/946 740/796/947 737/793/940
f 1957/795/946 72/792/938 2114/797/948
f 738/794/945 729/788/932 1957/795/946
f 737/793/940 740/796/947 739/525/949
f 743/798/950 736/528/943 745/534/951
f 742/536/952 745/534/951 747/799/953
f 742/536/952 746/800/954 741/535/955
f 741/535/955 748/531/956 744/531/957
f 747/799/958 751/801/959 746/800/960
f 747/799/958 749/802/961 750/533/962
f 745/534/963 740/796/947 749/802/961
f 746/800/960 751/801/959 748/531/964
f 753/546/965 756/803/966 752/541/967
f 754/804/968 748/531/956 755/544/969
f 753/546/965 755/544/969 758/805/970
f 756/803/966 759/548/971 757/547/972
f 758/805/973 762/806/974 756/803/975
f 758/805/973 760/807/976 761/546/977
f 755/544/978 751/801/959 760/807/976
f 756/803/975 762/806/974 759/548/979
f 763/808/980 767/552/981 74/552/982
f 764/555/983 1958/556/984 763/808/980
f 757/547/972 1959/809/985 765/549/986
f 1959/809/985 766/810/987 764/555/983
f 766/810/988 770/811/989 1958/556/990
f 766/810/988 768/812/991 769/813/992
f 1959/809/993 762/806/974 768/812/991
f 1958/556/990 73/814/994 767/552/995
f 772/815/996 775/565/997 771/565/998
f 771/565/998 777/563/999 774/563/1000
f 773/560/1001 767/552/981 1960/560/1002
f 772/815/996 1960/560/1002 776/816/1003
f 776/816/1004 779/567/1005 775/565/1006
f 776/816/1004 73/814/994 778/817/1007
f 775/565/1006 75/818/1008 777/563/1009
f 782/819/1010 777/563/999 783/570/1011
f 781/571/1012 783/570/1011 784/820/1013
f 780/575/1014 785/821/1015 77/822/1016
f 784/820/1013 1961/823/1017 780/575/1014
f 784/820/1018 787/824/1019 1961/823/1020
f 784/820/1018 75/818/1008 786/571/1021
f 1961/823/1020 76/825/1022 785/821/1023
f 789/577/1024 790/580/1025 792/826/1026
f 790/580/1025 785/821/1015 791/582/1027
f 792/826/1026 793/827/1028 788/581/1029
f 793/827/1028 795/584/1030 794/584/1031
f 792/826/1032 797/828/1033 793/827/1034
f 792/826/1032 76/825/1022 796/577/1035
f 793/827/1034 78/829/1036 795/584/1037
f 800/586/1038 794/584/1031 802/586/1039
f 799/830/1040 802/586/1039 804/831/1041
f 804/831/1041 803/591/1042 798/591/1043
f 798/591/1043 805/589/1044 801/589/1045
f 804/831/1046 806/832/1047 803/591/1048
f 804/831/1046 78/829/1036 2112/833/1049
f 803/591/1048 79/834/1050 805/589/1044
f 807/835/1051 813/836/1052 810/600/1053
f 808/837/1054 811/838/1055 807/835/1051
f 808/837/1054 809/598/1056 812/839/1057
f 809/598/1056 805/589/1044 812/839/1057
f 1962/840/1058 815/841/1059 811/838/1055
f 1962/840/1058 79/834/1050 814/594/1060
f 812/839/1057 805/589/1044 1962/840/1058
f 811/838/1055 815/841/1059 813/836/1061
f 817/601/1062 818/842/1063 822/843/1064
f 816/844/1065 823/609/1066 819/609/1067
f 818/842/1063 813/836/1052 820/605/1068
f 822/843/1064 821/845/1069 816/844/1065
f 822/843/1070 826/846/1071 821/845/1072
f 822/843/1070 824/847/1073 825/601/1074
f 820/605/1075 815/841/1059 824/847/1073
f 821/845/1072 826/846/1071 823/609/1076
f 828/848/1077 832/849/1078 827/850/1079
f 828/848/1077 829/614/1080 830/851/1081
f 832/849/1078 833/616/1082 80/852/1083
f 829/614/1080 823/609/1066 831/853/1084
f 830/851/1085 836/854/1086 832/849/1087
f 830/851/1085 834/855/1088 835/610/1089
f 831/853/1090 826/846/1071 834/855/1088
f 832/849/1087 836/854/1086 833/616/1091
f 839/856/1092 80/852/1083 841/856/1093
f 837/857/1094 843/858/1095 840/620/1096
f 838/859/1097 1963/624/1098 837/857/1094
f 838/859/1097 841/856/1093 842/860/1099
f 842/860/1100 846/625/1101 1963/624/1102
f 842/860/1100 844/861/1103 845/623/1104
f 841/856/1105 836/854/1086 844/861/1103
f 1963/624/1102 81/862/1106 843/858/1107
f 847/633/1108 852/631/1109 83/863/1110
f 849/628/1111 843/858/1095 1964/864/1112
f 848/865/1113 1964/864/1112 850/866/1114
f 848/865/1113 851/867/1115 847/633/1108
f 850/866/1116 854/868/1117 851/867/1118
f 850/866/1116 81/862/1106 853/636/1119
f 851/867/1118 82/869/1120 852/631/1121
f 855/644/1122 861/641/1123 85/641/1124
f 857/639/1125 852/631/1109 858/870/1126
f 856/871/1127 858/870/1126 859/872/1128
f 856/871/1127 860/873/1129 855/644/1122
f 859/872/1130 863/873/1131 860/873/1132
f 859/872/1130 82/869/1120 862/640/1133
f 860/873/1132 84/874/1134 861/641/1135
f 866/651/1136 861/641/1123 868/875/1137
f 865/646/1138 868/875/1137 869/876/1139
f 865/646/1138 870/877/1140 864/647/1141
f 864/647/1141 871/653/1142 867/653/1143
f 869/876/1144 873/878/1145 870/877/1146
f 869/876/1144 84/874/1134 872/646/1147
f 870/877/1146 873/878/1145 871/653/1148
f 876/655/1149 871/653/1142 878/879/1150
f 875/880/1151 878/879/1150 880/881/1152
f 880/881/1152 879/882/1153 874/882/1154
f 874/882/1154 881/883/1155 877/659/1156
f 880/881/1157 884/882/1158 879/882/1159
f 880/881/1157 882/884/1160 883/880/1161
f 878/879/1162 873/878/1145 882/884/1160
f 879/882/1159 86/885/1163 881/883/1155
f 886/665/1164 889/886/1165 885/666/1166
f 889/886/1165 891/669/1167 888/669/1168
f 886/665/1164 887/664/1169 890/887/1170
f 887/664/1169 881/883/1155 890/887/1170
f 1965/888/1171 892/889/1172 889/886/1165
f 1965/888/1171 86/885/1163 2110/890/1173
f 890/887/1170 881/883/1155 1965/888/1171
f 889/886/1165 892/889/1172 891/669/1174
f 895/675/1175 888/669/1168 897/675/1176
f 894/674/1177 897/675/1176 899/891/1178
f 894/674/1177 898/892/1179 893/676/1180
f 893/676/1180 900/678/1181 896/678/1182
f 899/891/1183 903/893/1184 898/892/1185
f 899/891/1183 901/894/1186 902/895/1187
f 897/675/1188 892/889/1172 901/894/1186
f 898/892/1185 903/893/1184 900/678/1189
f 905/680/1190 908/896/1191 904/897/1192
f 906/898/1193 900/678/1181 907/898/1194
f 905/680/1190 907/898/1194 910/899/1195
f 908/896/1191 911/900/1196 909/686/1197
f 910/899/1198 914/897/1199 908/896/1200
f 910/899/1198 912/901/1201 913/899/1202
f 907/898/1203 903/893/1184 912/901/1201
f 908/896/1200 87/902/1204 911/900/1205
f 915/903/1206 919/904/1207 89/691/1208
f 916/694/1209 1966/905/1210 915/903/1206
f 909/686/1197 1967/906/1211 917/907/1212
f 1967/906/1211 918/689/1213 916/694/1209
f 918/689/1214 921/903/1215 1966/905/1216
f 918/689/1214 87/902/1204 920/908/1217
f 1966/905/1216 88/909/1218 919/904/1219
f 923/910/1220 926/705/1221 922/911/1222
f 924/912/1223 919/904/1207 1968/913/1224
f 923/910/1220 1968/913/1224 927/914/1225
f 926/705/1221 928/915/1226 925/916/1227
f 927/914/1228 930/917/1229 926/705/1230
f 927/914/1228 88/909/1218 929/914/1231
f 926/705/1230 930/917/1229 928/915/1232
f 933/918/1233 935/919/1234 932/919/1235
f 931/920/1236 936/720/1237 91/714/1238
f 935/919/1234 1969/920/1239 931/920/1236
f 933/918/1233 928/915/1226 934/921/1240
f 935/919/1241 939/922/1242 1969/920/1243
f 935/919/1241 937/923/1244 938/713/1245
f 934/921/1246 930/917/1229 937/923/1244
f 1969/920/1243 90/924/1247 936/720/1248
f 940/726/1249 945/925/1250 93/729/1251
f 942/926/1252 936/720/1237 943/927/1253
f 941/728/1254 944/928/1255 940/726/1249
f 941/728/1254 943/927/1253 1970/929/1256
f 1970/929/1257 947/930/1258 944/928/1259
f 1970/929/1257 90/924/1247 946/931/1260
f 944/928/1259 92/932/1261 945/925/1262
f 950/933/1263 93/729/1251 951/934/1264
f 949/737/1265 951/934/1264 952/935/1266
f 952/935/1266 953/936/1267 948/937/1268
f 953/936/1267 659/938/1269 66/939/829
f 952/935/1270 954/940/840 953/936/1271
f 952/935/1270 92/932/1261 2116/941/1272
f 953/936/1271 954/940/840 659/938/1273
f 1976/942/1274 1975/943/1275 317/111/105
f 342/164/148 1976/942/1274 336/144/132
f 1972/944/1276 342/164/148 349/163/147
f 367/209/183 1972/944/1276 361/186/165
f 1973/945/1277 367/209/183 374/208/182
f 407/946/1278 1973/945/1277 400/250/216
f 427/947/1279 407/946/1278 419/281/240
f 1974/948/1280 427/947/1279 440/316/268
f 460/360/303 1974/948/1280 453/336/284
f 484/949/1281 460/360/303 468/359/302
f 503/426/356 484/949/1281 497/406/340
f 1975/943/1275 503/426/356 510/425/355
f 955/950/1282 1977/951/1283 1441/952/1284
f 96/953/1285 955/950/1282 1442/954/1286
f 955/950/1282 155/955/1287 1977/951/1283
f 1/956/1288 1185/957/1289 1977/951/1283
f 1977/951/1283 1186/958/1290 1443/959/1291
f 956/960/1292 221/961/1293 1438/962/1294
f 221/961/1293 1439/963/1295 1438/962/1294
f 1188/964/1296 956/960/1292 1440/965/1297
f 220/966/1298 955/967/1282 1439/963/1295
f 1185/957/1289 157/968/1299 1435/969/1300
f 157/968/1299 1189/970/1301 1435/969/1300
f 1186/958/1290 1185/957/1289 1437/971/1302
f 1189/970/1301 1190/972/1303 1436/973/1304
f 1978/974/1305 160/975/1306 1433/976/1307
f 160/975/1306 1192/977/1308 1433/976/1307
f 1190/972/1303 1978/974/1305 2221/978/1309
f 1189/970/1301 161/979/1310 1978/974/1305
f 1192/977/1308 1193/980/1311 1434/981/1312
f 1432/982/1313 1979/983/1314 1431/984/1315
f 1192/977/1308 163/985/1316 1432/982/1313
f 1432/982/1313 162/986/1317 1979/983/1314
f 162/986/1317 1195/987/1318 1979/983/1314
f 1979/983/1314 1196/988/1319 1430/989/1320
f 1980/990/1321 1197/991/1322 1429/992/1323
f 1196/988/1319 1980/990/1321 1428/993/1324
f 1195/987/1318 165/994/1325 1980/990/1321
f 165/994/1325 1197/991/1322 1980/990/1321
f 1197/991/1322 1198/995/1326 1427/996/1327
f 1981/997/1328 1199/998/1329 1424/999/1330
f 1198/995/1326 1981/997/1328 1425/1000/1331
f 1197/991/1322 167/1001/1332 1981/997/1328
f 166/1002/1333 1199/998/1329 1981/997/1328
f 1199/998/1329 1200/1003/1334 1426/1004/1335
f 1982/1005/1336 1422/1006/1337 1421/1007/1338
f 1200/1003/1334 1982/1005/1336 1423/1008/1339
f 1199/998/1329 169/1009/1340 1982/1005/1336
f 168/1010/1341 1422/1006/1337 1982/1005/1336
f 168/1010/1341 1201/1011/1342 1422/1006/1337
f 1201/1011/1342 1983/1012/1343 1418/1013/1344
f 1202/1014/1345 1201/1011/1342 1420/1015/1346
f 1201/1011/1342 170/1016/1347 1983/1012/1343
f 170/1016/1347 1204/1017/1348 1983/1012/1343
f 1983/1012/1343 1205/1018/1349 1419/1019/1350
f 1984/1020/1351 1207/1021/1352 1417/1022/1353
f 1205/1018/1349 1984/1020/1351 2213/1023/1354
f 1204/1017/1348 173/1024/1355 1984/1020/1351
f 172/1025/1356 1207/1021/1352 1984/1020/1351
f 1207/1021/1352 1208/1026/1357 1416/1027/1358
f 1985/1028/1359 174/1029/1360 1415/1030/1361
f 174/1029/1360 1210/1031/1362 1415/1030/1361
f 1208/1026/1357 1985/1028/1359 1413/1032/1363
f 1207/1021/1352 175/1033/1364 1985/1028/1359
f 1210/1031/1362 1211/1034/1365 1414/1035/1366
f 1986/1036/1367 177/1037/1368 1411/1038/1369
f 177/1037/1368 1213/1039/1370 1411/1038/1369
f 1211/1034/1365 1986/1036/1367 2210/1040/1371
f 1210/1031/1362 178/1041/1372 1986/1036/1367
f 1213/1039/1370 1214/1042/1373 1412/1043/1374
f 1410/1044/1375 1987/1045/1376 1409/1046/1377
f 1213/1039/1370 180/1047/1378 1410/1044/1375
f 1410/1044/1375 179/1048/1379 1987/1045/1376
f 179/1048/1379 1216/1049/1380 1987/1045/1376
f 1987/1045/1376 1217/1050/1381 1408/1051/1382
f 1988/1052/1383 1219/1053/1384 1407/1054/1385
f 1217/1050/1381 1988/1052/1383 1406/1055/1386
f 1216/1049/1380 182/1056/1387 1988/1052/1383
f 182/1056/1387 1219/1053/1384 1988/1052/1383
f 1219/1053/1384 1220/1057/1388 1405/1058/1389
f 1989/1059/1390 1221/1060/1391 1402/1061/1392
f 1220/1057/1388 1989/1059/1390 1403/1062/1393
f 1219/1053/1384 184/1063/1394 1989/1059/1390
f 183/1064/1395 1221/1060/1391 1989/1059/1390
f 1221/1060/1391 1222/1065/1396 1404/1066/1397
f 1990/1067/1398 1400/1068/1399 1399/1069/1400
f 1222/1065/1396 1990/1067/1398 1401/1070/1401
f 1221/1060/1391 186/1071/1402 1990/1067/1398
f 185/1072/1403 1400/1068/1399 1990/1067/1398
f 185/1072/1403 1223/1073/1404 1400/1068/1399
f 1223/1073/1404 1991/1074/1405 1396/1075/1406
f 1224/1076/1407 1223/1073/1404 1398/1077/1408
f 1223/1073/1404 187/1078/1409 1991/1074/1405
f 4/1079/1410 1226/1080/1411 1991/1074/1405
f 1991/1074/1405 1227/1081/1412 1397/1082/1413
f 1992/1083/1414 1229/1084/1415 1394/1085/1416
f 1227/1081/1412 1992/1083/1414 2202/1086/1417
f 1226/1080/1411 189/1087/1418 1992/1083/1414
f 189/1088/1418 1229/1084/1415 1992/1083/1414
f 1229/1084/1415 1230/1089/1419 1395/1090/1420
f 1993/1091/1421 190/1092/1422 1393/1093/1423
f 190/1092/1422 1232/1094/1424 1393/1093/1423
f 1230/1089/1419 1993/1091/1421 1391/1095/1425
f 1229/1084/1415 191/1096/1426 1993/1091/1421
f 1232/1094/1424 1233/1097/1427 1392/1098/1428
f 1994/1099/1429 193/1100/1430 1389/1101/1431
f 193/1100/1430 1235/1102/1432 1389/1101/1431
f 1233/1097/1427 1994/1099/1429 2199/1103/1433
f 1232/1094/1424 194/1104/1434 1994/1099/1429
f 1235/1102/1432 1236/1105/1435 1390/1106/1436
f 1388/1107/1437 1995/1108/1438 1387/1109/1439
f 1235/1102/1432 196/1110/1440 1388/1107/1437
f 1388/1107/1437 195/1111/1441 1995/1108/1438
f 195/1111/1441 1238/1112/1442 1995/1108/1438
f 1995/1108/1438 1239/1113/1443 1386/1114/1444
f 1996/1115/1445 1241/1116/1446 1385/1117/1447
f 1239/1113/1443 1996/1115/1445 1384/1118/1448
f 1238/1112/1442 198/1119/1449 1996/1115/1445
f 198/1119/1449 1241/1116/1446 1996/1115/1445
f 1241/1116/1446 1242/1120/1450 1383/1121/1451
f 1997/1122/1452 1243/1123/1453 1380/1124/1454
f 1242/1120/1450 1997/1122/1452 1381/1125/1455
f 1241/1116/1446 200/1126/1456 1997/1122/1452
f 199/1127/1457 1243/1123/1453 1997/1122/1452
f 1998/1128/1458 2000/1129/1459 1999/1130/1460
f 1243/1123/1453 202/1131/1461 1998/1128/1458
f 202/1131/1461 201/1132/1462 2000/1129/1459
f 2000/1129/1459 1011/1133/1463 1246/1134/1464
f 2000/1129/1459 1246/1134/1464 1247/1135/1465
f 1999/1130/1460 1247/1135/1465 1248/1136/1466
f 1379/1137/1467 1248/1136/1466 124/1138/1468
f 1378/1139/1469 1999/1130/1460 1379/1137/1470
f 2191/1140/1471 1998/1128/1458 1378/1139/1469
f 2001/1141/1472 2004/1142/1473 2003/1143/1474
f 2002/1144/1475 203/1145/1476 2004/1142/1477
f 124/1138/1468 2001/1141/1472 1363/1146/1478
f 1248/1136/1466 2002/1144/1475 2001/1141/1472
f 1247/1135/1465 1246/1134/1464 2002/1144/1475
f 2004/1142/1477 6/1147/1479 1266/1148/1480
f 2003/1143/1474 1266/1148/1481 1267/1149/1482
f 1363/1146/1478 2003/1143/1474 1364/1150/1483
f 1266/1148/1481 2005/1151/1484 1267/1149/1482
f 206/1152/1485 2006/1153/1486 1266/1148/1480
f 2006/1153/1486 2007/1154/1487 2005/1151/1484
f 206/1152/1485 2008/1155/1488 2006/1153/1486
f 1267/1149/1482 1349/1156/1489 1364/1150/1483
f 1278/1157/1490 1279/1158/1491 2008/1155/1488
f 2008/1155/1488 1280/1159/1492 2007/1154/1487
f 2007/1154/1487 130/1160/1493 1350/1161/1494
f 2005/1151/1484 1350/1161/1494 1349/1162/1489
f 2010/1163/1495 2011/1164/1496 2009/1165/1497
f 207/1166/1498 1298/1167/1499 2011/1164/1496
f 1280/1159/1492 1339/1168/1500 130/1160/1493
f 1279/1158/1491 2009/1165/1497 1280/1159/1492
f 1278/1157/1490 2010/1163/1495 1279/1158/1491
f 208/1169/1501 2010/1163/1495 1278/1157/1490
f 208/1169/1501 207/1166/1498 2010/1163/1495
f 2011/1164/1496 2146/1170/1502 1340/1171/1503
f 2009/1165/1497 1340/1171/1503 1339/1168/1504
f 2012/1172/1505 210/1173/1506 1325/1174/1507
f 210/1173/1506 1302/1175/1508 1325/1174/1507
f 1298/1167/1499 211/1176/1509 2012/1172/1505
f 1302/1175/1508 1303/1177/1510 1326/1178/1511
f 1324/1179/1512 2013/1180/1513 1323/1181/1514
f 1302/1175/1508 213/1182/1515 1324/1179/1512
f 1324/1179/1512 212/1183/1516 2013/1180/1513
f 212/1183/1516 1305/1184/1517 2013/1180/1513
f 2013/1180/1513 1306/1185/1518 1322/1186/1519
f 2014/1187/1520 1308/1188/1521 1321/1189/1522
f 1306/1185/1518 2014/1187/1520 1320/1190/1523
f 1305/1184/1517 215/1191/1524 2014/1187/1520
f 215/1191/1524 1308/1188/1521 2014/1187/1520
f 1308/1188/1521 1309/1192/1525 1319/1193/1526
f 2015/1194/1527 1310/1195/1528 1317/1196/1529
f 1309/1192/1525 2015/1194/1527 1316/1197/1530
f 1308/1188/1521 217/1198/1531 2015/1194/1527
f 216/1199/1532 1310/1195/1528 2015/1194/1527
f 1310/1195/1528 1311/1200/1533 1318/1201/1534
f 1315/1202/1535 2016/1203/1536 1313/1204/1537
f 1310/1195/1528 219/1205/1538 1315/1202/1535
f 1315/1202/1535 218/1206/1539 2016/1203/1536
f 218/1206/1539 956/960/1292 2016/1203/1536
f 2016/1203/1536 1188/964/1296 1314/1207/1540
f 525/454/379 957/1208/1541 16/457/383
f 523/456/382 957/1208/1541 525/454/379
f 1823/455/381 958/37/1542 957/1208/1541
f 957/1208/1543 66/743/829 656/455/828
f 957/1208/1543 656/455/828 655/456/831
f 155/955/1287 960/1209/1544 2017/1210/1545
f 959/1211/1546 2017/1210/1545 17/452/376
f 1/956/1288 155/955/1287 959/1211/1546
f 1952/739/823 958/1212/1542 524/74/822
f 653/737/820 958/1212/1542 1952/739/823
f 958/1212/1547 93/729/1251 950/933/1263
f 958/1212/1547 950/933/1263 949/737/1265
f 2018/1213/1548 961/733/815 220/966/1298
f 963/1214/1549 651/731/813 2018/1213/1548
f 156/74/1550 220/966/1298 960/1215/1544
f 222/1216/1551 2018/1213/1548 221/961/1293
f 220/966/1298 961/733/815 960/1215/1544
f 2019/1217/1552 526/459/387 964/1218/1553
f 2/1219/1554 2019/1217/1552 964/1218/1553
f 158/1220/1555 2019/1217/1552 157/968/1299
f 959/1211/1546 2019/1217/1552 158/1220/1555
f 17/452/376 527/462/390 2019/1217/1552
f 1829/467/397 957/1208/1541 965/469/402
f 965/469/1556 957/1208/1543 657/742/827
f 965/469/1556 657/742/827 666/468/843
f 965/469/1556 668/755/848 2021/1221/1557
f 159/1222/1558 2020/1223/1559 967/1224/1560
f 2020/1223/1559 19/461/389 530/473/406
f 161/979/1310 2020/1223/1559 160/975/1306
f 161/979/1310 964/1218/1553 19/461/389
f 530/473/406 529/472/405 967/1224/1560
f 532/471/409 968/487/430 20/477/414
f 534/476/413 2021/1221/1561 532/471/409
f 533/475/412 966/460/400 2021/1221/1561
f 2021/1221/1557 668/755/848 677/474/859
f 676/476/856 675/760/858 2021/1221/1557
f 2021/1221/1557 67/477/862 968/487/1562
f 162/986/1317 2022/1225/1563 2023/1226/1564
f 2022/1225/1563 967/1224/1560 536/483/421
f 2023/1226/1564 536/483/421 535/480/418
f 2023/1226/1564 22/482/420 969/1227/1565
f 1836/486/429 968/487/430 970/497/446
f 1836/486/429 970/497/446 21/485/427
f 968/487/1562 67/477/862 687/478/871
f 686/765/876 685/484/873 970/497/1566
f 164/1228/1567 2024/1229/1568 540/491/434
f 167/1001/1332 164/1228/1567 971/1230/1569
f 165/994/1325 969/1227/1565 2024/1229/1568
f 22/482/420 541/488/431 2024/1229/1568
f 971/1230/1569 540/491/434 547/493/436
f 970/497/446 972/503/453 545/495/439
f 970/497/1566 697/771/890 696/490/892
f 545/495/439 972/503/453 23/496/444
f 696/490/892 695/494/887 972/503/1570
f 166/1002/1333 971/1230/1569 2025/1231/1571
f 169/1009/1340 166/1002/1333 973/1232/1572
f 2025/1231/1571 547/493/436 546/498/447
f 973/1232/1572 2025/1231/1571 551/502/451
f 1843/504/458 974/1233/1573 24/505/456
f 548/500/454 974/1233/1573 1843/504/458
f 974/1233/1574 698/492/889 706/499/904
f 974/1233/1574 706/499/904 705/500/906
f 168/1010/1341 2026/1234/1575 975/1235/1576
f 973/1232/1572 2026/1234/1575 168/1010/1341
f 2026/1234/1575 551/502/451 550/506/460
f 2026/1234/1575 549/508/462 975/1235/1576
f 168/1010/1341 975/1235/1576 171/1236/1577
f 1847/507/466 976/518/481 26/510/471
f 1848/506/469 2027/1237/1578 1847/507/466
f 1849/509/468 974/1233/1573 2027/1237/1578
f 2027/1237/1579 71/775/903 715/509/915
f 2027/1237/1579 715/509/915 714/506/917
f 2027/1237/1579 713/784/920 976/518/1580
f 2029/1238/1581 554/514/476 170/1016/1347
f 2028/1239/1582 554/514/476 553/511/473
f 2029/1238/1581 975/1235/1576 554/514/476
f 977/1240/1583 553/511/473 552/517/479
f 2028/1239/1582 977/1240/1583 173/1024/1355
f 1853/519/486 978/1241/1584 28/516/483
f 1854/520/487 978/1241/1584 1853/519/486
f 978/1241/1585 716/785/922 725/512/930
f 978/1241/1585 725/512/930 724/520/927
f 977/1240/1583 2031/1242/1586 172/1025/1356
f 2030/1243/1587 2031/1242/1586 557/521/488
f 980/1244/1588 172/1025/1356 2030/1243/1587
f 2031/1242/1586 552/517/479 557/521/488
f 979/1245/1589 557/521/488 556/526/493
f 980/1244/1588 2030/1243/1587 979/1245/1589
f 1858/529/500 981/537/512 29/528/497
f 1859/523/501 2032/1246/1590 1858/529/500
f 558/527/495 978/1241/1584 2032/1246/1590
f 2032/1246/1591 726/516/933 735/527/944
f 2032/1246/1591 735/527/944 734/523/939
f 2032/1246/1591 733/529/941 981/537/1592
f 2033/1247/1593 559/530/502 982/1248/1594
f 2033/1247/1593 979/1245/1589 559/530/502
f 3/1249/1595 2033/1247/1593 982/1248/1594
f 175/1033/1364 2033/1247/1593 174/1029/1360
f 983/539/1596 981/537/1592 743/798/950
f 983/539/1596 743/798/950 742/536/952
f 983/539/1596 744/531/957 2035/1250/1597
f 176/1251/1598 2034/1252/1599 985/1253/1600
f 2034/1252/1599 31/532/504 562/543/519
f 178/1041/1372 2034/1252/1599 177/1037/1368
f 178/1041/1372 982/1248/1594 31/532/504
f 562/543/519 561/542/518 985/1253/1600
f 564/545/522 986/558/543 32/547/527
f 566/546/526 2035/1250/1601 564/545/522
f 565/544/525 984/538/513 2035/1250/1601
f 2035/1250/1597 744/531/957 754/804/968
f 753/546/965 752/541/967 2035/1250/1597
f 2035/1250/1597 757/547/972 986/558/1602
f 179/1048/1379 2036/1254/1603 2037/1255/1604
f 2036/1254/1603 985/1253/1600 568/554/534
f 2037/1255/1604 568/554/534 567/551/531
f 2037/1255/1604 34/553/533 987/1256/1605
f 570/556/539 986/558/543 988/568/559
f 570/556/539 988/568/559 33/552/541
f 986/558/1602 757/547/972 765/549/986
f 764/555/983 763/808/980 988/568/1606
f 181/1257/1607 2038/1258/1608 573/562/547
f 184/1063/1394 181/1257/1607 989/1259/1609
f 182/1056/1387 987/1256/1605 2038/1258/1608
f 34/553/533 574/559/544 2038/1258/1608
f 989/1259/1609 573/562/547 580/564/549
f 988/568/559 990/574/566 578/567/555
f 988/568/1606 773/560/1001 772/815/996
f 578/567/555 990/574/566 35/563/557
f 772/815/996 771/565/998 990/574/1610
f 183/1064/1395 989/1259/1609 2039/1260/1611
f 186/1071/1402 183/1064/1395 991/1261/1612
f 2039/1260/1611 580/564/549 579/569/560
f 991/1261/1612 2039/1260/1611 584/573/564
f 1877/575/571 992/1262/1613 36/576/569
f 581/571/567 992/1262/1613 1877/575/571
f 992/1262/1614 774/563/1000 782/819/1010
f 992/1262/1614 782/819/1010 781/571/1012
f 185/1072/1403 2040/1263/1615 993/1264/1616
f 991/1261/1612 2040/1263/1615 185/1072/1403
f 2040/1263/1615 584/573/564 583/577/573
f 2040/1263/1615 582/579/575 993/1264/1616
f 185/1072/1403 993/1264/1616 188/1265/1617
f 585/581/579 994/593/597 38/583/584
f 1881/577/578 2041/1266/1618 585/581/579
f 1882/582/582 992/1262/1613 2041/1266/1618
f 2041/1266/1619 77/822/1016 790/580/1025
f 2041/1266/1619 790/580/1025 789/577/1024
f 2041/1266/1619 788/581/1029 994/593/1620
f 2042/1267/1621 586/588/589 187/1078/1409
f 4/1079/1410 187/1078/1409 995/1268/1622
f 2042/1267/1621 993/1264/1616 587/585/586
f 1886/592/594 996/1269/1623 40/589/598
f 1887/587/600 996/1269/1623 1886/592/594
f 996/1269/1624 794/584/1031 800/586/1038
f 996/1269/1624 800/586/1038 799/830/1040
f 2043/1270/1625 2044/1271/1626 189/1088/1418
f 997/1272/1627 2044/1271/1626 42/597/605
f 5/1273/1628 189/1088/1418 997/1272/1627
f 4/1079/1410 2043/1270/1625 189/1087/1418
f 2044/1271/1626 590/590/591 589/594/601
f 1891/596/612 998/608/625 41/599/609
f 1892/594/613 2045/1274/1629 1891/596/612
f 591/598/607 996/1269/1623 2045/1274/1629
f 2045/1274/1630 801/589/1045 809/598/1056
f 2045/1274/1630 809/598/1056 808/837/1054
f 2045/1274/1630 807/835/1051 998/608/1631
f 1000/1275/1632 2046/1276/1633 999/1277/1634
f 191/1096/1426 2046/1276/1633 190/1092/1422
f 997/1272/1627 2046/1276/1633 191/1096/1426
f 42/597/605 593/604/617 2046/1276/1633
f 593/604/617 592/603/616 999/1277/1634
f 1896/607/624 2047/1278/1635 1001/606/621
f 2047/1278/1636 998/608/1631 818/842/1063
f 2047/1278/1636 818/842/1063 817/601/1062
f 2047/1278/1636 819/609/1067 1001/606/1637
f 192/1279/1638 2048/1280/1639 1002/1281/1640
f 194/1104/1434 2048/1280/1639 193/1100/1430
f 194/1104/1434 999/1277/1634 596/613/631
f 999/1277/1634 597/614/632 596/613/631
f 596/613/631 595/612/630 1002/1281/1640
f 2049/1282/1641 1001/606/1637 828/848/1077
f 1900/611/639 1003/626/657 45/615/636
f 599/610/642 2049/1282/1642 1900/611/639
f 598/614/641 1001/606/621 2049/1282/1642
f 1001/606/1637 819/609/1067 829/614/1080
f 828/848/1077 827/850/1079 2049/1282/1641
f 2049/1282/1641 80/852/1083 1003/626/1643
f 195/1111/1441 2050/1283/1644 2051/1284/1645
f 2050/1283/1644 1002/1281/1640 601/622/648
f 2051/1284/1645 601/622/648 600/619/645
f 2051/1284/1645 48/621/647 1004/1285/1646
f 1905/625/656 1003/626/657 1005/637/673
f 1905/625/656 1005/637/673 47/620/654
f 1003/626/1643 80/852/1083 839/856/1092
f 838/859/1097 837/857/1094 1005/637/1647
f 197/1286/1648 2052/1287/1649 604/630/661
f 200/1126/1456 197/1286/1648 1006/1288/1650
f 198/1119/1449 1004/1285/1646 2052/1287/1649
f 48/621/647 605/627/658 2052/1287/1649
f 1006/1288/1650 604/630/661 611/632/663
f 1005/637/673 1007/643/680 609/634/666
f 1005/637/1647 849/628/1111 848/865/1113
f 609/634/666 1007/643/680 49/631/671
f 848/865/1113 847/633/1108 1007/643/1651
f 199/1127/1457 1006/1288/1650 2053/1289/1652
f 2053/1289/1652 611/632/663 610/638/674
f 1008/1290/1653 2053/1289/1652 615/642/678
f 1912/644/685 1009/1291/1654 50/645/683
f 612/640/681 1009/1291/1654 1912/644/685
f 1009/1291/1655 83/863/1110 857/639/1125
f 1009/1291/1655 857/639/1125 856/871/1127
f 201/1132/1462 2055/1292/1656 1010/1293/1657
f 2054/1294/1658 2055/1292/1656 201/1132/1462
f 1008/1290/1653 2054/1294/1658 202/1131/1461
f 2055/1292/1656 615/642/678 614/646/687
f 2055/1292/1656 613/648/689 1010/1293/1657
f 201/1132/1462 1010/1293/1657 1011/1133/1463
f 1916/647/693 1012/662/711 52/652/698
f 1917/646/696 2056/1295/1659 1916/647/693
f 1918/651/695 1009/1291/1654 2056/1295/1659
f 2056/1295/1660 85/641/1124 866/651/1136
f 2056/1295/1660 866/651/1136 865/646/1138
f 2056/1295/1660 864/647/1141 1012/662/1661
f 2057/1296/1662 2058/1297/1663 617/654/700
f 6/1147/1479 2057/1296/1662 1013/1298/1664
f 203/1145/1476 2058/1297/1663 2057/1296/1662
f 204/1299/1665 2058/1297/1663 203/1145/1476
f 204/1299/1665 1010/1293/1657 618/657/703
f 2058/1297/1663 618/657/703 617/654/700
f 1013/1298/1664 617/654/700 616/660/706
f 1922/661/708 1014/1300/1666 54/659/712
f 1923/656/714 1014/1300/1666 1922/661/708
f 1014/1300/1667 867/653/1143 876/655/1149
f 1014/1300/1667 876/655/1149 875/880/1151
f 205/1301/1668 2059/1302/1669 621/663/715
f 6/1147/1479 2060/1303/1670 206/1152/1485
f 2060/1303/1670 1013/1298/1664 616/660/706
f 2059/1302/1669 616/660/706 621/663/715
f 1015/1304/1671 621/663/715 620/668/720
f 208/1169/1501 205/1301/1668 1015/1304/1671
f 1927/670/727 1016/677/739 55/669/724
f 1928/665/728 2061/1305/1672 1927/670/727
f 622/664/722 1014/1300/1666 2061/1305/1672
f 2061/1305/1673 877/659/1156 887/664/1169
f 2061/1305/1673 887/664/1169 886/665/1164
f 2061/1305/1673 885/666/1166 1016/677/1674
f 2062/1306/1675 1015/1304/1671 623/671/729
f 208/1169/1501 2062/1306/1675 207/1166/1498
f 2062/1306/1675 57/673/731 1017/1307/1676
f 1018/679/1677 1016/677/1674 895/675/1175
f 1018/679/1677 895/675/1175 894/674/1177
f 1018/679/1677 896/678/1182 2064/1308/1678
f 209/1309/1679 2063/1310/1680 1020/1311/1681
f 2063/1310/1680 57/673/731 626/683/746
f 211/1176/1509 2063/1310/1680 210/1173/1506
f 211/1176/1509 1017/1307/1676 57/673/731
f 626/683/746 625/682/745 1020/1311/1681
f 628/681/749 1021/698/770 58/686/754
f 630/680/753 2064/1308/1682 628/681/749
f 629/685/752 1019/678/740 2064/1308/1682
f 2064/1308/1678 896/678/1182 906/898/1193
f 905/680/1190 904/897/1192 2064/1308/1678
f 2064/1308/1678 909/686/1197 1021/698/1683
f 212/1183/1516 2065/1312/1684 2066/1313/1685
f 2065/1312/1684 1020/1311/1681 632/693/761
f 2066/1313/1685 632/693/761 631/690/758
f 2066/1313/1685 60/692/760 1022/1314/1686
f 634/697/769 1021/698/770 1023/710/786
f 634/697/769 1023/710/786 59/691/766
f 1021/698/1683 909/686/1197 917/907/1212
f 916/694/1209 915/903/1206 1023/710/1687
f 214/1315/1688 2067/1316/1689 636/702/774
f 217/1198/1531 214/1315/1688 1024/1317/1690
f 215/1191/1524 1022/1314/1686 2067/1316/1689
f 60/692/760 637/699/771 2067/1316/1689
f 1024/1317/1690 636/702/774 643/704/776
f 1023/710/786 1025/718/795 641/707/780
f 1023/710/1687 924/912/1223 923/910/1220
f 641/707/780 1025/718/795 62/709/784
f 923/910/1220 922/911/1222 1025/718/1691
f 216/1199/1532 1024/1317/1690 2068/1318/1692
f 219/1205/1538 216/1199/1532 1026/1319/1693
f 2068/1318/1692 643/704/776 642/711/787
f 1026/1319/1693 2068/1318/1692 647/715/791
f 645/716/793 1027/730/812 63/720/797
f 644/719/796 2069/1320/1694 645/716/793
f 2069/1320/1695 925/916/1227 933/918/1233
f 2069/1320/1695 933/918/1233 932/919/1235
f 2069/1320/1695 931/920/1236 1027/730/1696
f 1026/1319/1693 2070/1321/1697 218/1206/1539
f 222/1216/1551 218/1206/1539 963/1214/1549
f 2070/1321/1697 647/715/791 646/721/800
f 2070/1321/1697 652/725/804 963/1214/1549
f 650/726/806 962/736/819 65/729/810
f 649/728/809 2071/1322/1698 650/726/806
f 2071/1322/1699 91/714/1238 942/926/1252
f 2071/1322/1699 942/926/1252 941/728/1254
f 2071/1322/1699 940/726/1249 962/736/1700
f 1184/456/1701 2072/1323/1702 1063/1324/1703
f 94/1325/1704 1029/37/1705 2072/1323/1702
f 2073/1326/1706 223/1327/72 7/34/34
f 2073/1326/1706 7/34/34 1061/1328/1707
f 2072/1323/1702 1061/1328/1707 1062/1329/1708
f 1030/1330/1709 2074/1331/1710 1029/1332/1705
f 1030/1330/1709 1031/1333/1711 2074/1331/1710
f 2074/1331/1710 223/74/72 2073/1215/1706
f 1183/1334/1712 1029/1332/1705 94/1215/1704
f 1182/1335/1713 1062/1329/1708 2075/1336/1714
f 1061/1328/1707 7/34/34 8/43/43
f 1061/1328/1707 8/43/43 1066/1337/1715
f 2075/1336/1714 1066/1337/1715 1067/1338/1716
f 1182/1335/1713 1067/1338/1716 1068/1339/1717
f 1181/1340/1718 1067/1338/1716 1070/1341/1719
f 1067/1338/1716 1066/1337/1715 2076/1342/1720
f 2076/1342/1720 8/43/43 224/52/52
f 2076/1342/1720 225/53/53 1069/1343/1721
f 1181/1340/1718 1070/1341/1719 1071/1344/1722
f 1180/1345/1723 1073/1346/1724 1074/1347/1725
f 2077/1348/1726 1072/1349/1727 1073/1346/1724
f 1071/1344/1722 1070/1341/1719 2077/1348/1726
f 1069/1343/1721 226/62/62 1072/1349/1727
f 2078/1350/1728 1075/1351/1729 1076/1352/1730
f 1179/1353/1731 1073/1346/1724 2078/1350/1728
f 1072/1349/1727 227/71/70 1075/1351/1729
f 1179/1353/1731 1076/1352/1730 1077/1354/1732
f 1178/500/1733 2079/1355/1734 1080/1356/1735
f 1077/1354/1732 1076/1352/1730 2079/1355/1734
f 2079/1355/1734 1075/1351/1729 2080/1357/1736
f 2080/1357/1736 228/80/76 1078/1358/1737
f 2079/1355/1734 1078/1358/1737 1079/1359/1738
f 1079/1359/1738 1081/1360/1739 1082/1361/1740
f 1078/1358/1737 228/80/76 229/86/82
f 1078/1358/1737 229/86/82 1081/1360/1739
f 1177/1362/1741 1082/1361/1740 1083/1363/1742
f 2081/1364/1743 1084/1365/1744 1085/1366/1745
f 1083/1363/1742 1082/1361/1740 2081/1364/1743
f 1081/1360/1739 229/86/82 230/90/86
f 1081/1360/1739 230/90/86 1084/1365/1744
f 1176/1367/1746 1085/1366/1745 1086/1368/1747
f 1175/1369/1748 2082/1370/1749 1089/1371/1750
f 1086/1368/1747 1085/1366/1745 2082/1370/1749
f 1084/1365/1744 230/90/86 231/96/92
f 1084/1365/1744 231/96/92 1087/1372/1751
f 2082/1370/1749 1087/1372/1751 1088/1373/1752
f 1174/1374/1753 1088/1373/1752 2083/1375/1754
f 1088/1373/1752 1087/1372/1751 2084/1376/1755
f 2084/1376/1755 232/7/7 1090/1377/1756
f 2083/1375/1754 1090/1377/1756 1091/1378/1757
f 1174/1374/1753 1091/1378/1757 1092/1379/1758
f 1173/1380/1759 1091/1378/1757 2085/1381/1760
f 1090/1377/1756 9/8/8 1093/1382/1761
f 2085/1381/1760 1093/1382/1761 1094/1383/1762
f 1173/1380/1759 1094/1383/1762 1095/1384/1763
f 1172/1385/1764 1094/1383/1762 2086/1386/1765
f 1093/1382/1761 9/8/8 233/17/17
f 1093/1382/1761 233/17/17 1096/1387/1766
f 2086/1386/1765 1096/1387/1766 1097/1388/1767
f 1172/1385/1764 1097/1388/1767 1098/1389/1768
f 1171/1390/1769 1097/1388/1767 1100/1391/1770
f 1097/1388/1767 1096/1387/1766 2087/1392/1771
f 2087/1392/1771 233/17/17 234/25/25
f 2087/1392/1771 234/25/25 1099/1393/1772
f 1171/1390/1769 1100/1391/1770 1101/1394/1773
f 2088/1395/1774 1102/1396/1775 1103/1397/1776
f 2088/1395/1774 1099/1393/1772 1102/1396/1775
f 1101/1394/1773 1100/1391/1770 2088/1395/1774
f 1102/1396/1775 234/25/25 235/29/29
f 1170/1398/1777 1103/1397/1776 1104/1399/1778
f 2089/1400/1779 1105/1401/1780 1106/1402/1781
f 2089/1400/1779 1102/1396/1775 1105/1401/1780
f 1104/1399/1778 1103/1397/1776 2089/1400/1779
f 1169/1403/1782 1106/1402/1781 1107/1404/1783
f 2090/1405/1784 2091/1406/1785 1109/1407/1786
f 1107/1404/1783 1106/1402/1781 2090/1405/1784
f 2090/1405/1784 1105/1401/1780 2091/1406/1785
f 2091/1406/1785 237/49/49 1108/1408/1787
f 1168/1409/1788 1109/1407/1786 1110/1410/1789
f 2092/1411/1790 1108/1408/1787 1111/1412/1791
f 1110/1410/1789 1109/1407/1786 2092/1411/1790
f 2092/1411/1790 1111/1412/1791 1112/1413/1792
f 1167/1414/1793 1112/1413/1792 1113/1415/1794
f 1166/601/1795 2093/1416/1796 1116/1417/1797
f 1166/601/1795 1112/1413/1792 2093/1416/1796
f 1112/1413/1792 1111/1412/1791 2094/1418/1798
f 2094/1418/1798 239/68/67 1114/1419/1799
f 2093/1416/1796 1114/1419/1799 1115/1420/1800
f 1115/1420/1800 1117/1421/1801 1118/1422/1802
f 1114/1419/1799 240/78/74 1117/1421/1801
f 1165/1423/1803 1118/1422/1802 1119/1424/1804
f 1164/623/1805 1121/1425/1806 1122/1426/1807
f 2095/1427/1808 1120/1428/1809 1121/1425/1806
f 1119/1424/1804 1118/1422/1802 2095/1427/1808
f 1117/1421/1801 241/83/79 1120/1428/1809
f 2096/1429/1810 2097/1430/1811 1123/1431/1812
f 1163/1432/1813 1121/1425/1806 2096/1429/1810
f 2096/1429/1810 1120/1428/1809 2097/1430/1811
f 2097/1430/1811 242/88/84 2099/1433/1814
f 1163/1432/1813 1123/1431/1812 1124/1434/1815
f 1162/640/1816 2098/1435/1817 1127/1436/1818
f 1124/1434/1815 1123/1431/1812 2098/1435/1817
f 2099/1433/1814 243/94/90 1125/1437/1819
f 2098/1435/1817 1125/1437/1819 1126/1438/1820
f 1126/1438/1820 1128/1439/1821 1129/1440/1822
f 1125/1437/1819 243/94/90 244/97/93
f 1125/1437/1819 244/97/93 1128/1439/1821
f 1161/1441/1823 1129/1440/1822 1130/1442/1824
f 2100/1443/1825 1131/1444/1826 1132/1445/1827
f 1130/1442/1824 1129/1440/1822 2100/1443/1825
f 1128/1439/1821 244/97/93 245/1/1
f 1128/1439/1821 245/1/1 1131/1444/1826
f 1160/1446/1828 1132/1445/1827 1133/1447/1829
f 1159/665/1830 2101/1448/1831 1136/1449/1832
f 1133/1447/1829 1132/1445/1827 2101/1448/1831
f 1131/1444/1826 245/1/1 246/16/16
f 1131/1444/1826 246/16/16 1134/1450/1833
f 2101/1448/1831 1134/1450/1833 1135/1451/1834
f 1158/1452/1835 1135/1451/1834 2102/1453/1836
f 1135/1451/1834 1134/1450/1833 1137/1454/1837
f 2102/1453/1836 1137/1454/1837 1138/1455/1838
f 1158/1452/1835 1138/1455/1838 1139/1456/1839
f 1157/1457/1840 1138/1455/1838 2103/1458/1841
f 1138/1455/1838 1137/1454/1837 2104/1459/1842
f 2104/1459/1842 248/28/28 1140/1460/1843
f 2103/1458/1841 1140/1460/1843 1141/1461/1844
f 1157/1457/1840 1141/1461/1844 1142/1462/1845
f 1156/908/1846 1144/1463/1847 1145/1464/1848
f 1141/1461/1844 1143/1465/1849 1144/1463/1847
f 1141/1461/1844 1140/1460/1843 1143/1465/1849
f 1154/1466/1850 1147/1467/1851 1155/911/1852
f 2105/1468/1853 1146/1469/1854 1147/1467/1851
f 2105/1468/1853 1143/1465/1849 1146/1469/1854
f 1154/1466/1850 1144/1463/1847 2105/1468/1853
f 1155/911/1852 1147/1467/1851 1148/1470/1855
f 2106/1471/1856 1146/1469/1854 1149/1472/1857
f 1148/1470/1855 1147/1467/1851 2106/1471/1856
f 2106/1471/1856 1149/1472/1857 1150/1473/1858
f 1153/1474/1859 1150/1473/1858 1151/1475/1860
f 1152/1476/1861 1150/1473/1858 2107/1477/1862
f 2107/1477/1862 1149/1472/1857 1031/1333/1711
f 2107/1477/1862 1031/1333/1711 1030/1330/1709
f 1152/1476/1861 1030/1330/1709 95/1478/1863
f 946/931/1260 1060/1479/1864 1152/1476/1861
f 947/930/1258 1065/1480/1865 92/932/1261
f 946/931/1260 1065/1480/1865 947/930/1258
f 938/713/1245 1059/1481/1866 1153/1474/1859
f 939/922/1242 1060/1479/1864 90/924/1247
f 939/922/1242 1151/1475/1860 1060/1479/1864
f 929/914/1231 2108/708/1867 1154/1466/1850
f 929/914/1231 1155/911/1852 930/917/1229
f 88/909/1218 1058/1482/1868 2108/708/1867
f 2108/708/1867 1145/1464/1848 1154/1466/1850
f 1155/911/1852 1148/1470/1855 1059/1481/1866
f 920/908/1217 1057/1483/1869 1156/908/1846
f 921/903/1215 1058/1482/1868 88/909/1218
f 920/908/1217 1058/1482/1868 921/903/1215
f 1156/908/1846 1145/1464/1848 1058/1482/1868
f 913/899/1202 912/901/1201 1157/1457/1840
f 914/897/1199 1057/1483/1869 87/902/1204
f 914/897/1199 1142/1462/1845 1057/1483/1869
f 902/895/1187 1055/1484/1870 1158/1452/1835
f 902/895/1187 1056/1485/1871 903/893/1184
f 1055/1484/1870 1136/1449/1832 1158/1452/1835
f 2110/890/1173 2109/886/1872 892/889/1172
f 86/885/1163 1054/1486/1873 2110/890/1173
f 1159/665/1830 1136/1449/1832 2109/886/1872
f 2109/886/1872 1136/1449/1832 1055/1484/1870
f 883/880/1161 882/884/1160 1160/1446/1828
f 884/882/1158 1054/1486/1873 86/885/1163
f 883/880/1161 1054/1486/1873 884/882/1158
f 872/646/1147 1052/1487/1874 1161/1441/1823
f 872/646/1147 1053/1488/1875 873/878/1145
f 1052/1487/1874 1127/1436/1818 1161/1441/1823
f 862/640/1133 1051/1489/1876 1162/640/1816
f 863/873/1131 1052/1487/1874 84/874/1134
f 1162/640/1816 1127/1436/1818 863/873/1131
f 863/873/1131 1127/1436/1818 1052/1487/1874
f 853/636/1119 1050/1490/1877 1163/1432/1813
f 854/868/1117 1051/1489/1876 82/869/1120
f 1050/1490/1877 1122/1426/1807 1163/1432/1813
f 854/868/1117 1124/1434/1815 1051/1489/1876
f 845/623/1104 844/861/1103 1164/623/1805
f 846/625/1101 1050/1490/1877 81/862/1106
f 1164/623/1805 1122/1426/1807 846/625/1101
f 846/625/1101 1122/1426/1807 1050/1490/1877
f 835/610/1089 834/855/1088 1165/1423/1803
f 835/610/1089 1049/1491/1878 836/854/1086
f 834/855/1088 1116/1417/1797 1165/1423/1803
f 825/601/1074 1047/1492/1879 1166/601/1795
f 825/601/1074 1048/1493/1880 826/846/1071
f 1166/601/1795 1116/1417/1797 1048/1493/1880
f 814/594/1060 1046/1494/1881 1167/1414/1793
f 814/594/1060 2111/1495/1882 815/841/1059
f 2111/1495/1882 1113/1415/1794 1047/1492/1879
f 806/832/1047 1046/1494/1881 79/834/1050
f 78/829/1036 1045/1496/1883 2112/833/1049
f 806/832/1047 1110/1410/1789 1046/1494/1881
f 796/577/1035 1044/1497/1884 1169/1403/1782
f 797/828/1033 1045/1496/1883 78/829/1036
f 796/577/1035 1045/1496/1883 797/828/1033
f 786/571/1021 1043/1498/1885 1170/1398/1777
f 787/824/1019 1044/1497/1884 76/825/1022
f 787/824/1019 1104/1399/1778 1044/1497/1884
f 778/817/1007 1042/1499/1886 1171/1390/1769
f 779/567/1005 1043/1498/1885 75/818/1008
f 779/567/1005 1101/1394/1773 1043/1498/1885
f 769/813/992 768/812/991 1172/1385/1764
f 770/811/989 1042/1499/1886 73/814/994
f 770/811/989 1098/1389/1768 1042/1499/1886
f 761/546/977 760/807/976 1173/1380/1759
f 761/546/977 1041/1500/1887 762/806/974
f 750/533/962 1039/1501/1888 1174/1374/1753
f 750/533/962 1040/1502/1889 751/801/959
f 1039/1501/1888 1089/1371/1750 1174/1374/1753
f 2114/797/948 2113/1503/1890 740/796/947
f 72/792/938 1038/1504/1891 2114/797/948
f 1175/1369/1748 1089/1371/1750 2113/1503/1890
f 2113/1503/1890 1089/1371/1750 1039/1501/1888
f 731/520/937 730/791/936 1176/1367/1746
f 732/790/935 1038/1504/1891 72/792/938
f 731/520/937 1038/1504/1891 732/790/935
f 721/506/926 1036/1505/1892 1177/1362/1741
f 721/506/926 1037/1506/1893 722/786/924
f 1036/1505/1892 1080/1356/1735 1177/1362/1741
f 711/500/912 1035/1507/1894 1178/500/1733
f 712/779/910 1036/1505/1892 70/780/913
f 1178/500/1733 1080/1356/1735 712/779/910
f 712/779/910 1080/1356/1735 1036/1505/1892
f 702/490/898 1034/1508/1895 1179/1353/1731
f 703/495/896 1035/1507/1894 69/773/899
f 1034/1508/1895 1074/1347/1725 1179/1353/1731
f 703/495/896 1077/1354/1732 1035/1507/1894
f 693/768/883 692/767/882 1180/1345/1723
f 694/486/880 1034/1508/1895 68/769/885
f 1180/1345/1723 1074/1347/1725 694/486/880
f 694/486/880 1074/1347/1725 1034/1508/1895
f 683/470/868 682/763/867 1181/1340/1718
f 683/470/868 1033/1509/1896 684/762/865
f 673/758/853 1028/1510/1897 1182/1335/1713
f 673/758/853 1032/1511/1898 674/756/850
f 1028/1510/1897 1063/1324/1703 1182/1335/1713
f 2116/941/1272 2115/1512/1899 954/940/840
f 92/932/1261 1065/1480/1865 2116/941/1272
f 2115/1512/1899 94/1215/1704 1064/1215/1900
f 663/749/838 1064/1513/1900 1184/456/1701
f 663/749/838 2117/1514/1901 664/747/835
f 1184/456/1701 1063/1324/1703 2117/1514/1901
f 2117/1514/1901 1063/1324/1703 1028/1510/1897
f 2118/1515/1902 512/429/359 511/427/357
f 511/427/357 1313/1204/1537 2118/1515/1902
f 1313/1204/1537 512/429/359 2118/1515/1902
f 1311/1200/1533 1315/1202/1535 511/427/357
f 1314/1207/1540 1188/964/1296 512/429/359
f 2119/1516/1903 505/1517/1904 504/417/349
f 1316/1197/1530 1317/1196/1529 2119/1516/1903
f 1317/1196/1529 505/1517/1904 2119/1516/1903
f 1309/1192/1525 1316/1197/1530 504/417/349
f 1318/1201/1534 1311/1200/1533 505/1517/1904
f 498/409/343 2120/1518/1905 499/411/345
f 1319/1193/1526 123/418/350 499/411/345
f 1306/1185/1518 1320/1190/1523 498/409/343
f 1320/1190/1523 1321/1189/1522 2120/1518/1905
f 1321/1189/1522 1319/1193/1526 2120/1518/1905
f 2121/1519/1906 492/400/336 491/396/332
f 1322/1186/1519 1306/1185/1518 492/400/336
f 491/396/332 1323/1181/1514 2121/1519/1906
f 1323/1181/1514 1322/1186/1519 2121/1519/1906
f 1303/1177/1510 1324/1179/1512 491/396/332
f 485/387/325 2122/1520/1907 486/389/327
f 122/1521/1908 1299/1522/1909 485/387/325
f 1299/1522/1909 1325/1174/1507 2122/1520/1907
f 1325/1174/1507 486/389/327 2122/1520/1907
f 1326/1178/1511 1303/1177/1510 486/389/327
f 1297/372/313 1327/1523/1910 476/371/312
f 476/371/312 1327/1523/1910 477/373/314
f 1327/1523/1910 478/375/316 477/373/314
f 2124/1524/1911 1301/388/326 478/375/316
f 1296/1525/1912 2125/1526/1913 1327/1523/1910
f 1295/1527/1914 2123/1528/1915 2125/1526/1913
f 1294/1529/1916 1328/1530/1917 2123/1528/1915
f 2123/1528/1915 1329/1531/1918 2125/1526/1913
f 2125/1526/1913 1330/1532/1919 2124/1524/1911
f 2126/1533/1920 2129/1534/1921 2128/1535/1922
f 135/1536/1923 2126/1533/1920 1328/1530/1917
f 1293/1537/1924 2127/1538/1925 2126/1533/1920
f 1328/1530/1917 2128/1535/1922 1329/1531/1918
f 134/1539/1926 2130/1540/1927 2127/1538/1925
f 1291/1541/1928 2130/1540/1927 1292/1542/1929
f 133/1543/1930 2131/1544/1931 1291/1541/1928
f 1331/1545/1932 2132/1546/1933 2131/1544/1931
f 2133/1547/1934 122/1521/1908 1300/1548/1935
f 2129/1534/1921 2133/1547/1934 1330/1532/1919
f 2127/1538/1925 2132/1546/1933 2129/1534/1921
f 2135/1549/1936 1332/1550/1937 2134/1551/1938
f 1333/1552/1939 2136/1553/1940 2135/1549/1936
f 2136/1553/1940 2137/1554/1941 1332/1550/1937
f 1290/1555/1942 1331/1545/1943 133/1543/1944
f 1289/1556/1945 2134/1551/1938 1290/1555/1942
f 1288/1557/1946 2135/1549/1936 1289/1556/1945
f 2134/1551/1938 1332/1550/1937 1331/1545/1932
f 1288/1557/1946 1287/1558/1947 1333/1552/1939
f 1333/1552/1939 1334/1559/1948 2136/1553/1940
f 1334/1559/1948 2137/1554/1941 2136/1553/1940
f 1335/1560/1949 121/1561/1950 2137/1554/1941
f 1286/1562/1951 2138/1563/1952 2139/1564/1953
f 1285/1565/1954 1336/1566/1955 2138/1563/1952
f 2138/1563/1952 1337/1567/1956 2139/1564/1953
f 2139/1564/1953 1338/1568/1957 1335/1560/1949
f 2140/1569/1958 2142/1570/1959 1337/1567/1956
f 132/1571/1960 2140/1569/1958 1336/1566/1955
f 1284/1572/1961 2141/1573/1962 2140/1569/1958
f 2143/1574/1963 1340/1171/1503 2145/1575/1964
f 131/1576/1965 2143/1574/1963 2141/1573/1962
f 1282/1577/1966 2144/1578/1967 2143/1574/1963
f 1281/1579/1968 1339/1168/1504 2144/1578/1967
f 1338/1568/1957 1299/1522/1909 121/1561/1950
f 2142/1570/1959 2146/1170/1502 1338/1568/1957
f 2141/1573/1962 2145/1575/1964 2142/1570/1959
f 1277/362/305 116/1580/1969 469/361/304
f 469/361/304 2149/1581/1970 470/363/306
f 2149/1581/1970 471/1582/1971 470/363/306
f 1296/1525/1912 1297/372/313 471/1582/1971
f 1275/1583/1972 1274/1584/1973 2148/1585/1974
f 2147/1586/1975 2148/1585/1974 2149/1581/1970
f 1276/1587/1976 1275/1583/1972 2147/1586/1975
f 1274/1584/1973 1341/1588/1977 2150/1589/1978
f 2150/1589/1978 135/1536/1923 1294/1529/1916
f 2148/1585/1974 1294/1529/1916 1295/1527/1914
f 2149/1581/1970 1295/1527/1914 1296/1525/1912
f 116/1580/1969 2147/1586/1975 2149/1581/1970
f 1271/1590/1979 2151/1591/1980 1272/1592/1981
f 2151/1591/1982 2153/1593/1983 1273/1594/1984
f 2152/1595/1985 2154/1596/1986 2151/1591/1980
f 1273/1594/1984 1342/1597/1987 1355/1598/1988
f 1344/1599/1989 2152/1595/1985 1271/1590/1990
f 1345/1600/1991 1288/1557/1946 2152/1595/1985
f 2152/1595/1985 1289/1556/1945 2154/1596/1986
f 2154/1596/1986 1290/1555/1942 2153/1593/1983
f 2153/1593/1983 133/1543/1944 1343/1601/1992
f 1273/1594/1984 1343/1601/1992 1342/1597/1987
f 1270/1602/1993 1346/1603/1994 1344/1599/1989
f 1346/1603/1994 1347/1604/1995 1344/1599/1989
f 1347/1604/1995 1345/1600/1991 1344/1599/1989
f 1347/1604/1995 1288/1557/1946 1345/1600/1991
f 1269/1605/1996 2156/1606/1997 1347/1604/1995
f 1268/1607/1998 2155/1608/1999 2156/1606/1997
f 113/1609/2000 1269/1605/1996 1346/1603/1994
f 2171/1610/2001 112/1611/2002 2155/1608/1999
f 2155/1608/1999 1348/1612/2003 2157/1613/2004
f 2157/1613/2004 132/1571/1960 1285/1565/1954
f 2156/1606/1997 1285/1565/1954 1286/1562/1951
f 1347/1604/1995 1286/1562/1951 1287/1558/1947
f 1265/351/296 1264/1614/2005 461/350/295
f 461/350/295 1351/1615/2006 462/352/297
f 1351/1615/2006 463/1616/2007 462/352/297
f 1351/1615/2006 1277/362/305 463/1616/2007
f 2160/1617/2008 2161/1618/2009 2159/1619/2010
f 2161/1618/2009 1276/1587/1976 2158/1620/2011
f 1263/1621/2012 2158/1620/2011 1264/1614/2005
f 1262/1622/2013 2159/1619/2010 1263/1621/2012
f 129/1623/2014 2160/1617/2008 1262/1622/2013
f 1352/1624/2015 2162/1625/2016 2160/1617/2008
f 1353/1626/2017 1274/1584/1973 2162/1625/2016
f 2162/1625/2016 1275/1583/1972 2161/1618/2009
f 1276/1587/1976 116/1580/1969 1351/1615/2006
f 2158/1620/2011 1351/1615/2006 1264/1614/2005
f 2163/1627/2018 2166/1628/2019 2165/1629/2020
f 2164/1630/2021 2167/1631/2022 2166/1628/2023
f 127/1632/2024 2163/1627/2018 1354/1633/2025
f 1258/1634/2026 2164/1630/2021 2163/1627/2018
f 1257/1635/2027 1356/1636/2028 2164/1630/2021
f 1356/1636/2028 1357/1637/2029 2167/1631/2022
f 2167/1631/2022 1270/1602/1993 1271/1590/1990
f 2166/1628/2023 1271/1590/1979 1272/1592/1981
f 2165/1629/2020 1272/1592/2030 1273/1594/1984
f 1354/1633/2025 2165/1629/2020 1355/1598/1988
f 1360/1638/2031 1270/1602/1993 1358/1639/2032
f 1256/1640/2033 1359/1641/2034 1356/1636/2028
f 1356/1636/2028 1359/1641/2034 1357/1637/2029
f 1359/1641/2034 1360/1638/2031 1357/1637/2029
f 2169/1642/2035 2170/1643/2036 2168/1644/2037
f 2170/1643/2036 1360/1638/2031 1359/1641/2034
f 1254/1645/2038 1359/1641/2034 1255/1646/2039
f 1253/1647/2040 2168/1644/2037 1254/1645/2038
f 126/1648/2041 2169/1642/2035 1253/1647/2040
f 1361/1649/2042 2171/1610/2001 2169/1642/2035
f 2171/1610/2001 1268/1607/1998 2170/1643/2036
f 2170/1643/2036 1269/1605/1996 1360/1638/2031
f 1244/1650/2043 1365/1651/2044 454/337/285
f 454/337/285 1366/1652/2045 455/339/287
f 1366/1652/2045 456/341/289 455/339/287
f 1366/1652/2045 1265/351/296 456/341/289
f 1367/1653/2046 2172/1654/2047 1365/1651/2044
f 1368/1655/2048 2173/1656/2049 2172/1654/2047
f 1369/1657/2050 1262/1622/2013 2173/1656/2049
f 2173/1656/2049 1263/1621/2012 2172/1654/2047
f 2172/1654/2047 1264/1614/2005 1366/1652/2045
f 2175/1658/2051 2176/1659/2052 2174/1660/2053
f 2177/1661/2054 1261/1662/2055 2176/1659/2052
f 2176/1659/2052 129/1623/2014 1369/1657/2050
f 2174/1660/2053 1369/1657/2050 1368/1655/2048
f 104/1663/2056 2178/1664/2057 1244/1650/2043
f 2179/1665/2058 1371/1666/2059 2181/1667/2060
f 2181/1667/2060 127/1632/2061 1259/1668/2062
f 2180/1669/2063 1259/1668/2062 1260/1670/2064
f 2180/1669/2063 128/1671/2065 2177/1661/2054
f 2179/1665/2058 2177/1661/2054 2175/1658/2051
f 2178/1664/2057 2175/1658/2051 1367/1653/2046
f 2182/1672/2066 2183/1673/2067 1370/1674/2068
f 1370/1674/2068 2185/1675/2069 2184/1676/2070
f 2183/1673/2067 1372/1677/2071 2185/1675/2069
f 2185/1675/2069 1256/1640/2033 1257/1635/2027
f 2184/1676/2070 1257/1635/2027 1258/1634/2026
f 1371/1666/2072 1258/1634/2026 127/1632/2024
f 1370/1674/2068 2184/1676/2070 1371/1666/2059
f 103/1678/2073 1373/1679/2074 2182/1672/2066
f 2182/1672/2066 1374/1680/2075 2183/1673/2067
f 1374/1680/2075 1372/1677/2071 2183/1673/2067
f 1255/1646/2039 1256/1640/2033 1372/1677/2071
f 1375/1681/2076 2186/1682/2077 1373/1679/2074
f 1376/1683/2078 2187/1684/2079 2186/1682/2077
f 1377/1685/2080 1253/1647/2040 2187/1684/2079
f 2187/1684/2079 1254/1645/2038 2186/1682/2077
f 2188/1686/2081 2189/1687/2082 1376/1683/2078
f 2190/1688/2083 1252/1689/2084 2189/1687/2082
f 2189/1687/2082 126/1648/2041 1377/1685/2080
f 1378/1139/1469 2193/1690/2085 2192/1691/2086
f 1382/1692/2087 1375/1681/2076 103/1678/2073
f 1379/1137/1470 1249/1693/2088 2194/1694/2089
f 2194/1694/2089 1250/1695/2090 2193/1690/2085
f 2193/1690/2085 125/1696/2091 2190/1688/2083
f 2192/1691/2086 2190/1688/2083 2188/1686/2081
f 2191/1140/1471 2188/1686/2081 1375/1681/2076
f 2195/1697/2092 448/1698/2093 447/328/278
f 1380/1124/1454 448/1698/2093 2195/1697/2092
f 447/328/278 1380/1124/1454 2195/1697/2092
f 1242/1120/1450 1381/1125/1455 447/328/278
f 1382/1692/2087 104/1663/2056 448/1698/2093
f 441/319/271 2196/1699/2094 442/321/273
f 1383/1121/1451 102/329/279 442/321/273
f 1239/1113/1443 1384/1118/1448 441/319/271
f 1384/1118/1448 1385/1117/1447 2196/1699/2094
f 1385/1117/1447 1383/1121/1451 2196/1699/2094
f 2197/1700/2095 435/310/264 434/306/260
f 1386/1114/1444 1240/320/272 435/310/264
f 434/306/260 1387/1109/1439 2197/1700/2095
f 1387/1109/1439 1386/1114/1444 2197/1700/2095
f 1236/1105/1435 1388/1107/1437 434/306/260
f 428/297/253 2198/1701/2096 429/299/255
f 1234/298/254 2199/1103/1433 428/297/253
f 2199/1103/1433 1389/1101/1431 2198/1701/2096
f 1389/1101/1431 429/299/255 2198/1701/2096
f 1390/1106/1436 1236/1105/1435 429/299/255
f 2200/1702/2097 421/284/243 420/282/241
f 420/282/241 1393/1093/1423 2200/1702/2097
f 1393/1093/1423 421/284/243 2200/1702/2097
f 1230/1089/1419 1391/1095/1425 420/282/241
f 1392/1098/1428 1233/1097/1427 421/284/243
f 2201/1703/2098 415/1704/2099 414/273/234
f 1228/274/235 2202/1086/1417 414/273/234
f 2202/1086/1417 1394/1085/1416 2201/1703/2098
f 1394/1085/1416 1395/1090/1420 2201/1703/2098
f 1395/1090/1420 1230/1089/1419 415/1704/2099
f 1225/265/228 2203/1705/2100 2204/264/227
f 2203/1705/2100 1396/1075/1406 2204/264/227
f 1396/1075/1406 408/1706/2101 2204/264/227
f 1397/1082/1413 1228/274/235 408/1706/2101
f 1225/265/228 1398/1077/1408 2203/1705/2100
f 2205/1707/2102 402/253/219 401/251/217
f 401/251/217 1399/1069/1400 2205/1707/2102
f 1399/1069/1400 1400/1068/1399 2205/1707/2102
f 1222/1065/1396 1401/1070/1401 401/251/217
f 1400/1068/1399 1224/1076/1407 402/253/219
f 2206/1708/2103 395/1709/2104 394/242/210
f 1402/1061/1392 395/1709/2104 2206/1708/2103
f 394/242/210 1402/1061/1392 2206/1708/2103
f 1220/1057/1388 1403/1062/1393 394/242/210
f 1404/1066/1397 1222/1065/1396 395/1709/2104
f 388/233/203 2207/1710/2105 389/235/205
f 1405/1058/1389 100/243/211 389/235/205
f 1217/1050/1381 1406/1055/1386 388/233/203
f 1406/1055/1386 1407/1054/1385 2207/1710/2105
f 1407/1054/1385 1405/1058/1389 2207/1710/2105
f 2208/1711/2106 382/224/196 381/220/192
f 381/220/192 1409/1046/1377 2208/1711/2106
f 1409/1046/1377 382/224/196 2208/1711/2106
f 1214/1042/1373 1410/1044/1375 381/220/192
f 1408/1051/1382 1217/1050/1381 382/224/196
f 375/211/185 2209/1712/2107 376/213/187
f 1212/212/186 2210/1040/1371 375/211/185
f 2210/1040/1371 1411/1038/1369 2209/1712/2107
f 1411/1038/1369 376/213/187 2209/1712/2107
f 1412/1043/1374 1214/1042/1373 376/213/187
f 2211/1713/2108 369/197/174 368/195/172
f 368/195/172 1415/1030/1361 2211/1713/2108
f 1415/1030/1361 369/197/174 2211/1713/2108
f 1208/1026/1357 1413/1032/1363 368/195/172
f 1414/1035/1366 1211/1034/1365 369/197/174
f 2212/1714/2109 363/1715/2110 362/187/166
f 1205/1018/1349 2213/1023/1354 362/187/166
f 1417/1022/1353 363/1715/2110 2212/1714/2109
f 362/187/166 1417/1022/1353 2212/1714/2109
f 1416/1027/1358 1208/1026/1357 363/1715/2110
f 1203/179/160 2214/1716/2111 2215/178/159
f 2214/1716/2111 1418/1013/1344 2215/178/159
f 1418/1013/1344 356/1717/2112 2215/178/159
f 1419/1019/1350 1205/1018/1349 356/1717/2112
f 1203/179/160 1420/1015/1346 2214/1716/2111
f 2216/1718/2113 351/167/151 350/165/149
f 350/165/149 1421/1007/1338 2216/1718/2113
f 1421/1007/1338 1422/1006/1337 2216/1718/2113
f 1200/1003/1334 1423/1008/1339 350/165/149
f 1422/1006/1337 1202/1014/1345 351/167/151
f 2217/1719/2114 344/1720/2115 343/155/141
f 1424/999/1330 344/1720/2115 2217/1719/2114
f 343/155/141 1424/999/1330 2217/1719/2114
f 1198/995/1326 1425/1000/1331 343/155/141
f 1426/1004/1335 1200/1003/1334 344/1720/2115
f 337/147/135 2218/1721/2116 338/149/137
f 1427/996/1327 98/156/142 338/149/137
f 1196/988/1319 1428/993/1324 337/147/135
f 1428/993/1324 1429/992/1323 2218/1721/2116
f 1429/992/1323 1427/996/1327 2218/1721/2116
f 2219/1722/2117 331/138/128 330/134/124
f 1430/989/1320 1196/988/1319 331/138/128
f 330/134/124 1431/984/1315 2219/1722/2117
f 1431/984/1315 1430/989/1320 2219/1722/2117
f 1193/980/1311 1432/982/1313 330/134/124
f 324/125/117 2220/1723/2118 325/127/119
f 1191/126/118 2221/978/1309 324/125/117
f 2221/978/1309 1433/976/1307 2220/1723/2118
f 1433/976/1307 325/127/119 2220/1723/2118
f 1434/981/1312 1193/980/1311 325/127/119
f 1187/115/109 2222/1724/2119 2223/114/108
f 2222/1724/2119 1435/969/1300 2223/114/108
f 1435/969/1300 318/116/110 2223/114/108
f 1436/973/1304 1190/972/1303 318/116/110
f 1186/1725/1290 1437/971/1302 2222/1724/2119
f 517/440/367 2224/1726/2120 518/442/369
f 517/440/367 1438/962/1294 2224/1726/2120
f 1438/962/1294 518/442/369 2224/1726/2120
f 1439/963/1295 14/1727/96 518/442/369
f 1188/964/1296 1440/965/1297 517/440/367
f 311/98/94 2225/1728/2121 312/101/97
f 1443/959/1291 1187/115/109 312/101/97
f 311/98/94 1441/952/1284 2225/1728/2121
f 1441/952/1284 1443/959/1291 2225/1728/2121
f 14/100/96 1442/954/1286 311/98/94
f 2226/1729/2122 2227/1730/2123 1444/1731/2124
f 2226/1729/2122 2228/1732/2125 2227/1730/2123
f 1487/1733/2126 2229/1734/2127 2226/1729/2122
f 1444/1731/2124 1485/1735/2128 105/1736/2129
f 1446/1737/2130 2226/1729/2122 1445/1738/2131
f 106/1739/2132 1486/1740/2133 1446/1737/2130
f 1488/1741/2134 1250/1695/2090 2229/1734/2127
f 2229/1734/2127 1249/1742/2088 2228/1732/2125
f 2228/1732/2125 124/1138/1468 1484/1743/2135
f 2227/1730/2123 1484/1743/2135 1485/1735/2128
f 2231/1744/2136 2232/1745/2137 2230/1746/2138
f 2231/1744/2136 2233/1747/2139 2232/1745/2137
f 1447/1748/2140 2230/1746/2138 106/1739/2132
f 1448/1749/2141 2230/1746/2138 1447/1748/2140
f 107/1750/2142 2231/1744/2136 1448/1749/2141
f 1489/1751/2143 2234/1752/2144 2231/1744/2136
f 1490/1753/2145 1252/1754/2084 2234/1752/2144
f 2234/1752/2144 1251/1755/2146 2233/1747/2139
f 2233/1747/2139 125/1696/2091 1488/1741/2134
f 2232/1745/2137 1488/1741/2134 1487/1733/2126
f 2230/1746/2138 1487/1733/2126 1486/1740/2133
f 2236/1756/2147 2237/1757/2148 2235/1758/2149
f 1493/1759/2150 2238/1760/2151 2236/1756/2147
f 1449/1761/2152 1492/1762/2153 108/1763/2154
f 1450/1764/2155 2235/1758/2149 1449/1761/2152
f 1451/1765/2156 2236/1756/2147 1450/1764/2155
f 109/1766/2157 1493/1759/2150 1451/1765/2156
f 2238/1760/2151 1259/1767/2062 2237/1757/2148
f 1491/1768/2158 1259/1767/2062 127/1632/2061
f 2235/1758/2149 1491/1768/2158 1492/1762/2153
f 2240/1769/2159 2241/1770/2160 2239/1771/2161
f 2240/1769/2159 2242/1772/2162 2241/1770/2160
f 1452/1773/2163 1493/1759/2150 109/1766/2157
f 1453/1774/2164 2239/1771/2161 1452/1773/2163
f 1454/1775/2165 2239/1771/2161 1453/1774/2164
f 110/1776/2166 2240/1769/2159 1454/1775/2165
f 1494/1777/2167 2243/1778/2168 2240/1769/2159
f 1495/1779/2169 1261/1780/2055 2243/1778/2168
f 2243/1778/2168 128/1671/2065 2242/1772/2162
f 2242/1772/2162 128/1671/2065 2238/1760/2151
f 2241/1770/2160 2238/1760/2151 1493/1759/2150
f 2245/1781/2170 2248/1782/2171 2247/1783/2172
f 1457/1784/2173 2244/1785/2174 1498/1786/2175
f 1457/1784/2173 2245/1781/2170 2244/1785/2174
f 1456/1787/2176 1455/1788/2177 2245/1781/2170
f 1455/1788/2177 1499/1789/2178 2246/1790/2179
f 2246/1790/2179 1499/1789/2178 2248/1782/2171
f 2248/1782/2171 130/1160/1493 1281/1579/1968
f 2247/1783/2172 1281/1579/1968 1282/1577/1966
f 1496/1791/2180 1282/1577/1966 131/1576/1965
f 1497/1792/2181 2247/1783/2172 1496/1791/2180
f 1498/1786/2175 2244/1785/2174 1497/1792/2181
f 2249/1793/2182 2252/1794/2183 2251/1795/2184
f 2250/1796/2185 1496/1791/2180 2252/1794/2183
f 1473/1797/2186 2249/1793/2182 1502/1798/2187
f 1459/1799/2188 2250/1796/2185 2249/1793/2182
f 1458/1800/2189 1498/1786/2175 2250/1796/2185
f 2252/1794/2183 131/1576/1965 1283/1801/2190
f 2251/1795/2184 1283/1801/2190 1284/1572/1961
f 1500/1802/2191 1284/1572/1961 132/1571/1960
f 1501/1803/2192 2251/1795/2184 1500/1802/2191
f 1502/1798/2187 2249/1793/2182 1501/1803/2192
f 2253/1804/2193 2254/1805/2194 2255/1806/2195
f 2255/1806/2195 2257/1807/2196 2256/1808/2197
f 119/1809/2198 2253/1804/2193 1503/1810/2199
f 1461/1811/2200 2254/1805/2194 2253/1804/2193
f 1460/1812/2201 1504/1813/2202 2254/1805/2194
f 2254/1805/2194 1505/1814/2203 2257/1807/2196
f 1505/1814/2203 1291/1541/1928 2257/1807/2196
f 2256/1808/2197 1291/1541/1928 1292/1542/1929
f 2261/1815/2204 1292/1542/1929 134/1539/1926
f 1503/1810/2199 2256/1808/2197 2261/1815/2204
f 2258/1816/2205 2261/1815/2204 2260/1817/2206
f 120/1818/2207 2258/1816/2205 1507/1819/2208
f 1465/1820/2209 2259/1821/2210 2258/1816/2205
f 1464/1822/2211 1503/1810/2199 2259/1821/2210
f 2260/1817/2206 134/1539/1926 1293/1537/1924
f 1506/1823/2212 1293/1537/1924 135/1536/1923
f 1507/1819/2208 2260/1817/2206 1506/1823/2212
f 2263/1824/2213 1508/1825/2214 2262/1826/2215
f 1466/1827/2216 1509/1828/2217 136/1829/2218
f 1467/1830/2219 2262/1826/2215 1466/1827/2216
f 1468/1831/2220 2262/1826/2215 1467/1830/2219
f 120/1818/2207 2263/1824/2213 1468/1831/2220
f 1507/1819/2208 2264/1832/2221 2263/1824/2213
f 1506/1823/2212 1341/1833/1977 2264/1832/2221
f 2264/1832/2221 115/1834/2222 1508/1825/2214
f 2262/1826/2215 1508/1825/2214 1509/1828/2217
f 2265/1835/2223 2268/1836/2224 2267/1837/2225
f 118/1838/2226 2265/1835/2223 1504/1813/2202
f 1471/1839/2227 2266/1840/2228 2265/1835/2223
f 2266/1840/2228 1510/1841/2229 2268/1836/2224
f 2268/1836/2224 1355/1598/1988 1342/1597/1987
f 2267/1837/2225 1342/1597/1987 1343/1842/1992
f 1505/1814/2203 1343/1842/1992 133/1543/1944
f 1504/1813/2202 2267/1837/2225 1505/1814/2203
f 1502/1798/2187 2270/1843/2230 2269/1844/2231
f 2271/1845/2232 1511/1846/2233 2270/1843/2230
f 1472/1847/2234 2283/1848/2235 1481/1849/2236
f 1473/1850/2186 2269/1844/2231 1472/1847/2234
f 1501/1803/2192 2272/1851/2237 2271/1845/2232
f 1500/1802/2191 1348/1852/2003 2272/1851/2237
f 2272/1851/2237 112/1611/2002 1511/1846/2233
f 2270/1843/2230 1511/1846/2233 2284/1853/2238
f 2269/1844/2231 2284/1853/2238 2283/1848/2235
f 1474/1854/2239 2275/1855/2240 2274/1856/2241
f 2275/1855/2240 1364/1150/1483 1349/1156/1489
f 2274/1856/2241 1349/1162/1489 1350/1857/1494
f 1499/1789/2178 1350/1857/1494 130/1160/1493
f 117/1858/2242 2274/1856/2241 1499/1789/2178
f 2276/1859/2243 2278/1860/2244 2277/1861/2245
f 110/1776/2166 2276/1859/2243 1494/1777/2167
f 1475/1862/2246 1509/1828/2217 2276/1859/2243
f 1509/1828/2217 1508/1825/2214 2278/1860/2244
f 2278/1860/2244 115/1834/2222 1353/1626/2017
f 2277/1861/2245 1353/1863/2017 1352/1864/2015
f 1495/1779/2169 1352/1864/2015 129/1623/2014
f 1494/1777/2167 2277/1861/2245 1495/1779/2169
f 2280/1865/2247 1510/1841/2229 2279/1866/2248
f 1480/1867/2249 2266/1840/2228 114/1868/2250
f 1479/1869/2251 2279/1866/2248 1480/1867/2249
f 1478/1870/2252 2279/1866/2248 1479/1869/2251
f 108/1763/2154 2280/1865/2247 1478/1870/2252
f 1492/1762/2153 2281/1871/2253 2280/1865/2247
f 1491/1768/2158 1354/1872/2025 2281/1871/2253
f 2281/1871/2253 1355/1598/1988 1510/1841/2229
f 2279/1866/2248 1510/1841/2229 2266/1840/2228
f 2282/1873/2254 2286/1874/2255 2285/1875/2256
f 107/1750/2142 2282/1873/2254 1489/1751/2143
f 107/1876/2142 2283/1848/2235 2282/1873/2254
f 2284/1853/2238 1511/1846/2233 2286/1874/2255
f 2286/1874/2255 112/1611/2002 1362/1877/2257
f 2285/1875/2256 1362/1877/2257 1361/1878/2042
f 1490/1753/2145 1361/1878/2042 126/1648/2041
f 1489/1751/2143 2285/1875/2256 1490/1753/2145
f 1482/1879/2258 1512/1880/2259 2287/1881/2260
f 1483/1882/2261 2273/1883/2262 111/1884/2263
f 1482/1879/2258 2287/1881/2260 1483/1885/2261
f 1485/1735/2128 2288/1886/2264 1482/1879/2258
f 1484/1743/2135 1363/1887/1478 2288/1886/2264
f 2288/1886/2264 1364/1150/1483 1512/1880/2259
f 2287/1881/2260 1512/1880/2259 2275/1855/2240
f 2287/1881/2260 2275/1855/2240 2273/1883/2262
f 1452/1773/2265 1524/1888/2266 109/1766/2267
f 1453/1774/2268 1524/1888/2266 1452/1773/2265
f 1454/1775/2269 2289/1889/2270 1453/1774/2268
f 1454/1775/2269 1513/1890/2271 2290/1891/2272
f 1514/1892/2273 1610/1893/2274 2290/1891/2272
f 2290/1891/2272 1609/1894/2275 2289/1889/2270
f 110/1776/2276 2291/1895/2277 1513/1890/2271
f 1475/1862/2278 2292/1896/2279 2291/1895/2277
f 1477/1897/2280 1515/1898/2281 2292/1896/2279
f 2292/1896/2279 1516/1899/2282 2293/1900/2283
f 2293/1900/2283 144/1901/2284 1635/1902/2285
f 1513/1890/2271 2293/1900/2283 1514/1892/2273
f 2294/1903/2286 1516/1899/2282 1515/1898/2281
f 1466/1827/2287 1515/1898/2281 136/1829/2288
f 1467/1830/2289 1515/1898/2281 1466/1827/2287
f 1468/1831/2290 1515/1898/2281 1467/1830/2289
f 120/1818/2291 2294/1903/2286 1468/1831/2290
f 1517/1904/2292 1518/1905/2293 2294/1903/2286
f 1518/1905/2293 144/1906/2284 1516/1899/2282
f 1465/1820/2294 1517/1904/2292 120/1818/2291
f 1465/1820/2294 2296/1907/2295 2295/1908/2296
f 1464/1822/2297 1665/1909/2298 2296/1907/2295
f 1463/1910/2299 1689/1911/2300 1665/1909/2298
f 2296/1907/2295 1665/1909/2298 1664/1912/2301
f 2295/1908/2296 1664/1912/2301 1663/1913/2302
f 1518/1905/2293 1663/1913/2302 1652/1914/2303
f 1517/1904/2292 2295/1908/2296 1518/1905/2293
f 1462/1915/2304 2297/1916/2305 1689/1911/2300
f 1461/1811/2306 2298/1917/2307 2297/1916/2305
f 1460/1812/2308 1519/1918/2309 2298/1917/2307
f 118/1838/2310 2299/1919/2311 1519/1918/2309
f 1471/1839/2312 1522/1920/2313 2299/1919/2311
f 1469/1921/2314 1521/1922/2315 1522/1920/2313
f 1519/1918/2309 2299/1919/2311 1520/1923/2316
f 1480/1867/2317 1521/1922/2315 114/1868/2318
f 1479/1869/2319 1521/1922/2315 1480/1867/2317
f 1478/1870/2320 1521/1922/2315 1479/1869/2319
f 108/1763/2321 2300/1924/2322 1478/1870/2320
f 1523/1925/2323 1729/1926/2324 2300/1924/2322
f 2300/1924/2322 1728/1927/2325 1521/1922/2315
f 1521/1922/2315 1705/1928/2326 1522/1920/2313
f 2303/1929/2327 1748/1930/2328 2302/1931/2329
f 1449/1761/2330 1523/1925/2323 108/1763/2321
f 1450/1764/2331 2301/1932/2332 1449/1761/2333
f 1451/1765/2334 2302/1931/2329 1450/1764/2331
f 109/1766/2267 2303/1929/2327 1451/1765/2334
f 2301/1932/2335 1608/1933/2336 1523/1925/2323
f 1609/1894/2275 1525/1934/2337 1524/1888/2266
f 1610/1893/2274 2304/1935/2338 1609/1894/2275
f 1543/1936/2339 2305/1937/2340 1610/1893/2274
f 2305/1937/2340 1541/1938/2341 2306/1939/2342
f 2306/1939/2342 1540/1940/2343 1612/1941/2344
f 2304/1935/2338 1612/1941/2344 1611/1942/2345
f 1525/1934/2337 1611/1942/2345 1526/1943/2346
f 1526/1943/2346 1614/1944/2347 1613/1945/2348
f 1611/1942/2345 2307/1946/2349 1614/1944/2347
f 1612/1941/2344 1539/1947/2350 2307/1946/2349
f 2307/1946/2349 1538/1948/2351 1615/1949/2352
f 1526/1943/2346 1613/1945/2348 137/1950/2353
f 1613/1945/2348 1617/1951/2354 1616/1952/2355
f 1614/1944/2347 1618/1953/2356 1617/1951/2354
f 1615/1949/2352 1537/1954/2357 1618/1953/2356
f 1617/1951/2354 1620/1955/2358 1619/1956/2359
f 1618/1953/2356 1536/1957/2360 1620/1955/2358
f 1619/1956/2359 1623/1958/2361 1622/1959/2362
f 1616/1952/2355 1622/1959/2362 1621/1960/2363
f 1620/1955/2358 1535/1961/2364 1623/1958/2361
f 137/1950/2353 1621/1960/2363 1527/1962/2365
f 1622/1959/2362 1625/1963/2366 1624/1964/2367
f 1623/1958/2361 1534/1965/2368 1625/1963/2366
f 1621/1960/2363 1627/1966/2369 1626/1967/2370
f 1624/1964/2367 1628/1968/2371 1627/1966/2369
f 1625/1963/2366 140/1969/2372 1628/1968/2371
f 1527/1962/2365 1626/1967/2370 1528/1970/2373
f 1626/1967/2370 1630/1971/2374 1629/1972/2375
f 1627/1966/2369 1631/1973/2376 1630/1971/2374
f 1628/1968/2371 1533/1974/2377 2308/1975/2378
f 2308/1975/2378 139/1976/2379 1631/1973/2376
f 1528/1970/2373 1629/1972/2375 1765/1977/2380
f 2309/1978/2381 1632/1979/2382 1629/1972/2375
f 2310/1980/2383 1633/1981/2384 2309/1978/2381
f 1630/1971/2374 2310/1980/2383 2309/1978/2381
f 1631/1973/2376 1532/1982/2385 2310/1980/2383
f 2310/1980/2383 138/1983/2386 1634/1984/2387
f 1629/1972/2375 1768/1985/2388 1765/1977/2380
f 2311/1986/2389 106/1739/2132 1632/1979/2382
f 2312/1987/2390 1447/1748/2140 2311/1986/2389
f 1634/1984/2387 2311/1986/2389 1633/1981/2384
f 1634/1984/2387 1531/1988/2391 2312/1987/2390
f 1530/1989/2392 1448/1749/2141 2312/1987/2390
f 1632/1979/2382 1446/1737/2130 1768/1985/2388
f 1543/1936/2339 2314/1990/2393 1542/1991/2394
f 1542/1991/2394 2315/1992/2395 1541/1938/2341
f 1635/1902/2285 2313/1993/2396 1543/1936/2339
f 1541/1938/2341 1636/1994/2397 1540/1940/2343
f 2318/1995/2398 1638/1996/2399 1637/1997/2400
f 1539/1947/2350 1637/1997/2400 1538/1948/2351
f 1540/1940/2343 2317/1998/2401 1539/1947/2350
f 1637/1997/2400 2320/1999/2402 2319/2000/2403
f 2319/2000/2403 1640/2001/2404 1639/2002/2405
f 1538/1948/2351 2319/2000/2403 1537/1954/2357
f 1639/2002/2405 1642/2003/2406 1641/2004/2407
f 1537/1954/2357 1641/2004/2407 1536/1957/2360
f 1641/2004/2407 1644/2005/2408 1643/2006/2409
f 1642/2003/2406 1549/2007/2410 1644/2005/2408
f 1536/1957/2360 1643/2006/2409 1535/1961/2364
f 1643/2006/2409 1646/2008/2411 1645/2009/2412
f 1644/2005/2408 143/2010/2413 1646/2008/2411
f 1535/1961/2364 1645/2009/2412 1534/1965/2368
f 1646/2008/2411 142/2011/2414 1647/2012/2415
f 1534/1965/2368 1647/2012/2415 140/1969/2372
f 2321/2013/2416 1649/2014/2417 1648/2015/2418
f 140/1969/2372 2321/2013/2416 1533/1974/2377
f 1647/2012/2415 1547/2016/2419 2321/2013/2416
f 2321/2013/2416 1546/2017/2420 1649/2014/2417
f 1533/1974/2377 1648/2015/2418 139/1976/2379
f 2322/2018/2421 1651/2019/2422 1650/2020/2423
f 139/1976/2379 2322/2018/2424 1532/1982/2385
f 1648/2015/2418 2323/2021/2425 2322/2018/2424
f 1649/2014/2417 1545/2022/2426 2323/2021/2425
f 1532/1982/2385 1650/2020/2423 138/1983/2386
f 1531/1988/2391 2325/2023/2427 1530/1989/2392
f 1530/1989/2392 2326/2024/2428 1529/2025/2429
f 1650/2020/2423 2324/2026/2430 1531/1988/2391
f 1529/2025/2429 1481/1849/2236 107/1876/2142
f 1652/2027/2303 2327/2028/2431 144/1906/2284
f 1566/2029/2432 2328/2030/2433 2327/2028/2431
f 1565/2031/2434 2329/2032/2435 2328/2030/2433
f 1564/2033/2436 1653/2034/2437 2329/2032/2435
f 2329/2032/2435 1636/1994/2397 2315/1992/2395
f 2328/2030/2433 2315/1992/2395 2314/1990/2393
f 2327/2028/2431 2314/1990/2393 2313/1993/2396
f 1653/2034/2437 2316/2035/2438 1636/1994/2397
f 1563/2036/2439 2330/2037/2440 1653/2034/2437
f 1563/2036/2439 2331/2038/2441 2330/2037/2440
f 1562/2039/2442 2332/2040/2443 2331/2038/2441
f 1562/2039/2442 1655/2041/2444 2332/2040/2443
f 2332/2040/2443 1638/1996/2399 2318/1995/2398
f 2331/2038/2441 2318/1995/2398 2317/1998/2401
f 2330/2037/2440 2317/1998/2401 2316/2035/2438
f 1655/2041/2444 2333/2042/2445 1654/2043/2446
f 1561/2044/2447 2334/2045/2448 1655/2041/2444
f 1560/2046/2449 1656/2047/2450 2334/2045/2448
f 2334/2045/2448 1656/2047/2450 2333/2042/2445
f 2333/2042/2445 1640/2001/2404 2320/1999/2402
f 1654/2043/2446 2320/1999/2402 1638/1996/2399
f 1559/2048/2451 1657/2049/2452 1656/2047/2450
f 1656/2047/2450 1642/2003/2406 1640/2001/2404
f 1657/2049/2452 1549/2007/2410 1550/2050/2453
f 1558/2051/2454 1658/2052/2455 1657/2049/2452
f 1658/2052/2455 143/2010/2413 1549/2007/2410
f 1558/2051/2454 1659/2053/2456 1658/2052/2455
f 1659/2053/2456 142/2011/2414 1548/2054/2457
f 1659/2053/2456 1548/2054/2457 143/2010/2413
f 1557/2055/2458 1660/2056/2459 1659/2053/2456
f 2335/2057/2460 1546/2017/2420 1547/2016/2419
f 1660/2056/2459 1547/2016/2419 142/2011/2414
f 146/2058/2461 2335/2057/2460 1660/2056/2459
f 1556/2059/2462 141/2060/2463 2335/2057/2460
f 2336/2061/2464 1544/2062/2465 1545/2022/2426
f 2336/2061/2464 1661/2063/2466 1544/2062/2465
f 145/2064/2467 2336/2061/2464 141/2060/2463
f 1554/2065/2468 1662/2066/2469 2336/2061/2464
f 1552/2067/2470 2339/2068/2471 2338/2069/2472
f 1661/2063/2466 2324/2026/2430 1651/2019/2422
f 1662/2066/2469 2337/2070/2473 1661/2063/2466
f 1553/2071/2474 2337/2070/2473 1662/2066/2469
f 1553/2071/2474 1552/2067/2470 2337/2070/2473
f 1551/2072/2475 1472/1847/2234 2339/2068/2471
f 2339/2068/2471 1481/1849/2236 2326/2024/2428
f 2338/2069/2472 2326/2024/2428 2325/2023/2427
f 2337/2070/2473 2325/2023/2427 2324/2026/2430
f 1663/1913/2302 2341/2073/2476 2340/2074/2477
f 1664/1912/2301 1668/2075/2478 2341/2073/2476
f 2340/2074/2477 2341/2073/2476 2342/2076/2479
f 1652/1914/2303 1663/1913/2302 1566/2029/2432
f 1668/2075/2478 1667/2077/2480 2341/2073/2476
f 2341/2073/2476 1666/2078/2481 2342/2076/2479
f 2342/2076/2479 1563/2036/2439 1564/2033/2436
f 2340/2074/2477 1564/2033/2436 1565/2031/2434
f 1566/2029/2432 2340/2074/2477 1565/2031/2434
f 1667/2077/2480 2343/2079/2482 1666/2078/2481
f 1668/2075/2478 1670/2080/2483 1667/2077/2480
f 1670/2080/2483 1669/2081/2484 2343/2079/2482
f 2343/2079/2482 1561/2044/2447 1562/2039/2442
f 1666/2078/2481 1562/2039/2442 1563/2036/2439
f 1670/2080/2483 2344/2082/2485 1669/2081/2484
f 1671/2083/2486 1673/2084/2487 1670/2080/2483
f 1570/2085/2488 1674/2086/2489 1671/2083/2486
f 1673/2084/2487 1672/2087/2490 2344/2082/2485
f 2344/2082/2485 1559/2048/2451 1560/2046/2449
f 1669/2081/2484 1560/2046/2449 1561/2044/2447
f 1674/2086/2489 1675/2088/2491 1673/2084/2487
f 1675/2088/2491 1676/2089/2492 1672/2087/2490
f 1674/2086/2489 1677/2090/2493 1675/2088/2491
f 1569/2091/2494 1678/2092/2495 1674/2086/2489
f 1672/2087/2490 1558/2051/2454 1559/2048/2451
f 1677/2090/2493 1679/2093/2496 1676/2089/2492
f 1678/2092/2495 1680/2094/2497 1677/2090/2493
f 1676/2089/2492 1557/2055/2458 1558/2051/2454
f 1680/2094/2497 1681/2095/2498 1679/2093/2496
f 1678/2092/2495 1682/2096/2499 1680/2094/2497
f 1568/2097/2500 1683/2098/2501 1678/2092/2495
f 1679/2093/2496 146/2058/2461 1557/2055/2458
f 2346/2099/2502 1684/2100/2503 2345/2101/2504
f 1681/2095/2498 1556/2059/2462 146/2058/2461
f 1682/2096/2499 2345/2101/2504 1681/2095/2498
f 1683/2098/2501 2346/2099/2502 1682/2096/2499
f 148/2102/2505 1686/2103/2506 1683/2098/2501
f 1683/2098/2501 1685/2104/2507 2346/2099/2502
f 2345/2101/2504 145/2064/2467 1556/2059/2462
f 1685/2104/2507 1686/2103/2506 2348/2105/2508
f 2347/2106/2509 2348/2105/2508 1687/2107/2510
f 1684/2100/2511 1555/2108/2512 145/2064/2467
f 1685/2104/2507 2347/2106/2509 1684/2100/2503
f 1686/2103/2506 147/2109/2513 1567/2110/2514
f 2348/2105/2508 1567/2110/2514 1688/2111/2515
f 1687/2107/2516 1553/2071/2474 1554/2065/2468
f 2347/2106/2517 1554/2065/2468 1555/2108/2512
f 2349/2112/2518 1458/1800/2189 1459/1799/2188
f 1687/2107/2510 1688/2111/2515 2349/2112/2518
f 2350/2113/2519 1457/1784/2173 1498/1786/2175
f 1551/2072/2475 1459/1799/2188 1473/1797/2186
f 1552/2067/2470 1459/1799/2188 1551/2072/2475
f 1553/2071/2474 2349/2112/2518 1552/2067/2470
f 1689/1911/2300 2351/2114/2520 2353/2115/2521
f 2297/1916/2305 2352/2116/2522 2351/2114/2520
f 2298/1917/2307 1584/2117/2523 2352/2116/2522
f 2352/2116/2522 1584/2117/2523 2354/2118/2524
f 2354/2118/2524 1582/2119/2525 1691/2120/2526
f 2351/2114/2520 1691/2120/2526 1690/2121/2527
f 2353/2115/2521 1690/2121/2527 1570/2085/2488
f 1689/1911/2300 2353/2115/2521 1668/2075/2478
f 1582/2119/2525 1692/2122/2528 1691/2120/2526
f 1690/2121/2527 1569/2091/2494 1570/2085/2488
f 1692/2122/2528 1693/2123/2529 1690/2121/2527
f 1581/2124/2530 1694/2125/2531 1692/2122/2528
f 1693/2123/2529 1568/2097/2500 1569/2091/2494
f 1694/2125/2531 1695/2126/2532 1693/2123/2529
f 1579/2127/2533 1696/2128/2534 1694/2125/2531
f 1578/2129/2535 1697/2130/2536 1696/2128/2534
f 1695/2126/2532 148/2102/2505 1568/2097/2500
f 1697/2130/2536 1698/2131/2537 1695/2126/2532
f 1577/2132/2538 1699/2133/2539 1697/2130/2536
f 2355/2134/2540 147/2109/2513 148/2102/2505
f 1699/2133/2539 2355/2134/2540 1698/2131/2537
f 151/2135/2541 2356/2136/2542 1699/2133/2539
f 1576/2137/2543 1701/2138/2544 2356/2136/2542
f 2355/2134/2540 1701/2138/2544 1700/2139/2545
f 147/2109/2513 1700/2139/2545 1702/2140/2546
f 1701/2138/2544 1575/2141/2547 2357/2142/2548
f 2357/2142/2548 1574/2143/2549 1704/2144/2550
f 1700/2139/2545 1704/2144/2550 1703/2145/2551
f 1702/2140/2546 1456/1787/2176 1457/1784/2173
f 1703/2145/2551 1455/1788/2177 1456/1787/2176
f 147/2109/2513 1702/2140/2546 1567/2110/2514
f 1704/2144/2550 1573/2146/2552 2358/2147/2553
f 2358/2147/2553 1571/2148/2554 1455/1788/2177
f 2359/2149/2555 2363/2150/2556 2362/2151/2557
f 1520/1923/2316 2359/2149/2555 1584/2117/2523
f 2299/1919/2311 2360/2152/2558 2359/2149/2555
f 2363/2150/2559 1594/2153/2560 1707/2154/2561
f 2362/2151/2557 1707/2154/2561 1706/2155/2562
f 1583/2156/2563 1706/2155/2562 1582/2119/2525
f 1584/2117/2523 2362/2151/2557 1583/2156/2563
f 1706/2155/2562 2365/2157/2564 2364/2158/2565
f 1707/2154/2561 1593/2159/2566 2365/2157/2564
f 2365/2157/2564 1592/2160/2567 1709/2161/2568
f 2364/2158/2565 1709/2161/2568 1708/2162/2569
f 1706/2155/2562 1581/2124/2530 1582/2119/2525
f 1708/2162/2569 1711/2163/2570 1710/2164/2571
f 1709/2161/2568 1712/2165/2572 1711/2163/2570
f 1709/2161/2568 1591/2166/2573 1712/2165/2572
f 1708/2162/2569 1580/2167/2574 1581/2124/2530
f 1710/2164/2571 1714/2168/2575 1713/2169/2576
f 1711/2163/2570 1715/2170/2577 1714/2168/2575
f 1712/2165/2572 1589/2171/2578 1715/2170/2577
f 1710/2164/2571 1579/2127/2533 1580/2167/2574
f 1713/2169/2576 1714/2168/2575 1716/2172/2579
f 1714/2168/2575 1588/2173/2580 1717/2174/2581
f 1713/2169/2576 1578/2129/2535 1579/2127/2533
f 1716/2172/2579 1719/2175/2582 1718/2176/2583
f 1717/2174/2581 1720/2177/2584 1719/2175/2582
f 1716/2172/2579 1577/2132/2538 1578/2129/2535
f 1718/2176/2583 1722/2178/2585 1721/2179/2586
f 2366/2180/2587 1723/2181/2588 1722/2178/2585
f 1719/2175/2582 1587/2182/2589 2366/2180/2587
f 1718/2176/2583 151/2135/2541 1577/2132/2538
f 2367/2183/2590 2369/2184/2591 1724/2185/2592
f 1721/2179/2586 1576/2137/2543 151/2135/2541
f 1721/2179/2586 2368/2186/2593 2367/2183/2590
f 1722/2178/2585 1586/2187/2594 2368/2186/2593
f 1576/2137/2543 1724/2185/2592 150/2188/2595
f 2370/2189/2596 2373/2190/2597 2372/2191/2598
f 150/2188/2595 2370/2189/2596 1575/2141/2547
f 1724/2185/2592 2371/2192/2599 2370/2189/2596
f 2372/2191/2598 1727/2193/2600 1726/2194/2601
f 1574/2143/2549 1726/2194/2601 149/2195/2602
f 1575/2141/2547 2372/2191/2598 1574/2143/2549
f 2375/2196/2603 2378/2197/2604 2377/2198/2605
f 2377/2198/2605 2379/2199/2606 1571/2148/2554
f 149/2195/2602 2375/2196/2603 1573/2146/2552
f 1726/2194/2601 2376/2200/2607 2375/2196/2603
f 1571/2148/2554 111/1884/2263 1474/1854/2239
f 1571/2148/2554 1474/1854/2239 117/1858/2242
f 1573/2146/2552 2377/2198/2605 1572/2201/2608
f 1729/1926/2324 2380/2202/2609 1728/1927/2325
f 2381/2203/2610 2382/2204/2611 2380/2202/2609
f 1728/1927/2325 2360/2152/2558 1705/1928/2326
f 1608/1933/2336 2381/2203/2610 1729/1926/2324
f 1607/2205/2612 1731/2206/2613 2381/2203/2614
f 2381/2203/2614 1730/2207/2615 2382/2204/2616
f 2382/2204/2616 1594/2153/2560 2363/2150/2559
f 2380/2202/2609 2363/2150/2556 2361/2208/2617
f 1728/1927/2325 2361/2208/2617 2360/2152/2558
f 1730/2207/2615 1593/2159/2566 1594/2153/2560
f 1731/2206/2613 2383/2209/2618 1730/2207/2615
f 1731/2206/2613 1605/2210/2619 2384/2211/2620
f 2384/2211/2620 1605/2210/2619 1733/2212/2621
f 2384/2211/2620 1732/2213/2622 2383/2209/2618
f 2383/2209/2618 1592/2160/2567 1593/2159/2566
f 1732/2213/2622 1591/2166/2573 1592/2160/2567
f 1733/2212/2621 1734/2214/2623 1732/2213/2622
f 1733/2212/2621 1604/2215/2624 1735/2216/2625
f 1734/2214/2623 1590/2217/2626 1591/2166/2573
f 1734/2214/2623 1589/2171/2578 1590/2217/2626
f 1735/2216/2625 1736/2218/2627 1734/2214/2623
f 1735/2216/2625 1603/2219/2628 1737/2220/2629
f 1736/2218/2627 1738/2221/2630 1589/2171/2578
f 1737/2220/2629 1738/2221/2630 1736/2218/2627
f 1737/2220/2629 1602/2222/2631 1739/2223/2632
f 1739/2223/2632 1740/2224/2633 1738/2221/2630
f 1739/2223/2632 1601/2225/2634 1741/2226/2635
f 1738/2221/2630 1720/2177/2584 1588/2173/2580
f 2386/2227/2636 1742/2228/2637 2385/2229/2638
f 1740/2224/2633 1587/2182/2589 1720/2177/2584
f 1741/2226/2635 2385/2229/2638 1740/2224/2633
f 1741/2226/2635 1601/2225/2634 2386/2227/2636
f 2386/2227/2636 154/2230/2639 1743/2231/2640
f 2385/2229/2638 1723/2181/2588 1587/2182/2589
f 2388/2232/2641 2389/2233/2642 2387/2234/2643
f 2388/2232/2641 2390/2235/2644 2389/2233/2642
f 1742/2228/2637 1586/2187/2594 1723/2181/2588
f 1743/2231/2640 2387/2234/2643 1742/2228/2637
f 1743/2231/2640 1600/2236/2645 2388/2232/2641
f 1600/2236/2645 1745/2237/2646 2388/2232/2641
f 1745/2237/2646 1744/2238/2647 2390/2235/2644
f 2390/2235/2644 1725/2239/2648 2369/2184/2591
f 2389/2233/2642 2369/2184/2591 1585/2240/2649
f 2387/2234/2643 1585/2240/2649 1586/2187/2594
f 2392/2241/2650 2393/2242/2651 2391/2243/2652
f 2394/2244/2653 2395/2245/2654 2393/2242/2651
f 1744/2238/2647 2371/2192/2599 1725/2239/2648
f 1745/2237/2646 2391/2243/2652 1744/2238/2647
f 153/2246/2655 2392/2241/2650 1745/2237/2646
f 1599/2247/2656 2394/2244/2653 2392/2241/2650
f 1598/2248/2657 1747/2249/2658 2394/2244/2653
f 2394/2244/2653 1746/2250/2659 2395/2245/2654
f 2395/2245/2654 1727/2193/2600 2374/2251/2660
f 2393/2242/2651 2374/2251/2660 2373/2190/2597
f 2391/2243/2652 2373/2190/2597 2371/2192/2599
f 2397/2252/2661 2398/2253/2662 2396/2254/2663
f 2399/2255/2664 2400/2256/2665 2398/2253/2662
f 1746/2250/2659 2376/2200/2607 1727/2193/2600
f 1747/2249/2658 2396/2254/2663 1746/2250/2659
f 152/2257/2666 2397/2252/2661 1747/2249/2658
f 1597/2258/2667 2399/2255/2664 2397/2252/2661
f 1596/2259/2668 1595/2260/2669 2399/2255/2664
f 1595/2260/2669 1483/1885/2261 2400/2256/2665
f 2400/2256/2665 111/1884/2263 2379/2199/2606
f 2398/2253/2662 2379/2199/2606 2378/2197/2604
f 2396/2254/2663 2378/2197/2604 2376/2200/2607
f 1748/1930/2328 2402/2261/2670 2401/2262/2671
f 2303/1929/2327 1750/2263/2672 1748/1930/2328
f 1748/1930/2328 2401/2262/2671 2301/1932/2332
f 1525/1934/2337 1751/2264/2673 2303/1929/2327
f 1750/2263/2672 1749/2265/2674 2402/2261/2670
f 2402/2261/2670 1606/2266/2675 1607/2205/2612
f 2401/2262/2671 1607/2205/2612 1608/1933/2336
f 1749/2265/2674 1753/2267/2676 1752/2268/2677
f 1750/2263/2672 1754/2269/2678 1753/2267/2676
f 1751/2264/2673 1526/1943/2346 1754/2269/2678
f 1606/2266/2675 1752/2268/2677 1605/2210/2619
f 1752/2268/2677 1756/2270/2679 1755/2271/2680
f 1753/2267/2676 1754/2269/2678 1756/2270/2679
f 1605/2210/2619 1755/2271/2680 1604/2215/2624
f 1755/2271/2680 1756/2270/2679 1757/2272/2681
f 1604/2215/2624 1757/2272/2681 1603/2219/2628
f 1757/2272/2681 1759/2273/2682 1758/2274/2683
f 1756/2270/2679 1527/1962/2365 1759/2273/2682
f 1603/2219/2628 1758/2274/2683 1602/2222/2631
f 1758/2274/2683 1759/2273/2682 1760/2275/2684
f 1602/2222/2631 1760/2275/2684 1601/2225/2634
f 1760/2275/2684 1762/2276/2685 1761/2277/2686
f 1759/2273/2682 1528/1970/2373 1762/2276/2685
f 1601/2225/2634 1761/2277/2686 154/2230/2639
f 2403/2278/2687 1764/2279/2688 1763/2280/2689
f 1762/2276/2685 1765/1977/2380 1764/2279/2688
f 154/2230/2639 2403/2278/2687 1600/2236/2645
f 1761/2277/2686 1762/2276/2685 2403/2278/2687
f 1600/2236/2645 1763/2280/2689 153/2246/2655
f 2405/2281/2690 1766/2282/2691 2404/2283/2692
f 1765/1977/2380 1767/2284/2693 2405/2281/2690
f 1763/2280/2689 1599/2247/2656 153/2246/2655
f 1764/2279/2688 2404/2283/2692 1763/2280/2689
f 1765/1977/2380 2405/2281/2690 1764/2279/2688
f 1766/2282/2691 152/2257/2666 1598/2248/2657
f 2404/2283/2692 1598/2248/2657 1599/2247/2656
f 2407/2285/2694 2408/2286/2695 2406/2287/2696
f 1768/1985/2388 1445/1738/2131 2407/2285/2694
f 1766/2282/2691 1597/2258/2667 152/2257/2666
f 1767/2284/2693 2406/2287/2696 1766/2282/2691
f 1768/1985/2388 2407/2285/2694 1767/2284/2693
f 1445/1738/2131 1444/1731/2124 2408/2286/2695
f 2408/2286/2695 105/2288/2129 1595/2260/2669
f 2406/2287/2696 1595/2260/2669 1596/2259/2668
f 2406/2287/2696 1596/2259/2668 1597/2258/2667
f 1477/2289/2697 1770/2289/2697 136/2289/2697
f 1476/2289/2698 1770/2289/2698 1477/2289/2698
f 110/2289/2699 1770/2289/2699 1475/2289/2699
f 1475/2289/2700 1770/2289/2700 1476/2289/2700
f 1769/2289/2701 1452/2289/2701 109/2289/2701
f 1770/2289/2702 1453/2289/2702 1452/2289/2702
f 1770/2289/2703 1771/2289/2703 136/2289/2703
f 1774/2289/2704 1769/2289/2704 109/2289/2704
f 1771/2289/2705 1774/2289/2705 114/2289/2705
f 108/2289/2706 2409/2289/2706 1449/2289/2706
f 1449/2289/2707 2409/2289/2707 1450/2289/2707
f 1774/2289/2708 1480/2289/2708 114/2289/2708
f 2409/2289/2709 1479/2289/2709 1480/2289/2709
f 1451/2289/2710 1774/2289/2710 109/2289/2710
f 1450/2289/2711 2409/2289/2711 1451/2289/2711
f 1463/2289/2712 1772/2289/2712 119/2289/2712
f 1464/2289/2713 1773/2289/2713 1463/2289/2713
f 120/2289/2714 2410/2289/2714 1465/2289/2714
f 1465/2289/2715 2410/2289/2715 1464/2289/2715
f 1773/2289/2716 1466/2289/2716 136/2289/2716
f 1773/2289/2717 1467/2289/2717 1466/2289/2717
f 1772/2289/2718 1775/2289/2718 119/2289/2718
f 1771/2289/2719 1773/2289/2719 136/2289/2719
f 1775/2289/2720 1771/2289/2720 114/2289/2720
f 1469/2289/2721 1775/2289/2721 114/2289/2721
f 1470/2289/2722 2411/2289/2722 1469/2289/2722
f 118/2289/2723 2411/2289/2723 1471/2289/2723
f 1471/2289/2724 2411/2289/2724 1470/2289/2724
f 1775/2289/2725 1462/2289/2725 119/2289/2725
f 2411/2289/2726 1461/2289/2726 1462/2289/2726
f 256/3/3 257/2/2 255/14/14
f 245/1/1 244/97/93 257/2/2
f 258/4/4 259/9/9 260/5/5
f 262/6/6 260/5/5 261/10/10
f 266/13/13 256/3/3 255/14/14
f 265/15/15 254/21/21 264/20/20
f 265/15/15 255/14/14 254/21/21
f 246/16/16 245/1/1 256/3/3
f 263/18/18 258/4/4 262/6/6
f 233/17/17 9/8/8 258/4/4
f 267/23/23 263/18/18 262/6/6
f 269/24/24 261/10/10 309/12/12
f 269/24/24 262/6/6 261/10/10
f 234/25/25 233/17/17 263/18/18
f 275/27/27 264/20/20 12/22/22
f 275/27/27 265/15/15 264/20/20
f 268/26/26 266/13/13 265/15/15
f 270/30/30 267/23/23 269/24/24
f 235/29/29 234/25/25 267/23/23
f 271/36/36 272/35/35 278/31/31
f 7/34/34 223/1327/72 272/35/35
f 278/31/31 273/37/37 274/32/32
f 276/38/38 268/26/26 275/27/27
f 277/40/40 270/30/30 269/24/24
f 281/41/41 309/12/12 286/59/59
f 281/41/41 269/24/24 309/12/12
f 279/44/44 271/36/36 278/31/31
f 8/43/43 7/34/34 271/36/36
f 280/45/45 276/38/38 275/27/27
f 284/46/46 12/22/22 274/75/32
f 284/46/46 275/27/27 12/22/22
f 282/48/48 277/40/40 281/41/41
f 283/50/50 279/44/44 278/31/31
f 289/51/51 10/33/33 296/72/71
f 289/51/51 278/31/31 10/33/33
f 224/52/52 8/43/43 279/44/44
f 285/54/54 280/45/45 284/46/46
f 288/56/56 282/48/48 281/41/41
f 287/57/57 281/41/41 286/59/59
f 290/61/61 283/50/50 289/51/51
f 291/63/63 285/54/54 284/46/46
f 273/64/37 284/46/46 274/75/32
f 292/66/65 288/56/56 287/57/57
f 294/67/66 286/59/59 253/60/60
f 294/67/66 287/57/57 286/59/59
f 293/69/68 290/61/61 289/51/51
f 297/70/69 289/51/51 296/72/71
f 272/73/35 291/63/63 273/64/37
f 295/77/73 292/66/65 294/67/66
f 298/79/75 293/69/68 297/70/69
f 299/81/77 295/77/73 294/67/66
f 301/82/78 294/67/66 253/60/60
f 300/84/80 298/79/75 297/70/69
f 303/85/81 296/72/71 11/11/11
f 303/85/81 297/70/69 296/72/71
f 229/86/82 228/80/76 298/79/75
f 302/87/83 299/81/77 301/82/78
f 301/82/78 253/60/60 305/89/85
f 304/91/87 300/84/80 303/85/81
f 230/90/86 229/86/82 300/84/80
f 307/92/88 302/87/83 301/82/78
f 306/93/89 301/82/78 305/89/85
f 308/95/91 304/91/87 303/85/81
f 260/5/5 11/11/11 261/10/10
f 260/5/5 303/85/81 11/11/11
f 231/96/92 230/90/86 304/91/87
f 257/2/2 307/92/88 306/93/89
f 255/14/14 305/89/85 254/21/21
f 255/14/14 306/93/89 305/89/85
f 244/97/93 243/94/90 307/92/88
f 259/9/9 308/95/91 260/5/5
f 10/76/33 12/22/22 309/12/12
f 12/22/22 254/21/21 309/12/12
f 309/12/12 254/21/21 253/60/60
f 311/98/94 1776/102/98 310/99/95
f 312/101/97 1187/115/109 313/104/100
f 1777/103/99 313/104/100 314/113/107
f 1777/2290/99 314/122/107 322/107/102
f 1776/106/98 1777/2290/99 322/107/102
f 13/110/104 317/111/105 1975/943/1275
f 2223/114/108 1778/112/106 313/104/100
f 2223/114/108 318/116/110 1778/112/106
f 318/116/110 1191/126/118 319/117/111
f 1778/112/106 319/117/111 320/118/112
f 321/2291/113 320/132/112 328/121/114
f 1778/120/106 321/2291/113 328/121/114
f 317/111/105 323/123/115 1976/942/1274
f 325/127/119 1779/124/116 319/117/111
f 325/127/119 1194/135/125 326/128/120
f 327/2292/121 326/143/120 335/131/122
f 1779/130/116 327/2292/121 335/131/122
f 323/123/115 329/133/123 1976/942/1274
f 330/134/124 1780/137/127 326/128/120
f 330/134/124 331/138/128 1781/136/126
f 331/138/128 97/148/136 332/139/129
f 1781/136/126 332/139/129 333/146/134
f 1780/137/127 334/2293/131 326/128/120
f 1781/2294/126 333/154/134 341/141/130
f 1780/140/127 1781/2294/126 341/141/130
f 329/133/123 336/144/132 1976/942/1274
f 338/149/137 1782/145/133 332/139/129
f 338/149/137 98/156/142 339/150/138
f 340/2295/139 339/162/138 348/153/140
f 1782/152/133 340/2295/139 348/153/140
f 1783/158/144 345/157/143 346/172/156
f 343/155/141 1783/158/144 339/150/138
f 343/155/141 344/1720/2115 345/157/143
f 344/1720/2115 99/166/150 345/157/143
f 1783/158/144 347/2296/146 339/150/138
f 1783/159/144 346/176/156 354/160/145
f 350/165/149 1784/171/155 345/157/143
f 350/165/149 1785/169/153 1784/171/155
f 350/165/149 351/167/151 1785/169/153
f 351/167/151 1203/179/160 352/168/152
f 353/2297/154 352/185/152 360/174/157
f 1785/173/153 353/2297/154 360/174/157
f 349/163/147 355/177/158 1972/944/1276
f 2215/178/159 1786/181/162 352/168/152
f 2215/178/159 356/1717/2112 357/180/161
f 356/1717/2112 1206/188/167 357/180/161
f 1786/181/162 359/2298/164 352/168/152
f 357/2299/161 358/194/170 366/183/163
f 1786/182/162 357/2299/161 366/183/163
f 355/177/158 361/186/165 1972/944/1276
f 1787/190/169 364/189/168 365/203/180
f 362/187/166 1787/190/169 357/180/161
f 362/187/166 363/1715/2110 364/189/168
f 363/1715/2110 1209/196/173 364/189/168
f 1787/192/169 365/207/180 373/193/171
f 368/195/172 1788/202/179 364/189/168
f 368/195/172 1789/199/176 1788/202/179
f 368/195/172 369/197/174 1789/199/176
f 369/197/174 1212/212/186 370/198/175
f 1789/199/176 370/198/175 371/200/177
f 372/2300/178 371/218/177 379/205/181
f 1789/204/176 372/2300/178 379/205/181
f 376/213/187 1790/210/184 370/198/175
f 376/213/187 1215/221/193 377/214/188
f 378/2301/189 377/229/188 386/217/190
f 1790/216/184 378/2301/189 386/217/190
f 374/208/182 380/219/191 1973/945/1277
f 381/220/192 1791/223/195 377/214/188
f 381/220/192 382/224/196 1792/222/194
f 382/224/196 1218/234/204 383/225/197
f 1792/222/194 383/225/197 384/232/202
f 1791/223/195 385/2302/199 377/214/188
f 1792/2303/194 384/240/202 392/227/198
f 1791/226/195 1792/2303/194 392/227/198
f 380/219/191 387/230/200 1973/945/1277
f 389/235/205 1793/231/201 383/225/197
f 389/235/205 100/243/211 390/236/206
f 391/2304/207 390/249/206 399/239/208
f 1793/238/201 391/2304/207 399/239/208
f 387/230/200 393/241/209 1973/945/1277
f 1794/245/213 396/244/212 397/258/224
f 394/242/210 1794/245/213 390/236/206
f 394/242/210 395/1709/2104 396/244/212
f 395/1709/2104 101/252/218 396/244/212
f 1794/245/213 398/2305/215 390/236/206
f 1794/246/213 397/262/224 405/247/214
f 393/241/209 400/250/216 1973/945/1277
f 401/251/217 1795/257/223 396/244/212
f 401/251/217 1796/255/221 1795/257/223
f 401/251/217 402/253/219 1796/255/221
f 402/253/219 1225/265/228 403/254/220
f 404/2306/222 403/271/220 412/260/225
f 1796/259/221 404/2306/222 412/260/225
f 400/250/216 406/263/226 407/946/1278
f 2204/264/227 1797/267/230 403/254/220
f 2204/264/227 408/1706/2101 409/266/229
f 408/1706/2101 1228/274/235 409/266/229
f 1797/267/230 411/2307/232 403/254/220
f 409/2308/229 410/280/238 418/269/231
f 1797/268/230 409/2308/229 418/269/231
f 406/263/226 413/272/233 407/946/1278
f 1798/276/237 416/275/236 417/290/249
f 414/273/234 1798/276/237 409/266/229
f 414/273/234 415/1704/2099 416/275/236
f 415/1704/2099 1231/283/242 416/275/236
f 1798/278/237 417/294/249 425/279/239
f 413/272/233 419/281/240 407/946/1278
f 420/282/241 1799/289/248 416/275/236
f 420/282/241 1800/286/245 1799/289/248
f 420/282/241 421/284/243 1800/286/245
f 421/284/243 1234/298/254 422/285/244
f 1800/286/245 422/285/244 423/287/246
f 424/2309/247 423/304/246 432/292/250
f 1800/291/245 424/2309/247 432/292/250
f 419/281/240 426/295/251 427/947/1279
f 429/299/255 1801/296/252 422/285/244
f 429/299/255 1237/307/261 430/300/256
f 431/2310/257 430/315/256 439/303/258
f 1801/302/252 431/2310/257 439/303/258
f 426/295/251 433/305/259 427/947/1279
f 434/306/260 1802/309/263 430/300/256
f 434/306/260 435/310/264 1803/308/262
f 435/310/264 1240/320/272 436/311/265
f 1803/308/262 436/311/265 437/318/270
f 1802/309/263 438/2311/267 430/300/256
f 1803/2312/262 437/326/270 445/313/266
f 1802/312/263 1803/2312/262 445/313/266
f 433/305/259 440/316/268 427/947/1279
f 442/321/273 1804/317/269 436/311/265
f 442/321/273 102/329/279 443/322/274
f 444/2313/275 443/335/274 452/325/276
f 1804/324/269 444/2313/275 452/325/276
f 440/316/268 446/327/277 1974/948/1280
f 1805/331/281 449/330/280 450/345/293
f 447/328/278 1805/331/281 443/322/274
f 447/328/278 448/1698/2093 449/330/280
f 448/1698/2093 1245/338/286 449/330/280
f 1805/331/281 451/2314/283 443/322/274
f 1805/332/281 450/349/293 459/333/282
f 446/327/277 453/336/284 1974/948/1280
f 454/337/285 1806/340/288 449/330/280
f 455/339/287 1807/343/291 1806/340/288
f 455/339/287 456/341/289 1807/343/291
f 456/341/289 1265/351/296 457/342/290
f 458/2315/292 457/358/290 467/347/294
f 1807/346/291 458/2315/292 467/347/294
f 461/350/295 1808/353/298 457/342/290
f 462/352/297 463/1616/2007 464/354/299
f 463/1616/2007 1277/362/305 464/354/299
f 1808/353/298 466/2316/301 457/342/290
f 464/2317/299 465/369/309 474/356/300
f 1808/355/298 464/2317/299 474/356/300
f 1809/364/307 472/365/308 473/380/321
f 469/361/304 1809/364/307 464/354/299
f 470/363/306 471/1582/1971 472/365/308
f 471/1582/1971 1297/372/313 472/365/308
f 1809/367/307 473/384/321 482/368/310
f 468/359/302 475/370/311 484/949/1281
f 476/371/312 1810/374/315 472/365/308
f 477/373/314 1811/377/318 1810/374/315
f 477/373/314 478/375/316 1811/377/318
f 478/375/316 1301/388/326 479/376/317
f 1811/377/318 479/376/317 480/378/319
f 481/2318/320 480/394/319 489/382/322
f 1811/381/318 481/2318/320 489/382/322
f 475/370/311 483/385/323 484/949/1281
f 486/389/327 1812/386/324 479/376/317
f 486/389/327 1304/397/333 487/390/328
f 488/2319/329 487/405/328 496/393/330
f 1812/392/324 488/2319/329 496/393/330
f 483/385/323 490/395/331 484/949/1281
f 491/396/332 1813/399/335 487/390/328
f 491/396/332 492/400/336 1814/398/334
f 492/400/336 1307/410/344 493/401/337
f 1814/398/334 493/401/337 494/408/342
f 1813/399/335 495/2320/339 487/390/328
f 1814/2321/334 494/416/342 502/403/338
f 1813/402/335 1814/2321/334 502/403/338
f 490/395/331 497/406/340 484/949/1281
f 499/411/345 1815/407/341 493/401/337
f 499/411/345 123/418/350 500/412/346
f 501/2322/347 500/424/346 509/415/348
f 1815/414/341 501/2322/347 509/415/348
f 1816/420/352 506/419/351 507/434/364
f 504/417/349 1816/420/352 500/412/346
f 504/417/349 505/1517/1904 506/419/351
f 505/1517/1904 1312/428/358 506/419/351
f 1816/420/352 508/2323/354 500/412/346
f 1816/421/352 507/438/364 515/422/353
f 511/427/357 1817/433/363 506/419/351
f 511/427/357 1818/431/361 1817/433/363
f 511/427/357 512/429/359 1818/431/361
f 512/429/359 15/441/368 513/430/360
f 514/2324/362 513/447/360 520/436/365
f 1818/435/361 514/2324/362 520/436/365
f 510/425/355 516/439/366 1975/943/1275
f 517/440/367 1819/443/370 513/430/360
f 518/442/369 14/1727/96 310/444/95
f 1819/443/370 519/2325/371 513/430/360
f 310/2326/95 315/109/101 316/108/103
f 1819/445/370 310/2326/95 316/108/103
f 516/439/366 13/110/104 1975/943/1275
f 521/448/372 1822/450/374 1820/451/375
f 17/452/376 1820/451/375 18/458/392
f 521/448/372 961/743/815 522/453/377
f 1820/451/380 525/454/379 18/458/384
f 1822/450/378 523/456/382 525/454/379
f 1822/450/378 1821/449/385 1823/455/381
f 1823/455/381 522/453/386 524/743/822
f 1825/463/391 527/462/390 1826/464/393
f 526/459/387 1824/466/2727 528/460/388
f 526/459/387 1825/463/391 1824/466/2727
f 527/462/390 17/452/376 18/458/392
f 1824/466/396 1827/465/395 528/460/401
f 1825/463/394 1828/468/398 1827/465/395
f 1825/463/394 1826/464/399 1829/467/397
f 1826/464/399 18/458/384 16/457/383
f 1828/468/398 965/469/402 1827/465/395
f 1830/470/403 530/473/406 1832/474/407
f 530/473/406 1830/470/403 529/472/405
f 530/473/406 19/461/389 528/460/388
f 529/472/405 1831/471/404 531/477/2728
f 1832/474/411 528/460/401 966/460/400
f 1830/470/408 1832/474/411 533/475/412
f 1830/470/408 534/476/413 532/471/409
f 531/477/415 1831/471/410 532/471/409
f 535/480/418 1835/479/417 1834/484/2729
f 535/480/418 536/483/421 1833/478/416
f 1833/478/416 529/472/405 531/477/2728
f 535/480/418 1834/484/2729 537/481/419
f 1833/478/422 531/477/415 20/477/414
f 1833/478/422 538/478/423 539/479/424
f 1835/479/425 539/479/424 1834/484/426
f 1834/484/426 1836/486/429 21/485/427
f 539/479/424 538/478/423 968/487/430
f 541/488/431 1838/490/433 1837/494/437
f 540/491/434 1837/494/437 542/492/435
f 541/488/431 22/482/420 537/481/419
f 1837/494/440 545/495/439 542/492/445
f 1839/489/441 537/481/428 21/485/427
f 1838/490/438 1839/489/441 543/489/442
f 1838/490/438 544/490/443 545/495/439
f 544/490/443 543/489/442 970/497/446
f 546/498/447 1842/500/449 1841/504/2730
f 546/498/447 547/493/436 1840/499/448
f 546/498/447 1841/504/2730 25/501/450
f 1842/500/452 548/500/454 1843/504/458
f 1842/500/452 1840/499/459 972/503/453
f 1841/504/455 1843/504/458 24/505/456
f 972/503/453 542/492/445 23/496/444
f 550/506/460 1846/506/464 1845/507/461
f 550/506/460 551/502/451 1844/509/463
f 549/508/462 1845/507/461 27/510/2731
f 1845/507/467 1847/507/466 27/510/472
f 1846/506/465 1848/506/469 1847/507/466
f 1846/506/465 1844/509/470 1849/509/468
f 1844/509/470 25/501/457 24/505/456
f 553/511/473 1852/513/475 1850/515/477
f 553/511/473 1850/515/477 552/517/479
f 553/511/473 554/514/476 1851/512/474
f 1851/512/474 549/508/462 27/510/2731
f 1852/513/485 1851/512/480 976/518/481
f 1850/515/482 1853/519/486 28/516/483
f 1852/513/485 1854/520/487 1853/519/486
f 976/518/481 27/510/472 26/510/471
f 557/521/488 1857/523/490 1855/524/491
f 557/521/488 1855/524/491 556/526/493
f 557/521/488 552/517/479 1856/522/489
f 1856/522/489 552/517/479 555/516/478
f 1857/523/499 1856/522/494 558/527/495
f 1855/524/496 1858/529/500 29/528/497
f 1857/523/499 1859/523/501 1858/529/500
f 558/527/495 555/516/484 28/516/483
f 1861/533/505 556/526/493 1862/534/506
f 559/530/502 1860/535/2732 560/531/503
f 559/530/502 1861/533/505 1860/535/2732
f 1864/536/511 1862/534/510 981/537/512
f 1860/535/509 1863/535/508 560/531/514
f 1861/533/507 1864/536/511 1863/535/508
f 1862/534/510 30/525/498 29/528/497
f 1864/536/511 983/539/515 1863/535/508
f 1865/540/516 562/543/519 1867/544/520
f 562/543/519 1865/540/516 561/542/518
f 562/543/519 31/532/504 560/531/503
f 561/542/518 1866/541/517 563/548/2733
f 1867/544/524 560/531/514 984/538/513
f 1865/540/521 1867/544/524 565/544/525
f 1865/540/521 566/546/526 564/545/522
f 563/548/528 1866/541/523 564/545/522
f 567/551/531 1870/550/530 1869/557/2734
f 567/551/531 568/554/534 1868/549/529
f 1868/549/529 561/542/518 563/548/2733
f 567/551/531 1869/557/2734 569/552/532
f 1868/549/535 563/548/528 32/547/527
f 1868/549/535 571/549/536 572/555/537
f 1870/550/538 572/555/537 570/556/539
f 1869/557/540 570/556/539 33/552/541
f 572/555/537 571/549/536 986/558/543
f 574/559/544 1872/561/546 1871/565/550
f 573/562/547 1871/565/550 575/563/548
f 574/559/544 34/553/533 569/552/532
f 1873/560/551 569/552/542 33/552/541
f 1872/561/553 1873/560/551 576/566/552
f 1872/561/553 577/561/554 578/567/555
f 1871/565/556 578/567/555 35/563/557
f 577/561/554 576/566/552 988/568/559
f 579/569/560 1876/571/562 1875/575/2735
f 579/569/560 580/564/549 1874/570/561
f 579/569/560 1875/575/2735 37/572/563
f 1876/571/565 581/571/567 1877/575/571
f 1876/571/565 1874/570/572 990/574/566
f 1875/575/568 1877/575/571 36/576/569
f 990/574/566 575/563/558 35/563/557
f 583/577/573 1880/577/577 1879/578/574
f 583/577/573 584/573/564 1878/580/576
f 582/579/575 1879/578/574 39/584/2736
f 1880/577/581 1881/577/578 1879/578/580
f 1880/577/581 1878/580/583 1882/582/582
f 1878/580/583 37/572/570 36/576/569
f 1879/578/580 585/581/579 39/584/585
f 587/585/586 1885/587/588 1883/591/592
f 586/588/589 1883/591/592 588/589/590
f 1884/586/587 582/579/575 39/584/2736
f 1883/591/595 1886/592/594 588/589/599
f 1885/587/593 1884/586/596 994/593/597
f 1885/587/593 1887/587/600 1886/592/594
f 994/593/597 39/584/585 38/583/584
f 589/594/601 1890/594/603 1888/596/604
f 42/597/605 1888/596/604 43/600/618
f 589/594/601 590/590/591 1889/595/602
f 1890/594/611 1889/595/606 591/598/607
f 1888/596/608 1891/596/612 41/599/609
f 1890/594/611 1892/594/613 1891/596/612
f 591/598/607 588/589/599 40/589/598
f 1893/601/614 593/604/617 1895/605/619
f 593/604/617 1893/601/614 592/603/616
f 593/604/617 42/597/605 43/600/618
f 592/603/616 1894/602/615 594/609/633
f 1894/602/622 1001/606/621 594/609/627
f 1893/601/620 1896/607/624 1001/606/621
f 1895/605/623 43/600/610 41/599/609
f 1896/607/624 1895/605/623 998/608/625
f 1897/610/628 597/614/632 1899/614/634
f 596/613/631 1897/610/628 595/612/630
f 597/614/632 592/603/616 594/609/633
f 595/612/630 1898/611/629 46/616/2737
f 1898/611/635 1900/611/639 45/615/636
f 1899/614/640 594/609/627 44/609/626
f 1897/610/638 1899/614/640 598/614/641
f 1897/610/638 599/610/642 1900/611/639
f 600/619/645 1903/618/644 1902/624/2738
f 600/619/645 601/622/648 1901/617/643
f 1901/617/643 595/612/630 46/616/2737
f 600/619/645 1902/624/2738 602/620/646
f 1903/618/651 1904/623/650 1902/624/653
f 1901/617/649 46/616/637 45/615/636
f 1901/617/649 603/617/652 1904/623/650
f 1902/624/653 1905/625/656 47/620/654
f 1904/623/650 603/617/652 1003/626/657
f 605/627/658 1907/629/660 1906/633/664
f 604/630/661 1906/633/664 606/631/662
f 605/627/658 48/621/647 602/620/646
f 1906/633/667 609/634/666 606/631/672
f 1908/628/668 602/620/655 47/620/654
f 1907/629/665 1908/628/668 607/635/669
f 1907/629/665 608/636/670 609/634/666
f 608/636/670 607/635/669 1005/637/673
f 610/638/674 1911/640/676 1910/644/2739
f 610/638/674 611/632/663 1909/639/675
f 610/638/674 1910/644/2739 51/641/677
f 1911/640/679 612/640/681 1912/644/685
f 1911/640/679 1909/639/686 1007/643/680
f 1910/644/682 1912/644/685 50/645/683
f 1007/643/680 606/631/672 49/631/671
f 614/646/687 1915/650/691 1914/647/688
f 614/646/687 615/642/678 1913/649/690
f 613/648/689 1914/647/688 53/653/2740
f 1914/647/694 1916/647/693 53/653/699
f 1915/650/692 1917/646/696 1916/647/693
f 1915/650/692 1913/649/697 1918/651/695
f 1913/649/697 51/641/684 50/645/683
f 617/654/700 1921/656/702 1919/658/704
f 617/654/700 1919/658/704 616/660/706
f 617/654/700 618/657/703 1920/655/701
f 1920/655/701 613/648/689 53/653/2740
f 1919/658/709 1922/661/708 619/659/713
f 1921/656/707 1920/655/710 1012/662/711
f 1921/656/707 1923/656/714 1922/661/708
f 1012/662/711 53/653/699 52/652/698
f 621/663/715 1926/665/717 1924/666/718
f 621/663/715 1924/666/718 620/668/720
f 621/663/715 616/660/706 1925/664/716
f 1925/664/716 616/660/706 619/659/705
f 1926/665/726 1925/664/721 622/664/722
f 1924/666/723 1927/670/727 55/669/724
f 1926/665/726 1928/665/728 1927/670/727
f 622/664/722 619/659/713 54/659/712
f 1930/674/732 620/668/720 1931/675/733
f 623/671/729 1929/676/2741 624/672/730
f 623/671/729 1930/674/732 1929/676/2741
f 1933/674/738 1931/675/737 1016/677/739
f 1929/676/736 1932/676/735 624/672/741
f 1930/674/734 1933/674/738 1932/676/735
f 1931/675/737 56/667/725 55/669/724
f 1933/674/738 1018/679/742 1932/676/735
f 1934/680/743 626/683/746 1936/684/747
f 626/683/746 1934/680/743 625/682/745
f 626/683/746 57/673/731 624/672/730
f 625/682/745 1935/681/744 627/687/2742
f 1936/684/751 624/672/741 1019/678/740
f 1934/680/748 1936/684/751 629/685/752
f 1934/680/748 630/680/753 628/681/749
f 627/687/755 1935/681/750 628/681/749
f 631/690/758 1939/689/757 1938/695/2743
f 631/690/758 632/693/761 1937/688/756
f 1937/688/756 625/682/745 627/687/2742
f 631/690/758 1938/695/2743 61/691/759
f 1939/689/764 633/694/763 1938/695/765
f 1937/688/762 627/687/755 58/686/754
f 633/694/763 1937/688/762 635/696/768
f 1938/695/765 634/697/769 59/691/766
f 633/694/763 635/696/768 1021/698/770
f 637/699/771 1941/701/773 1940/705/777
f 636/702/774 1940/705/777 638/703/775
f 637/699/771 60/692/760 61/691/759
f 1940/705/778 1941/701/781 640/706/779
f 1941/701/781 1942/700/783 639/708/782
f 1942/700/783 61/691/767 59/691/766
f 638/703/785 1940/705/778 641/707/780
f 640/706/779 639/708/782 1023/710/786
f 642/711/787 1945/713/789 1944/717/2744
f 642/711/787 643/704/776 1943/712/788
f 642/711/787 1944/717/2744 64/714/790
f 1945/713/792 644/719/796 645/716/793
f 1945/713/792 1943/712/799 1025/718/795
f 1025/718/795 638/703/785 62/709/784
f 1944/717/794 645/716/793 63/720/797
f 646/721/800 1948/723/802 1947/727/2745
f 646/721/800 647/715/791 1946/722/801
f 646/721/800 1947/727/2745 648/724/803
f 1948/723/805 649/728/809 650/726/806
f 1946/722/808 64/714/798 63/720/797
f 1947/727/807 650/726/806 648/724/811
f 649/728/809 1946/722/808 1027/730/812
f 961/733/815 1949/732/814 522/738/377
f 651/731/813 1950/735/817 1949/732/814
f 651/731/813 652/725/804 1951/734/816
f 1951/734/824 648/724/811 65/729/810
f 1950/735/818 653/737/820 1952/739/823
f 1949/732/821 1952/739/823 524/74/822
f 1950/735/818 1951/734/824 962/736/819
f 655/456/831 656/455/828 658/744/830
f 654/740/825 660/745/832 661/741/826
f 658/744/830 66/743/829 659/2327/1269
f 655/456/831 1953/746/833 660/745/832
f 1953/746/834 663/749/838 664/747/835
f 1953/746/834 658/744/839 662/748/837
f 658/744/839 659/2327/1273 954/750/840
f 666/468/843 657/742/827 667/751/842
f 666/468/843 669/752/844 665/754/846
f 665/754/846 670/753/845 671/755/847
f 669/752/849 673/758/853 674/756/850
f 669/752/849 667/751/854 672/757/852
f 667/751/854 661/741/841 664/747/835
f 675/760/858 680/759/857 67/477/862
f 676/476/856 678/761/860 680/759/857
f 677/474/859 668/755/848 671/755/847
f 678/761/860 677/474/859 679/475/863
f 678/761/864 683/470/868 684/762/865
f 678/761/864 679/475/869 682/763/867
f 679/475/869 671/755/855 674/756/850
f 686/765/876 687/478/871 689/764/872
f 685/484/873 1954/484/877 691/485/874
f 67/477/862 681/477/861 689/764/872
f 686/765/876 690/766/878 1954/484/877
f 690/766/879 693/768/883 694/486/880
f 690/766/879 689/764/884 692/767/882
f 689/764/884 681/477/870 684/762/865
f 1954/484/881 694/486/880 68/769/885
f 697/771/890 688/481/875 691/485/874
f 697/771/890 1955/489/891 696/490/892
f 696/490/892 699/772/893 700/495/894
f 695/494/887 700/495/894 701/770/888
f 699/772/895 702/490/898 703/495/896
f 699/772/895 1955/489/2746 68/769/885
f 1955/489/2746 691/485/886 68/769/885
f 700/495/897 703/495/896 69/773/899
f 706/499/904 698/492/889 701/770/888
f 705/500/906 706/499/904 707/776/905
f 705/500/906 708/777/907 709/778/908
f 704/504/901 709/778/908 710/774/902
f 708/777/909 711/500/912 712/779/910
f 708/777/909 707/776/2747 69/773/899
f 707/776/2747 701/770/900 69/773/899
f 709/778/911 712/779/910 70/780/913
f 715/509/915 71/775/903 710/774/902
f 714/506/917 715/509/915 717/781/916
f 714/506/917 718/782/918 719/783/919
f 713/784/920 719/783/919 720/510/921
f 718/782/923 721/506/926 722/786/924
f 718/782/923 717/781/2748 70/780/913
f 717/781/2748 710/774/914 70/780/913
f 725/512/930 716/785/922 720/510/921
f 724/520/927 728/787/931 727/519/928
f 723/519/929 727/519/928 729/788/932
f 1956/789/934 731/520/937 732/790/935
f 728/787/931 1956/789/934 727/519/928
f 1956/789/934 720/510/921 722/786/924
f 727/519/928 732/790/935 72/792/938
f 733/529/941 737/793/940 736/528/943
f 735/527/944 726/516/933 729/788/932
f 734/523/939 738/794/945 737/793/940
f 1957/795/946 2114/797/948 740/796/947
f 738/794/945 1957/795/946 737/793/940
f 1957/795/946 729/788/932 72/792/938
f 742/536/952 743/798/950 745/534/951
f 742/536/952 747/799/953 746/800/954
f 741/535/955 746/800/954 748/531/956
f 745/534/951 736/528/943 739/525/942
f 747/799/958 750/533/962 751/801/959
f 747/799/958 745/534/963 749/802/961
f 745/534/963 739/525/949 740/796/947
f 754/804/968 744/531/957 748/531/956
f 752/541/967 756/803/966 757/547/972
f 753/546/965 754/804/968 755/544/969
f 753/546/965 758/805/970 756/803/966
f 758/805/973 761/546/977 762/806/974
f 758/805/973 755/544/978 760/807/976
f 755/544/978 748/531/964 751/801/959
f 763/808/980 1958/556/984 767/552/981
f 765/549/986 1959/809/985 764/555/983
f 764/555/983 766/810/987 1958/556/984
f 1959/809/985 757/547/972 759/548/971
f 766/810/988 769/813/992 770/811/989
f 766/810/988 1959/809/993 768/812/991
f 1959/809/993 759/548/979 762/806/974
f 1958/556/990 770/811/989 73/814/994
f 771/565/998 775/565/997 777/563/999
f 773/560/1001 1960/560/1002 772/815/996
f 773/560/1001 74/552/982 767/552/981
f 772/815/996 776/816/1003 775/565/997
f 776/816/1004 778/817/1007 779/567/1005
f 776/816/1004 1960/560/2749 73/814/994
f 1960/560/2749 767/552/995 73/814/994
f 775/565/1006 779/567/1005 75/818/1008
f 782/819/1010 774/563/1000 777/563/999
f 781/571/1012 782/819/1010 783/570/1011
f 781/571/1012 784/820/1013 780/575/1014
f 780/575/1014 1961/823/1017 785/821/1015
f 784/820/1018 786/571/1021 787/824/1019
f 784/820/1018 783/570/2750 75/818/1008
f 783/570/2750 777/563/1009 75/818/1008
f 1961/823/1020 787/824/1019 76/825/1022
f 789/577/1024 792/826/1026 788/581/1029
f 790/580/1025 77/822/1016 785/821/1015
f 792/826/1026 790/580/1025 791/582/1027
f 788/581/1029 793/827/1028 794/584/1031
f 792/826/1032 796/577/1035 797/828/1033
f 792/826/1032 791/582/2751 76/825/1022
f 791/582/2751 785/821/1023 76/825/1022
f 793/827/1034 797/828/1033 78/829/1036
f 799/830/1040 800/586/1038 802/586/1039
f 799/830/1040 804/831/1041 798/591/1043
f 798/591/1043 803/591/1042 805/589/1044
f 802/586/1039 794/584/1031 795/584/1030
f 804/831/1046 2112/833/1049 806/832/1047
f 804/831/1046 802/586/2752 78/829/1036
f 802/586/2752 795/584/1037 78/829/1036
f 803/591/1048 806/832/1047 79/834/1050
f 807/835/1051 811/838/1055 813/836/1052
f 809/598/1056 801/589/1045 805/589/1044
f 808/837/1054 812/839/1057 811/838/1055
f 1962/840/1058 814/594/1060 815/841/1059
f 812/839/1057 1962/840/1058 811/838/1055
f 1962/840/1058 805/589/1044 79/834/1050
f 818/842/1063 810/600/1053 813/836/1052
f 817/601/1062 822/843/1064 816/844/1065
f 822/843/1064 818/842/1063 820/605/1068
f 816/844/1065 821/845/1069 823/609/1066
f 822/843/1070 825/601/1074 826/846/1071
f 822/843/1070 820/605/1075 824/847/1073
f 820/605/1075 813/836/1061 815/841/1059
f 829/614/1080 819/609/1067 823/609/1066
f 827/850/1079 832/849/1078 80/852/1083
f 828/848/1077 830/851/1081 832/849/1078
f 830/851/1081 829/614/1080 831/853/1084
f 830/851/1085 835/610/1089 836/854/1086
f 830/851/1085 831/853/1090 834/855/1088
f 831/853/1090 823/609/1076 826/846/1071
f 838/859/1097 839/856/1092 841/856/1093
f 837/857/1094 1963/624/1098 843/858/1095
f 80/852/1083 833/616/1082 841/856/1093
f 838/859/1097 842/860/1099 1963/624/1098
f 842/860/1100 845/623/1104 846/625/1101
f 842/860/1100 841/856/1105 844/861/1103
f 841/856/1105 833/616/1091 836/854/1086
f 1963/624/1102 846/625/1101 81/862/1106
f 849/628/1111 840/620/1096 843/858/1095
f 849/628/1111 1964/864/1112 848/865/1113
f 848/865/1113 850/866/1114 851/867/1115
f 847/633/1108 851/867/1115 852/631/1109
f 850/866/1116 853/636/1119 854/868/1117
f 850/866/1116 1964/864/2753 81/862/1106
f 1964/864/2753 843/858/1107 81/862/1106
f 851/867/1118 854/868/1117 82/869/1120
f 857/639/1125 83/863/1110 852/631/1109
f 856/871/1127 857/639/1125 858/870/1126
f 856/871/1127 859/872/1128 860/873/1129
f 855/644/1122 860/873/1129 861/641/1123
f 859/872/1130 862/640/1133 863/873/1131
f 859/872/1130 858/870/2754 82/869/1120
f 858/870/2754 852/631/1121 82/869/1120
f 860/873/1132 863/873/1131 84/874/1134
f 866/651/1136 85/641/1124 861/641/1123
f 865/646/1138 866/651/1136 868/875/1137
f 865/646/1138 869/876/1139 870/877/1140
f 864/647/1141 870/877/1140 871/653/1142
f 869/876/1144 872/646/1147 873/878/1145
f 869/876/1144 868/875/2755 84/874/1134
f 868/875/2755 861/641/1135 84/874/1134
f 876/655/1149 867/653/1143 871/653/1142
f 875/880/1151 876/655/1149 878/879/1150
f 875/880/1151 880/881/1152 874/882/1154
f 874/882/1154 879/882/1153 881/883/1155
f 880/881/1157 883/880/1161 884/882/1158
f 880/881/1157 878/879/1162 882/884/1160
f 878/879/1162 871/653/1148 873/878/1145
f 879/882/1159 884/882/1158 86/885/1163
f 885/666/1166 889/886/1165 888/669/1168
f 887/664/1169 877/659/1156 881/883/1155
f 886/665/1164 890/887/1170 889/886/1165
f 1965/888/1171 2110/890/1173 892/889/1172
f 890/887/1170 1965/888/1171 889/886/1165
f 1965/888/1171 881/883/1155 86/885/1163
f 894/674/1177 895/675/1175 897/675/1176
f 894/674/1177 899/891/1178 898/892/1179
f 893/676/1180 898/892/1179 900/678/1181
f 897/675/1176 888/669/1168 891/669/1167
f 899/891/1183 902/895/1187 903/893/1184
f 899/891/1183 897/675/1188 901/894/1186
f 897/675/1188 891/669/1174 892/889/1172
f 906/898/1193 896/678/1182 900/678/1181
f 904/897/1192 908/896/1191 909/686/1197
f 905/680/1190 906/898/1193 907/898/1194
f 905/680/1190 910/899/1195 908/896/1191
f 910/899/1198 913/899/1202 914/897/1199
f 910/899/1198 907/898/1203 912/901/1201
f 907/898/1203 900/678/1189 903/893/1184
f 908/896/1200 914/897/1199 87/902/1204
f 915/903/1206 1966/905/1210 919/904/1207
f 917/907/1212 1967/906/1211 916/694/1209
f 916/694/1209 918/689/1213 1966/905/1210
f 1967/906/1211 909/686/1197 911/900/1196
f 918/689/1214 920/908/1217 921/903/1215
f 918/689/1214 1967/906/2756 87/902/1204
f 1967/906/2756 911/900/1205 87/902/1204
f 1966/905/1216 921/903/1215 88/909/1218
f 922/911/1222 926/705/1221 925/916/1227
f 924/912/1223 1968/913/1224 923/910/1220
f 924/912/1223 89/691/1208 919/904/1207
f 923/910/1220 927/914/1225 926/705/1221
f 927/914/1228 929/914/1231 930/917/1229
f 927/914/1228 1968/913/2757 88/909/1218
f 1968/913/2757 919/904/1219 88/909/1218
f 932/919/1235 935/919/1234 931/920/1236
f 931/920/1236 1969/920/1239 936/720/1237
f 933/918/1233 925/916/1227 928/915/1226
f 935/919/1234 933/918/1233 934/921/1240
f 935/919/1241 938/713/1245 939/922/1242
f 935/919/1241 934/921/1246 937/923/1244
f 934/921/1246 928/915/1232 930/917/1229
f 1969/920/1243 939/922/1242 90/924/1247
f 942/926/1252 91/714/1238 936/720/1237
f 941/728/1254 942/926/1252 943/927/1253
f 940/726/1249 944/928/1255 945/925/1250
f 941/728/1254 1970/929/1256 944/928/1255
f 1970/929/1257 946/931/1260 947/930/1258
f 1970/929/1257 943/927/2758 90/924/1247
f 943/927/2758 936/720/1248 90/924/1247
f 944/928/1259 947/930/1258 92/932/1261
f 949/737/1265 950/933/1263 951/934/1264
f 949/737/1265 952/935/1266 948/937/1268
f 951/934/1264 93/729/1251 945/925/1250
f 948/937/1268 953/936/1267 66/939/829
f 952/935/1270 2116/941/1272 954/940/840
f 952/935/1270 951/934/2759 92/932/1261
f 951/934/2759 945/925/1262 92/932/1261
f 1972/944/1276 1971/2328/2760 1976/942/1274
f 1973/945/1277 1971/2328/2760 1972/944/1276
f 407/946/1278 1971/2328/2760 1973/945/1277
f 427/947/1279 1971/2328/2760 407/946/1278
f 1974/948/1280 1971/2328/2760 427/947/1279
f 484/949/1281 1971/2328/2760 1974/948/1280
f 1975/943/1275 1971/2328/2760 484/949/1281
f 1976/942/1274 1971/2328/2760 1975/943/1275
f 342/164/148 1972/944/1276 1976/942/1274
f 1973/945/1277 1972/944/1276 367/209/183
f 484/949/1281 1974/948/1280 460/360/303
f 1975/943/1275 484/949/1281 503/426/356
f 1442/954/1286 955/950/1282 1441/952/1284
f 1441/952/1284 1977/951/1283 1443/959/1291
f 955/950/1282 156/2329/1550 155/955/1287
f 155/955/1287 1/956/1288 1977/951/1283
f 1977/951/1283 1185/957/1289 1186/958/1290
f 1440/965/1297 956/960/1292 1438/962/1294
f 956/960/1292 222/1216/1551 221/961/1293
f 221/961/1293 220/966/1298 1439/963/1295
f 220/966/1298 156/74/1550 955/967/1282
f 1439/963/1295 955/967/1282 96/2330/1285
f 1437/971/1302 1185/957/1289 1435/969/1300
f 1435/969/1300 1189/970/1301 1436/973/1304
f 1185/957/1289 1/956/1288 158/1220/1555
f 1185/957/1289 158/1220/1555 157/968/1299
f 157/968/1299 2/1219/1554 1189/970/1301
f 2221/978/1309 1978/974/1305 1433/976/1307
f 1433/976/1307 1192/977/1308 1434/981/1312
f 1190/972/1303 1189/970/1301 1978/974/1305
f 1189/970/1301 2/1219/1554 161/979/1310
f 1978/974/1305 161/979/1310 160/975/1306
f 160/975/1306 159/1222/1558 1192/977/1308
f 159/1222/1558 163/2331/1316 1192/977/1308
f 1431/984/1315 1979/983/1314 1430/989/1320
f 1193/980/1311 1192/977/1308 1432/982/1313
f 1432/982/1313 163/985/1316 162/986/1317
f 162/986/1317 969/1227/1565 1195/987/1318
f 1979/983/1314 1195/987/1318 1196/988/1319
f 1428/993/1324 1980/990/1321 1429/992/1323
f 1429/992/1323 1197/991/1322 1427/996/1327
f 1196/988/1319 1195/987/1318 1980/990/1321
f 1195/987/1318 969/1227/1565 165/994/1325
f 165/994/1325 164/1228/1567 1197/991/1322
f 164/1228/1567 167/1001/1332 1197/991/1322
f 1425/1000/1331 1981/997/1328 1424/999/1330
f 1424/999/1330 1199/998/1329 1426/1004/1335
f 1198/995/1326 1197/991/1322 1981/997/1328
f 1981/997/1328 167/1001/1332 166/1002/1333
f 166/1002/1333 169/1009/1340 1199/998/1329
f 1423/1008/1339 1982/1005/1336 1421/1007/1338
f 1200/1003/1334 1199/998/1329 1982/1005/1336
f 1982/1005/1336 169/1009/1340 168/1010/1341
f 168/1010/1341 171/1236/1577 1201/1011/1342
f 1422/1006/1337 1201/1011/1342 1202/1014/1345
f 1420/1015/1346 1201/1011/1342 1418/1013/1344
f 1418/1013/1344 1983/1012/1343 1419/1019/1350
f 1201/1011/1342 171/1236/1577 170/1016/1347
f 170/1016/1347 173/1024/1355 1204/1017/1348
f 1983/1012/1343 1204/1017/1348 1205/1018/1349
f 2213/1023/1354 1984/1020/1351 1417/1022/1353
f 1417/1022/1353 1207/1021/1352 1416/1027/1358
f 1205/1018/1349 1204/1017/1348 1984/1020/1351
f 1984/1020/1351 173/1024/1355 172/1025/1356
f 172/1025/1356 980/1244/1588 1207/1021/1352
f 1413/1032/1363 1985/1028/1359 1415/1030/1361
f 1415/1030/1361 1210/1031/1362 1414/1035/1366
f 1208/1026/1357 1207/1021/1352 1985/1028/1359
f 1207/1021/1352 980/1244/1588 175/1033/1364
f 1985/1028/1359 175/1033/1364 174/1029/1360
f 174/1029/1360 3/1249/1595 1210/1031/1362
f 2210/1040/1371 1986/1036/1367 1411/1038/1369
f 1411/1038/1369 1213/1039/1370 1412/1043/1374
f 1211/1034/1365 1210/1031/1362 1986/1036/1367
f 1210/1031/1362 3/1249/1595 178/1041/1372
f 1986/1036/1367 178/1041/1372 177/1037/1368
f 177/1037/1368 176/1251/1598 1213/1039/1370
f 176/1251/1598 180/1047/1378 1213/1039/1370
f 1409/1046/1377 1987/1045/1376 1408/1051/1382
f 1214/1042/1373 1213/1039/1370 1410/1044/1375
f 1410/1044/1375 180/1047/1378 179/1048/1379
f 179/1048/1379 987/1256/1605 1216/1049/1380
f 1987/1045/1376 1216/1049/1380 1217/1050/1381
f 1406/1055/1386 1988/1052/1383 1407/1054/1385
f 1407/1054/1385 1219/1053/1384 1405/1058/1389
f 1217/1050/1381 1216/1049/1380 1988/1052/1383
f 1216/1049/1380 987/1256/1605 182/1056/1387
f 182/1056/1387 181/1257/1607 1219/1053/1384
f 181/1257/1607 184/1063/1394 1219/1053/1384
f 1403/1062/1393 1989/1059/1390 1402/1061/1392
f 1402/1061/1392 1221/1060/1391 1404/1066/1397
f 1220/1057/1388 1219/1053/1384 1989/1059/1390
f 1989/1059/1390 184/1063/1394 183/1064/1395
f 183/1064/1395 186/1071/1402 1221/1060/1391
f 1401/1070/1401 1990/1067/1398 1399/1069/1400
f 1222/1065/1396 1221/1060/1391 1990/1067/1398
f 1990/1067/1398 186/1071/1402 185/1072/1403
f 185/1072/1403 188/1265/1617 1223/1073/1404
f 1400/1068/1399 1223/1073/1404 1224/1076/1407
f 1398/1077/1408 1223/1073/1404 1396/1075/1406
f 1396/1075/1406 1991/1074/1405 1397/1082/1413
f 1223/1073/1404 188/1265/1617 187/1078/1409
f 187/1078/1409 4/1079/1410 1991/1074/1405
f 1991/1074/1405 1226/1080/1411 1227/1081/1412
f 2202/1086/1417 1992/1083/1414 1394/1085/1416
f 1394/1085/1416 1229/1084/1415 1395/1090/1420
f 1227/1081/1412 1226/1080/1411 1992/1083/1414
f 1226/1080/1411 4/1079/1410 189/1087/1418
f 189/1088/1418 5/1273/1628 1229/1084/1415
f 1391/1095/1425 1993/1091/1421 1393/1093/1423
f 1393/1093/1423 1232/1094/1424 1392/1098/1428
f 1230/1089/1419 1229/1084/1415 1993/1091/1421
f 1229/1084/1415 5/1273/1628 191/1096/1426
f 1993/1091/1421 191/1096/1426 190/1092/1422
f 190/1092/1422 1000/1275/1632 1232/1094/1424
f 2199/1103/1433 1994/1099/1429 1389/1101/1431
f 1389/1101/1431 1235/1102/1432 1390/1106/1436
f 1233/1097/1427 1232/1094/1424 1994/1099/1429
f 1232/1094/1424 1000/1275/1632 194/1104/1434
f 1994/1099/1429 194/1104/1434 193/1100/1430
f 193/1100/1430 192/1279/1638 1235/1102/1432
f 192/1279/1638 196/1110/1440 1235/1102/1432
f 1387/1109/1439 1995/1108/1438 1386/1114/1444
f 1236/1105/1435 1235/1102/1432 1388/1107/1437
f 1388/1107/1437 196/1110/1440 195/1111/1441
f 195/1111/1441 1004/1285/1646 1238/1112/1442
f 1995/1108/1438 1238/1112/1442 1239/1113/1443
f 1384/1118/1448 1996/1115/1445 1385/1117/1447
f 1385/1117/1447 1241/1116/1446 1383/1121/1451
f 1239/1113/1443 1238/1112/1442 1996/1115/1445
f 1238/1112/1442 1004/1285/1646 198/1119/1449
f 198/1119/1449 197/1286/1648 1241/1116/1446
f 197/1286/1648 200/1126/1456 1241/1116/1446
f 1381/1125/1455 1997/1122/1452 1380/1124/1454
f 1380/1124/1454 1243/1123/1453 1382/1692/2087
f 1242/1120/1450 1241/1116/1446 1997/1122/1452
f 1997/1122/1452 200/1126/1456 199/1127/1457
f 199/1127/1457 1008/1290/1653 1243/1123/1453
f 1998/1128/1458 202/1131/1461 2000/1129/1459
f 1382/1692/2087 1998/1128/1458 2191/1140/1471
f 1382/1692/2087 1243/1123/1453 1998/1128/1458
f 1243/1123/1453 1008/1290/1653 202/1131/1461
f 2000/1129/1459 201/1132/1462 1011/1133/1463
f 1999/1130/1460 2000/1129/1459 1247/1135/1465
f 1379/1137/1470 1999/1130/1460 1248/1136/1466
f 1378/1139/1469 1998/1128/1458 1999/1130/1460
f 2001/1141/1472 2002/1144/1475 2004/1142/1473
f 2002/1144/1475 1246/1134/1464 203/1145/1476
f 124/1138/1468 1248/1136/1466 2001/1141/1472
f 1248/1136/1466 1247/1135/1465 2002/1144/1475
f 1246/1134/1464 1011/1133/1463 204/1299/1665
f 1246/1134/1464 204/1299/1665 203/1145/1476
f 2004/1142/1477 203/1145/1476 6/1147/1479
f 2003/1143/1474 2004/1142/1473 1266/1148/1481
f 1364/1150/1483 2003/1143/1474 1267/1149/1482
f 1363/1146/1478 2001/1141/1472 2003/1143/1474
f 1266/1148/1481 2006/1153/1486 2005/1151/1484
f 2006/1153/1486 2008/1155/1488 2007/1154/1487
f 206/1152/1485 1278/1157/1490 2008/1155/1488
f 6/1147/1479 206/1152/1485 1266/1148/1480
f 206/1152/1485 205/1301/1668 1278/1157/1490
f 205/1301/1668 208/1169/1501 1278/1157/1490
f 2008/1155/1488 1279/1158/1491 1280/1159/1492
f 2007/1154/1487 1280/1159/1492 130/1160/1493
f 2005/1151/1484 2007/1154/1487 1350/1161/1494
f 1267/1149/1482 2005/1151/1484 1349/1162/1489
f 2010/1163/1495 207/1166/1498 2011/1164/1496
f 1280/1159/1492 2009/1165/1497 1339/1168/1504
f 1279/1158/1491 2010/1163/1495 2009/1165/1497
f 207/1166/1498 1017/1307/1676 1298/1167/1499
f 2146/1170/1502 1298/1167/1499 1299/1522/1909
f 2011/1164/1496 1298/1167/1499 2146/1170/1502
f 2009/1165/1497 2011/1164/1496 1340/1171/1503
f 1299/1522/1909 2012/1172/1505 1325/1174/1507
f 1325/1174/1507 1302/1175/1508 1326/1178/1511
f 1299/1522/1909 1298/1167/1499 2012/1172/1505
f 1298/1167/1499 1017/1307/1676 211/1176/1509
f 2012/1172/1505 211/1176/1509 210/1173/1506
f 210/1173/1506 209/1309/1679 1302/1175/1508
f 209/1309/1679 213/2332/1515 1302/1175/1508
f 1323/1181/1514 2013/1180/1513 1322/1186/1519
f 1303/1177/1510 1302/1175/1508 1324/1179/1512
f 1324/1179/1512 213/1182/1515 212/1183/1516
f 212/1183/1516 1022/1314/1686 1305/1184/1517
f 2013/1180/1513 1305/1184/1517 1306/1185/1518
f 1320/1190/1523 2014/1187/1520 1321/1189/1522
f 1321/1189/1522 1308/1188/1521 1319/1193/1526
f 1306/1185/1518 1305/1184/1517 2014/1187/1520
f 1305/1184/1517 1022/1314/1686 215/1191/1524
f 215/1191/1524 214/1315/1688 1308/1188/1521
f 214/1315/1688 217/1198/1531 1308/1188/1521
f 1316/1197/1530 2015/1194/1527 1317/1196/1529
f 1317/1196/1529 1310/1195/1528 1318/1201/1534
f 1309/1192/1525 1308/1188/1521 2015/1194/1527
f 2015/1194/1527 217/1198/1531 216/1199/1532
f 216/1199/1532 219/1205/1538 1310/1195/1528
f 1313/1204/1537 2016/1203/1536 1314/1207/1540
f 1311/1200/1533 1310/1195/1528 1315/1202/1535
f 1315/1202/1535 219/1205/1538 218/1206/1539
f 218/1206/1539 222/1216/1551 956/960/1292
f 2016/1203/1536 956/960/1292 1188/964/1296
f 523/456/382 1823/455/381 957/1208/1541
f 1823/455/381 524/743/822 958/37/1542
f 957/1208/1543 958/37/1547 66/743/829
f 957/1208/1543 655/456/831 654/740/825
f 957/1208/1543 654/740/825 657/742/827
f 155/955/1287 2017/1210/1545 959/1211/1546
f 2017/1210/1545 960/1209/1544 521/448/372
f 156/2329/1550 960/1209/1544 155/955/1287
f 960/1209/1544 961/743/815 521/448/372
f 2017/1210/1545 521/448/372 17/452/376
f 653/737/820 962/736/819 958/1212/1542
f 958/1212/1547 962/736/1700 93/729/1251
f 958/1212/1547 949/737/1265 948/937/1268
f 958/1212/1547 948/937/1268 66/939/829
f 2018/1213/1548 651/731/813 961/733/815
f 963/1214/1549 652/725/804 651/731/813
f 220/966/1298 221/961/1293 2018/1213/1548
f 222/1216/1551 963/1214/1549 2018/1213/1548
f 2/1219/1554 157/968/1299 2019/1217/1552
f 1/956/1288 959/1211/1546 158/1220/1555
f 2019/1217/1552 959/1211/1546 17/452/376
f 526/459/387 2019/1217/1552 527/462/390
f 964/1218/1553 526/459/387 19/461/389
f 1827/465/395 965/469/402 966/460/400
f 1829/467/397 16/457/383 957/1208/1541
f 965/469/1556 666/468/843 665/754/846
f 965/469/1556 665/754/846 668/755/848
f 161/979/1310 19/461/389 2020/1223/1559
f 2020/1223/1559 530/473/406 967/1224/1560
f 159/1222/1558 160/975/1306 2020/1223/1559
f 2/1219/1554 964/1218/1553 161/979/1310
f 163/2331/1316 159/1222/1558 967/1224/1560
f 532/471/409 2021/1221/1561 968/487/430
f 534/476/413 533/475/412 2021/1221/1561
f 2021/1221/1561 966/460/400 965/469/402
f 676/476/856 2021/1221/1557 677/474/859
f 2021/1221/1557 675/760/858 67/477/862
f 2022/1225/1563 536/483/421 2023/1226/1564
f 163/985/1316 2022/1225/1563 162/986/1317
f 2022/1225/1563 163/2331/1316 967/1224/1560
f 967/1224/1560 529/472/405 536/483/421
f 22/482/420 2023/1226/1564 535/480/418
f 969/1227/1565 162/986/1317 2023/1226/1564
f 968/487/1562 686/765/876 970/497/1566
f 539/479/424 968/487/430 1836/486/429
f 686/765/876 968/487/1562 687/478/871
f 970/497/1566 685/484/873 688/481/875
f 164/1228/1567 165/994/1325 2024/1229/1568
f 969/1227/1565 22/482/420 2024/1229/1568
f 2024/1229/1568 541/488/431 540/491/434
f 971/1230/1569 164/1228/1567 540/491/434
f 970/497/1566 696/490/892 972/503/1570
f 544/490/443 970/497/446 545/495/439
f 697/771/890 970/497/1566 688/481/875
f 972/503/1570 695/494/887 698/492/889
f 971/1230/1569 547/493/436 2025/1231/1571
f 167/1001/1332 971/1230/1569 166/1002/1333
f 551/502/451 2025/1231/1571 546/498/447
f 166/1002/1333 2025/1231/1571 973/1232/1572
f 548/500/454 972/503/453 974/1233/1573
f 974/1233/1574 972/503/1570 698/492/889
f 974/1233/1574 705/500/906 704/504/901
f 974/1233/1574 704/504/901 71/775/903
f 973/1232/1572 551/502/451 2026/1234/1575
f 169/1009/1340 973/1232/1572 168/1010/1341
f 2026/1234/1575 550/506/460 549/508/462
f 1847/507/466 2027/1237/1578 976/518/481
f 1848/506/469 1849/509/468 2027/1237/1578
f 1849/509/468 24/505/456 974/1233/1573
f 2027/1237/1579 974/1233/1574 71/775/903
f 2027/1237/1579 714/506/917 713/784/920
f 976/518/1580 713/784/920 716/785/922
f 2028/1239/1582 170/1016/1347 554/514/476
f 173/1024/1355 170/1016/1347 2028/1239/1582
f 171/1236/1577 2029/1238/1581 170/1016/1347
f 171/1236/1577 975/1235/1576 2029/1238/1581
f 975/1235/1576 549/508/462 554/514/476
f 2028/1239/1582 553/511/473 977/1240/1583
f 1854/520/487 976/518/481 978/1241/1584
f 978/1241/1585 976/518/1580 716/785/922
f 978/1241/1585 724/520/927 723/519/929
f 978/1241/1585 723/519/929 726/516/933
f 2030/1243/1587 172/1025/1356 2031/1242/1586
f 977/1240/1583 552/517/479 2031/1242/1586
f 173/1024/1355 977/1240/1583 172/1025/1356
f 2030/1243/1587 557/521/488 979/1245/1589
f 1858/529/500 2032/1246/1590 981/537/512
f 1859/523/501 558/527/495 2032/1246/1590
f 558/527/495 28/516/483 978/1241/1584
f 2032/1246/1591 978/1241/1585 726/516/933
f 2032/1246/1591 734/523/939 733/529/941
f 981/537/1592 733/529/941 736/528/943
f 175/1033/1364 979/1245/1589 2033/1247/1593
f 3/1249/1595 174/1029/1360 2033/1247/1593
f 175/1033/1364 980/1244/1588 979/1245/1589
f 559/530/502 979/1245/1589 556/526/493
f 982/1248/1594 559/530/502 31/532/504
f 1863/535/508 983/539/515 984/538/513
f 743/798/950 981/537/1592 736/528/943
f 983/539/1596 742/536/952 741/535/955
f 983/539/1596 741/535/955 744/531/957
f 178/1041/1372 31/532/504 2034/1252/1599
f 2034/1252/1599 562/543/519 985/1253/1600
f 176/1251/1598 177/1037/1368 2034/1252/1599
f 3/1249/1595 982/1248/1594 178/1041/1372
f 180/1047/1378 176/1251/1598 985/1253/1600
f 564/545/522 2035/1250/1601 986/558/543
f 566/546/526 565/544/525 2035/1250/1601
f 2035/1250/1601 984/538/513 983/539/515
f 753/546/965 2035/1250/1597 754/804/968
f 2035/1250/1597 752/541/967 757/547/972
f 2036/1254/1603 568/554/534 2037/1255/1604
f 180/1047/1378 2036/1254/1603 179/1048/1379
f 2036/1254/1603 180/1047/1378 985/1253/1600
f 985/1253/1600 561/542/518 568/554/534
f 34/553/533 2037/1255/1604 567/551/531
f 987/1256/1605 179/1048/1379 2037/1255/1604
f 986/558/1602 764/555/983 988/568/1606
f 572/555/537 986/558/543 570/556/539
f 764/555/983 986/558/1602 765/549/986
f 988/568/1606 763/808/980 74/552/982
f 181/1257/1607 182/1056/1387 2038/1258/1608
f 987/1256/1605 34/553/533 2038/1258/1608
f 2038/1258/1608 574/559/544 573/562/547
f 989/1259/1609 181/1257/1607 573/562/547
f 988/568/1606 772/815/996 990/574/1610
f 577/561/554 988/568/559 578/567/555
f 773/560/1001 988/568/1606 74/552/982
f 990/574/1610 771/565/998 774/563/1000
f 989/1259/1609 580/564/549 2039/1260/1611
f 184/1063/1394 989/1259/1609 183/1064/1395
f 584/573/564 2039/1260/1611 579/569/560
f 183/1064/1395 2039/1260/1611 991/1261/1612
f 581/571/567 990/574/566 992/1262/1613
f 992/1262/1614 990/574/1610 774/563/1000
f 992/1262/1614 781/571/1012 780/575/1014
f 992/1262/1614 780/575/1014 77/822/1016
f 991/1261/1612 584/573/564 2040/1263/1615
f 186/1071/1402 991/1261/1612 185/1072/1403
f 2040/1263/1615 583/577/573 582/579/575
f 585/581/579 2041/1266/1618 994/593/597
f 1881/577/578 1882/582/582 2041/1266/1618
f 1882/582/582 36/576/569 992/1262/1613
f 2041/1266/1619 992/1262/1614 77/822/1016
f 2041/1266/1619 789/577/1024 788/581/1029
f 994/593/1620 788/581/1029 794/584/1031
f 995/1268/1622 187/1078/1409 586/588/589
f 2042/1267/1621 587/585/586 586/588/589
f 188/1265/1617 2042/1267/1621 187/1078/1409
f 188/1265/1617 993/1264/1616 2042/1267/1621
f 993/1264/1616 582/579/575 587/585/586
f 995/1268/1622 586/588/589 590/590/591
f 1887/587/600 994/593/597 996/1269/1623
f 996/1269/1624 994/593/1620 794/584/1031
f 996/1269/1624 799/830/1040 798/591/1043
f 996/1269/1624 798/591/1043 801/589/1045
f 997/1272/1627 189/1088/1418 2044/1271/1626
f 2043/1270/1625 590/590/591 2044/1271/1626
f 4/1079/1410 995/1268/1622 2043/1270/1625
f 2043/1270/1625 995/1268/1622 590/590/591
f 2044/1271/1626 589/594/601 42/597/605
f 1891/596/612 2045/1274/1629 998/608/625
f 1892/594/613 591/598/607 2045/1274/1629
f 591/598/607 40/589/598 996/1269/1623
f 2045/1274/1630 996/1269/1624 801/589/1045
f 2045/1274/1630 808/837/1054 807/835/1051
f 998/608/1631 807/835/1051 810/600/1053
f 2046/1276/1633 593/604/617 999/1277/1634
f 1000/1275/1632 190/1092/1422 2046/1276/1633
f 5/1273/1628 997/1272/1627 191/1096/1426
f 2046/1276/1633 997/1272/1627 42/597/605
f 1896/607/624 998/608/625 2047/1278/1635
f 818/842/1063 998/608/1631 810/600/1053
f 2047/1278/1636 817/601/1062 816/844/1065
f 2047/1278/1636 816/844/1065 819/609/1067
f 194/1104/1434 596/613/631 2048/1280/1639
f 2048/1280/1639 596/613/631 1002/1281/1640
f 192/1279/1638 193/1100/1430 2048/1280/1639
f 194/1104/1434 1000/1275/1632 999/1277/1634
f 999/1277/1634 592/603/616 597/614/632
f 196/1110/1440 192/1279/1638 1002/1281/1640
f 1900/611/639 2049/1282/1642 1003/626/657
f 599/610/642 598/614/641 2049/1282/1642
f 598/614/641 44/609/626 1001/606/621
f 828/848/1077 1001/606/1637 829/614/1080
f 2049/1282/1641 827/850/1079 80/852/1083
f 2050/1283/1644 601/622/648 2051/1284/1645
f 196/1110/1440 2050/1283/1644 195/1111/1441
f 2050/1283/1644 196/1110/1440 1002/1281/1640
f 1002/1281/1640 595/612/630 601/622/648
f 48/621/647 2051/1284/1645 600/619/645
f 1004/1285/1646 195/1111/1441 2051/1284/1645
f 1003/626/1643 838/859/1097 1005/637/1647
f 1904/623/650 1003/626/657 1905/625/656
f 838/859/1097 1003/626/1643 839/856/1092
f 1005/637/1647 837/857/1094 840/620/1096
f 197/1286/1648 198/1119/1449 2052/1287/1649
f 1004/1285/1646 48/621/647 2052/1287/1649
f 2052/1287/1649 605/627/658 604/630/661
f 1006/1288/1650 197/1286/1648 604/630/661
f 1005/637/1647 848/865/1113 1007/643/1651
f 608/636/670 1005/637/673 609/634/666
f 849/628/1111 1005/637/1647 840/620/1096
f 1007/643/1651 847/633/1108 83/863/1110
f 1006/1288/1650 611/632/663 2053/1289/1652
f 200/1126/1456 1006/1288/1650 199/1127/1457
f 615/642/678 2053/1289/1652 610/638/674
f 199/1127/1457 2053/1289/1652 1008/1290/1653
f 612/640/681 1007/643/680 1009/1291/1654
f 1009/1291/1655 1007/643/1651 83/863/1110
f 1009/1291/1655 856/871/1127 855/644/1122
f 1009/1291/1655 855/644/1122 85/641/1124
f 2054/1294/1658 615/642/678 2055/1292/1656
f 202/1131/1461 2054/1294/1658 201/1132/1462
f 2054/1294/1658 1008/1290/1653 615/642/678
f 2055/1292/1656 614/646/687 613/648/689
f 1916/647/693 2056/1295/1659 1012/662/711
f 1917/646/696 1918/651/695 2056/1295/1659
f 1918/651/695 50/645/683 1009/1291/1654
f 2056/1295/1660 1009/1291/1655 85/641/1124
f 2056/1295/1660 865/646/1138 864/647/1141
f 1012/662/1661 864/647/1141 867/653/1143
f 204/1299/1665 618/657/703 2058/1297/1663
f 6/1147/1479 203/1145/1476 2057/1296/1662
f 1011/1133/1463 1010/1293/1657 204/1299/1665
f 1010/1293/1657 613/648/689 618/657/703
f 2057/1296/1662 617/654/700 1013/1298/1664
f 1923/656/714 1012/662/711 1014/1300/1666
f 1014/1300/1667 1012/662/1661 867/653/1143
f 1014/1300/1667 875/880/1151 874/882/1154
f 1014/1300/1667 874/882/1154 877/659/1156
f 2060/1303/1670 616/660/706 2059/1302/1669
f 205/1301/1668 206/1152/1485 2059/1302/1669
f 206/1152/1485 2060/1303/1670 2059/1302/1669
f 6/1147/1479 1013/1298/1664 2060/1303/1670
f 205/1301/1668 621/663/715 1015/1304/1671
f 1927/670/727 2061/1305/1672 1016/677/739
f 1928/665/728 622/664/722 2061/1305/1672
f 622/664/722 54/659/712 1014/1300/1666
f 2061/1305/1673 1014/1300/1667 877/659/1156
f 2061/1305/1673 886/665/1164 885/666/1166
f 1016/677/1674 885/666/1166 888/669/1168
f 208/1169/1501 1015/1304/1671 2062/1306/1675
f 1017/1307/1676 207/1166/1498 2062/1306/1675
f 623/671/729 1015/1304/1671 620/668/720
f 2062/1306/1675 623/671/729 57/673/731
f 1932/676/735 1018/679/742 1019/678/740
f 895/675/1175 1016/677/1674 888/669/1168
f 1018/679/1677 894/674/1177 893/676/1180
f 1018/679/1677 893/676/1180 896/678/1182
f 211/1176/1509 57/673/731 2063/1310/1680
f 2063/1310/1680 626/683/746 1020/1311/1681
f 209/1309/1679 210/1173/1506 2063/1310/1680
f 213/2332/1515 209/1309/1679 1020/1311/1681
f 628/681/749 2064/1308/1682 1021/698/770
f 630/680/753 629/685/752 2064/1308/1682
f 2064/1308/1682 1019/678/740 1018/679/742
f 905/680/1190 2064/1308/1678 906/898/1193
f 2064/1308/1678 904/897/1192 909/686/1197
f 2065/1312/1684 632/693/761 2066/1313/1685
f 213/1182/1515 2065/1312/1684 212/1183/1516
f 2065/1312/1684 213/2332/1515 1020/1311/1681
f 1020/1311/1681 625/682/745 632/693/761
f 60/692/760 2066/1313/1685 631/690/758
f 1022/1314/1686 212/1183/1516 2066/1313/1685
f 1021/698/1683 916/694/1209 1023/710/1687
f 633/694/763 1021/698/770 634/697/769
f 916/694/1209 1021/698/1683 917/907/1212
f 1023/710/1687 915/903/1206 89/691/1208
f 214/1315/1688 215/1191/1524 2067/1316/1689
f 1022/1314/1686 60/692/760 2067/1316/1689
f 2067/1316/1689 637/699/771 636/702/774
f 1024/1317/1690 214/1315/1688 636/702/774
f 1023/710/1687 923/910/1220 1025/718/1691
f 640/706/779 1023/710/786 641/707/780
f 924/912/1223 1023/710/1687 89/691/1208
f 1025/718/1691 922/911/1222 925/916/1227
f 1024/1317/1690 643/704/776 2068/1318/1692
f 217/1198/1531 1024/1317/1690 216/1199/1532
f 647/715/791 2068/1318/1692 642/711/787
f 216/1199/1532 2068/1318/1692 1026/1319/1693
f 645/716/793 2069/1320/1694 1027/730/812
f 644/719/796 1025/718/795 2069/1320/1694
f 2069/1320/1695 1025/718/1691 925/916/1227
f 2069/1320/1695 932/919/1235 931/920/1236
f 1027/730/1696 931/920/1236 91/714/1238
f 1026/1319/1693 647/715/791 2070/1321/1697
f 219/1205/1538 1026/1319/1693 218/1206/1539
f 652/725/804 2070/1321/1697 646/721/800
f 963/1214/1549 218/1206/1539 2070/1321/1697
f 650/726/806 2071/1322/1698 962/736/819
f 649/728/809 1027/730/812 2071/1322/1698
f 2071/1322/1699 1027/730/1696 91/714/1238
f 2071/1322/1699 941/728/1254 940/726/1249
f 962/736/1700 940/726/1249 93/729/1251
f 1184/456/1701 94/1325/1704 2072/1323/1702
f 2072/1323/1702 1029/37/1705 2073/1326/1706
f 2072/1323/1702 2073/1326/1706 1061/1328/1707
f 1063/1324/1703 2072/1323/1702 1062/1329/1708
f 1183/1334/1712 1030/1330/1709 1029/1332/1705
f 1183/1334/1712 95/1478/1863 1030/1330/1709
f 2074/1331/1710 1031/1333/1711 252/65/64
f 2074/1331/1710 252/65/64 223/74/72
f 1029/1332/1705 2074/1331/1710 2073/1215/1706
f 2075/1336/1714 1061/1328/1707 1066/1337/1715
f 2075/1336/1714 1062/1329/1708 1061/1328/1707
f 1182/1335/1713 1063/1324/1703 1062/1329/1708
f 1182/1335/1713 2075/1336/1714 1067/1338/1716
f 1181/1340/1718 1068/1339/1717 1067/1338/1716
f 1070/1341/1719 1067/1338/1716 2076/1342/1720
f 2076/1342/1720 1066/1337/1715 8/43/43
f 2076/1342/1720 224/52/52 225/53/53
f 1070/1341/1719 2076/1342/1720 1069/1343/1721
f 1180/1345/1723 2077/1348/1726 1073/1346/1724
f 1180/1345/1723 1071/1344/1722 2077/1348/1726
f 2077/1348/1726 1069/1343/1721 1072/1349/1727
f 2077/1348/1726 1070/1341/1719 1069/1343/1721
f 1069/1343/1721 225/53/53 226/62/62
f 1179/1353/1731 2078/1350/1728 1076/1352/1730
f 2078/1350/1728 1072/1349/1727 1075/1351/1729
f 1179/1353/1731 1074/1347/1725 1073/1346/1724
f 2078/1350/1728 1073/1346/1724 1072/1349/1727
f 1072/1349/1727 226/62/62 227/71/70
f 1178/500/1733 1077/1354/1732 2079/1355/1734
f 2079/1355/1734 1076/1352/1730 1075/1351/1729
f 2080/1357/1736 1075/1351/1729 227/71/70
f 2080/1357/1736 227/71/70 228/80/76
f 2079/1355/1734 2080/1357/1736 1078/1358/1737
f 1080/1356/1735 2079/1355/1734 1079/1359/1738
f 1177/1362/1741 1079/1359/1738 1082/1361/1740
f 1079/1359/1738 1078/1358/1737 1081/1360/1739
f 1177/1362/1741 1080/1356/1735 1079/1359/1738
f 1176/1367/1746 2081/1364/1743 1085/1366/1745
f 1176/1367/1746 1083/1363/1742 2081/1364/1743
f 2081/1364/1743 1081/1360/1739 1084/1365/1744
f 2081/1364/1743 1082/1361/1740 1081/1360/1739
f 1175/1369/1748 1086/1368/1747 2082/1370/1749
f 2082/1370/1749 1084/1365/1744 1087/1372/1751
f 2082/1370/1749 1085/1366/1745 1084/1365/1744
f 1089/1371/1750 2082/1370/1749 1088/1373/1752
f 2083/1375/1754 1088/1373/1752 2084/1376/1755
f 1174/1374/1753 1089/1371/1750 1088/1373/1752
f 2084/1376/1755 1087/1372/1751 231/96/92
f 2084/1376/1755 231/96/92 232/7/7
f 2083/1375/1754 2084/1376/1755 1090/1377/1756
f 1174/1374/1753 2083/1375/1754 1091/1378/1757
f 1173/1380/1759 1092/1379/1758 1091/1378/1757
f 2085/1381/1760 1090/1377/1756 1093/1382/1761
f 2085/1381/1760 1091/1378/1757 1090/1377/1756
f 1090/1377/1756 232/7/7 9/8/8
f 1173/1380/1759 2085/1381/1760 1094/1383/1762
f 1172/1385/1764 1095/1384/1763 1094/1383/1762
f 2086/1386/1765 1093/1382/1761 1096/1387/1766
f 2086/1386/1765 1094/1383/1762 1093/1382/1761
f 1172/1385/1764 2086/1386/1765 1097/1388/1767
f 1171/1390/1769 1098/1389/1768 1097/1388/1767
f 1100/1391/1770 1097/1388/1767 2087/1392/1771
f 2087/1392/1771 1096/1387/1766 233/17/17
f 1100/1391/1770 2087/1392/1771 1099/1393/1772
f 1170/1398/1777 2088/1395/1774 1103/1397/1776
f 1170/1398/1777 1101/1394/1773 2088/1395/1774
f 2088/1395/1774 1100/1391/1770 1099/1393/1772
f 1102/1396/1775 1099/1393/1772 234/25/25
f 1169/1403/1782 2089/1400/1779 1106/1402/1781
f 1169/1403/1782 1104/1399/1778 2089/1400/1779
f 2089/1400/1779 1103/1397/1776 1102/1396/1775
f 1105/1401/1780 1102/1396/1775 235/29/29
f 1105/1401/1780 235/29/29 236/42/42
f 1168/1409/1788 2090/1405/1784 1109/1407/1786
f 1168/1409/1788 1107/1404/1783 2090/1405/1784
f 2090/1405/1784 1106/1402/1781 1105/1401/1780
f 2091/1406/1785 1105/1401/1780 236/42/42
f 2091/1406/1785 236/42/42 237/49/49
f 1109/1407/1786 2091/1406/1785 1108/1408/1787
f 1167/1414/1793 1110/1410/1789 2092/1411/1790
f 2092/1411/1790 1109/1407/1786 1108/1408/1787
f 1111/1412/1791 1108/1408/1787 237/49/49
f 1111/1412/1791 237/49/49 238/58/58
f 1167/1414/1793 2092/1411/1790 1112/1413/1792
f 1166/601/1795 1113/1415/1794 1112/1413/1792
f 2093/1416/1796 2094/1418/1798 1114/1419/1799
f 2093/1416/1796 1112/1413/1792 2094/1418/1798
f 2094/1418/1798 1111/1412/1791 238/58/58
f 2094/1418/1798 238/58/58 239/68/67
f 1116/1417/1797 2093/1416/1796 1115/1420/1800
f 1165/1423/1803 1115/1420/1800 1118/1422/1802
f 1115/1420/1800 1114/1419/1799 1117/1421/1801
f 1165/1423/1803 1116/1417/1797 1115/1420/1800
f 1114/1419/1799 239/68/67 240/78/74
f 1164/623/1805 2095/1427/1808 1121/1425/1806
f 1164/623/1805 1119/1424/1804 2095/1427/1808
f 2095/1427/1808 1117/1421/1801 1120/1428/1809
f 2095/1427/1808 1118/1422/1802 1117/1421/1801
f 1117/1421/1801 240/78/74 241/83/79
f 1163/1432/1813 2096/1429/1810 1123/1431/1812
f 1163/1432/1813 1122/1426/1807 1121/1425/1806
f 2096/1429/1810 1121/1425/1806 1120/1428/1809
f 2097/1430/1811 1120/1428/1809 241/83/79
f 2097/1430/1811 241/83/79 242/88/84
f 1123/1431/1812 2097/1430/1811 2099/1433/1814
f 1162/640/1816 1124/1434/1815 2098/1435/1817
f 2098/1435/1817 1123/1431/1812 2099/1433/1814
f 2099/1433/1814 242/88/84 243/94/90
f 2098/1435/1817 2099/1433/1814 1125/1437/1819
f 1127/1436/1818 2098/1435/1817 1126/1438/1820
f 1161/1441/1823 1126/1438/1820 1129/1440/1822
f 1126/1438/1820 1125/1437/1819 1128/1439/1821
f 1161/1441/1823 1127/1436/1818 1126/1438/1820
f 1160/1446/1828 2100/1443/1825 1132/1445/1827
f 1160/1446/1828 1130/1442/1824 2100/1443/1825
f 2100/1443/1825 1128/1439/1821 1131/1444/1826
f 2100/1443/1825 1129/1440/1822 1128/1439/1821
f 1159/665/1830 1133/1447/1829 2101/1448/1831
f 2101/1448/1831 1131/1444/1826 1134/1450/1833
f 2101/1448/1831 1132/1445/1827 1131/1444/1826
f 1136/1449/1832 2101/1448/1831 1135/1451/1834
f 2102/1453/1836 1135/1451/1834 1137/1454/1837
f 1158/1452/1835 1136/1449/1832 1135/1451/1834
f 1137/1454/1837 1134/1450/1833 246/16/16
f 1137/1454/1837 246/16/16 247/19/19
f 1158/1452/1835 2102/1453/1836 1138/1455/1838
f 1157/1457/1840 1139/1456/1839 1138/1455/1838
f 2103/1458/1841 1138/1455/1838 2104/1459/1842
f 2104/1459/1842 1137/1454/1837 247/19/19
f 2104/1459/1842 247/19/19 248/28/28
f 2103/1458/1841 2104/1459/1842 1140/1460/1843
f 1157/1457/1840 2103/1458/1841 1141/1461/1844
f 1156/908/1846 1141/1461/1844 1144/1463/1847
f 1156/908/1846 1142/1462/1845 1141/1461/1844
f 1143/1465/1849 1140/1460/1843 248/28/28
f 1143/1465/1849 248/28/28 249/39/39
f 1154/1466/1850 2105/1468/1853 1147/1467/1851
f 1154/1466/1850 1145/1464/1848 1144/1463/1847
f 2105/1468/1853 1144/1463/1847 1143/1465/1849
f 1146/1469/1854 1143/1465/1849 249/39/39
f 1146/1469/1854 249/39/39 250/47/47
f 1153/1474/1859 1148/1470/1855 2106/1471/1856
f 2106/1471/1856 1147/1467/1851 1146/1469/1854
f 1149/1472/1857 1146/1469/1854 250/47/47
f 1149/1472/1857 250/47/47 251/55/55
f 1153/1474/1859 2106/1471/1856 1150/1473/1858
f 1152/1476/1861 1151/1475/1860 1150/1473/1858
f 2107/1477/1862 1150/1473/1858 1149/1472/1857
f 1031/1333/1711 1149/1472/1857 251/55/55
f 1031/1333/1711 251/55/55 252/65/64
f 1152/1476/1861 2107/1477/1862 1030/1330/1709
f 946/931/1260 1152/1476/1861 1065/1480/1865
f 946/931/1260 90/924/1247 1060/1479/1864
f 1152/1476/1861 1060/1479/1864 1151/1475/1860
f 1065/1480/1865 1152/1476/1861 95/1478/1863
f 938/713/1245 1153/1474/1859 939/922/1242
f 938/713/1245 937/923/1244 1059/1481/1866
f 937/923/1244 930/917/1229 1059/1481/1866
f 1153/1474/1859 1059/1481/1866 1148/1470/1855
f 939/922/1242 1153/1474/1859 1151/1475/1860
f 929/914/1231 1154/1466/1850 1155/911/1852
f 930/917/1229 1155/911/1852 1059/1481/1866
f 929/914/1231 88/909/1218 2108/708/1867
f 2108/708/1867 1058/1482/1868 1145/1464/1848
f 920/908/1217 1156/908/1846 1058/1482/1868
f 920/908/1217 87/902/1204 1057/1483/1869
f 1156/908/1846 1057/1483/1869 1142/1462/1845
f 913/899/1202 1157/1457/1840 914/897/1199
f 912/901/1201 903/893/1184 1056/1485/1871
f 912/901/1201 1056/1485/1871 1139/1456/1839
f 1157/1457/1840 912/901/1201 1139/1456/1839
f 914/897/1199 1157/1457/1840 1142/1462/1845
f 902/895/1187 1158/1452/1835 1056/1485/1871
f 902/895/1187 901/894/1186 1055/1484/1870
f 901/894/1186 892/889/1172 1055/1484/1870
f 1056/1485/1871 1158/1452/1835 1139/1456/1839
f 2110/890/1173 1159/665/1830 2109/886/1872
f 892/889/1172 2109/886/1872 1055/1484/1870
f 2110/890/1173 1054/1486/1873 1133/1447/1829
f 1159/665/1830 2110/890/1173 1133/1447/1829
f 883/880/1161 1160/1446/1828 1054/1486/1873
f 882/884/1160 873/878/1145 1053/1488/1875
f 882/884/1160 1053/1488/1875 1130/1442/1824
f 1160/1446/1828 882/884/1160 1130/1442/1824
f 1054/1486/1873 1160/1446/1828 1133/1447/1829
f 872/646/1147 1161/1441/1823 1053/1488/1875
f 872/646/1147 84/874/1134 1052/1487/1874
f 1053/1488/1875 1161/1441/1823 1130/1442/1824
f 862/640/1133 1162/640/1816 863/873/1131
f 862/640/1133 82/869/1120 1051/1489/1876
f 1162/640/1816 1051/1489/1876 1124/1434/1815
f 853/636/1119 1163/1432/1813 854/868/1117
f 853/636/1119 81/862/1106 1050/1490/1877
f 854/868/1117 1163/1432/1813 1124/1434/1815
f 845/623/1104 1164/623/1805 846/625/1101
f 844/861/1103 836/854/1086 1049/1491/1878
f 844/861/1103 1049/1491/1878 1119/1424/1804
f 1164/623/1805 844/861/1103 1119/1424/1804
f 835/610/1089 1165/1423/1803 1049/1491/1878
f 834/855/1088 826/846/1071 1048/1493/1880
f 834/855/1088 1048/1493/1880 1116/1417/1797
f 1049/1491/1878 1165/1423/1803 1119/1424/1804
f 825/601/1074 1166/601/1795 1048/1493/1880
f 825/601/1074 824/847/1073 1047/1492/1879
f 824/847/1073 815/841/1059 1047/1492/1879
f 1166/601/1795 1047/1492/1879 1113/1415/1794
f 814/594/1060 1167/1414/1793 2111/1495/1882
f 815/841/1059 2111/1495/1882 1047/1492/1879
f 814/594/1060 79/834/1050 1046/1494/1881
f 1167/1414/1793 1046/1494/1881 1110/1410/1789
f 2111/1495/1882 1167/1414/1793 1113/1415/1794
f 2112/833/1049 1168/1409/1788 806/832/1047
f 2112/833/1049 1045/1496/1883 1107/1404/1783
f 1168/1409/1788 2112/833/1049 1107/1404/1783
f 806/832/1047 1168/1409/1788 1110/1410/1789
f 796/577/1035 1169/1403/1782 1045/1496/1883
f 796/577/1035 76/825/1022 1044/1497/1884
f 1169/1403/1782 1044/1497/1884 1104/1399/1778
f 1045/1496/1883 1169/1403/1782 1107/1404/1783
f 786/571/1021 1170/1398/1777 787/824/1019
f 786/571/1021 75/818/1008 1043/1498/1885
f 1170/1398/1777 1043/1498/1885 1101/1394/1773
f 787/824/1019 1170/1398/1777 1104/1399/1778
f 778/817/1007 1171/1390/1769 779/567/1005
f 778/817/1007 73/814/994 1042/1499/1886
f 1171/1390/1769 1042/1499/1886 1098/1389/1768
f 779/567/1005 1171/1390/1769 1101/1394/1773
f 769/813/992 1172/1385/1764 770/811/989
f 768/812/991 762/806/974 1041/1500/1887
f 768/812/991 1041/1500/1887 1095/1384/1763
f 1172/1385/1764 768/812/991 1095/1384/1763
f 770/811/989 1172/1385/1764 1098/1389/1768
f 761/546/977 1173/1380/1759 1041/1500/1887
f 760/807/976 751/801/959 1040/1502/1889
f 760/807/976 1040/1502/1889 1092/1379/1758
f 1173/1380/1759 760/807/976 1092/1379/1758
f 1041/1500/1887 1173/1380/1759 1095/1384/1763
f 750/533/962 1174/1374/1753 1040/1502/1889
f 750/533/962 749/802/961 1039/1501/1888
f 749/802/961 740/796/947 1039/1501/1888
f 1040/1502/1889 1174/1374/1753 1092/1379/1758
f 2114/797/948 1175/1369/1748 2113/1503/1890
f 740/796/947 2113/1503/1890 1039/1501/1888
f 2114/797/948 1038/1504/1891 1086/1368/1747
f 1175/1369/1748 2114/797/948 1086/1368/1747
f 731/520/937 1176/1367/1746 1038/1504/1891
f 730/791/936 722/786/924 1037/1506/1893
f 730/791/936 1037/1506/1893 1083/1363/1742
f 1176/1367/1746 730/791/936 1083/1363/1742
f 1038/1504/1891 1176/1367/1746 1086/1368/1747
f 721/506/926 1177/1362/1741 1037/1506/1893
f 721/506/926 70/780/913 1036/1505/1892
f 1037/1506/1893 1177/1362/1741 1083/1363/1742
f 711/500/912 1178/500/1733 712/779/910
f 711/500/912 69/773/899 1035/1507/1894
f 1178/500/1733 1035/1507/1894 1077/1354/1732
f 702/490/898 1179/1353/1731 703/495/896
f 702/490/898 68/769/885 1034/1508/1895
f 703/495/896 1179/1353/1731 1077/1354/1732
f 693/768/883 1180/1345/1723 694/486/880
f 692/767/882 684/762/865 1033/1509/1896
f 692/767/882 1033/1509/1896 1071/1344/1722
f 1180/1345/1723 692/767/882 1071/1344/1722
f 683/470/868 1181/1340/1718 1033/1509/1896
f 682/763/867 674/756/850 1032/1511/1898
f 682/763/867 1032/1511/1898 1068/1339/1717
f 1181/1340/1718 682/763/867 1068/1339/1717
f 1033/1509/1896 1181/1340/1718 1071/1344/1722
f 673/758/853 1182/1335/1713 1032/1511/1898
f 673/758/853 672/757/852 1028/1510/1897
f 672/757/852 664/747/835 1028/1510/1897
f 1032/1511/1898 1182/1335/1713 1068/1339/1717
f 2116/941/1272 1183/1334/1712 2115/1512/1899
f 954/940/840 2115/1512/1899 1064/1215/1900
f 2116/941/1272 1065/1480/1865 95/1478/1863
f 1183/1334/1712 2116/941/1272 95/1478/1863
f 2115/1512/1899 1183/1334/1712 94/1215/1704
f 663/749/838 1184/456/1701 2117/1514/1901
f 664/747/835 2117/1514/1901 1028/1510/1897
f 663/749/838 662/748/837 1064/1513/1900
f 662/748/837 954/750/840 1064/1513/1900
f 1184/456/1701 1064/1513/1900 94/1325/1704
f 1312/428/358 1311/1200/1533 511/427/357
f 512/429/359 1188/964/1296 15/441/368
f 1313/1204/1537 1314/1207/1540 512/429/359
f 511/427/357 1315/1202/1535 1313/1204/1537
f 123/418/350 1309/1192/1525 504/417/349
f 505/1517/1904 1311/1200/1533 1312/428/358
f 504/417/349 1316/1197/1530 2119/1516/1903
f 1317/1196/1529 1318/1201/1534 505/1517/1904
f 2120/1518/1905 1319/1193/1526 499/411/345
f 1307/410/344 1306/1185/1518 498/409/343
f 1319/1193/1526 1309/1192/1525 123/418/350
f 498/409/343 1320/1190/1523 2120/1518/1905
f 492/400/336 1306/1185/1518 1307/410/344
f 2121/1519/1906 1322/1186/1519 492/400/336
f 1304/397/333 1303/1177/1510 491/396/332
f 491/396/332 1324/1179/1512 1323/1181/1514
f 1301/388/326 1300/1548/1935 485/387/325
f 1300/1548/1935 122/1521/1908 485/387/325
f 486/389/327 1303/1177/1510 1304/397/333
f 485/387/325 1299/1522/1909 2122/1520/1907
f 1325/1174/1507 1326/1178/1511 486/389/327
f 122/1521/1908 121/1561/1950 1299/1522/1909
f 1297/372/313 1296/1525/1912 1327/1523/1910
f 1327/1523/1910 2124/1524/1911 478/375/316
f 2124/1524/1911 1300/1548/1935 1301/388/326
f 1327/1523/1910 2125/1526/1913 2124/1524/1911
f 1296/1525/1912 1295/1527/1914 2125/1526/1913
f 1295/1527/1914 1294/1529/1916 2123/1528/1915
f 1294/1529/1916 135/1536/1923 1328/1530/1917
f 2123/1528/1915 1328/1530/1917 1329/1531/1918
f 2125/1526/1913 1329/1531/1918 1330/1532/1919
f 2124/1524/1911 1330/1532/1919 1300/1548/1935
f 2126/1533/1920 2127/1538/1925 2129/1534/1921
f 2128/1535/1922 2129/1534/1921 1330/1532/1919
f 135/1536/1923 1293/1537/1924 2126/1533/1920
f 1293/1537/1924 134/1539/1926 2127/1538/1925
f 1329/1531/1918 2128/1535/1922 1330/1532/1919
f 1328/1530/1917 2126/1533/1920 2128/1535/1922
f 2130/1540/1927 2131/1544/1931 2132/1546/1933
f 134/1539/1926 1292/1542/1929 2130/1540/1927
f 1291/1541/1928 2131/1544/1931 2130/1540/1927
f 133/1543/1930 1331/1545/1932 2131/1544/1931
f 1331/1545/1932 1332/1550/1937 2132/1546/1933
f 2132/1546/1933 1332/1550/1937 2133/1547/1934
f 1330/1532/1919 2133/1547/1934 1300/1548/1935
f 2129/1534/1921 2132/1546/1933 2133/1547/1934
f 2127/1538/1925 2130/1540/1927 2132/1546/1933
f 2135/1549/1936 2136/1553/1940 1332/1550/1937
f 1290/1555/1942 2134/1551/1938 1331/1545/1932
f 1289/1556/1945 2135/1549/1936 2134/1551/1938
f 1288/1557/1946 1333/1552/1939 2135/1549/1936
f 2133/1547/1934 2137/1554/1941 122/1521/1908
f 1332/1550/1937 2137/1554/1941 2133/1547/1934
f 1333/1552/1939 1287/1558/1947 1334/1559/1948
f 1334/1559/1948 1335/1560/1949 2137/1554/1941
f 2137/1554/1941 121/1561/1950 122/1521/1908
f 1287/1558/1947 2139/1564/1953 1334/1559/1948
f 1334/1559/1948 2139/1564/1953 1335/1560/1949
f 1287/1558/1947 1286/1562/1951 2139/1564/1953
f 1286/1562/1951 1285/1565/1954 2138/1563/1952
f 1285/1565/1954 132/1571/1960 1336/1566/1955
f 2138/1563/1952 1336/1566/1955 1337/1567/1956
f 2139/1564/1953 1337/1567/1956 1338/1568/1957
f 1335/1560/1949 1338/1568/1957 121/1561/1950
f 2140/1569/1958 2141/1573/1962 2142/1570/1959
f 1337/1567/1956 2142/1570/1959 1338/1568/1957
f 132/1571/1960 1284/1572/1961 2140/1569/1958
f 1284/1572/1961 1283/1801/2190 2141/1573/1962
f 1283/1801/2190 131/1576/1965 2141/1573/1962
f 1336/1566/1955 2140/1569/1958 1337/1567/1956
f 2143/1574/1963 2144/1578/1967 1340/1171/1503
f 2145/1575/1964 1340/1171/1503 2146/1170/1502
f 131/1576/1965 1282/1577/1966 2143/1574/1963
f 1282/1577/1966 1281/1579/1968 2144/1578/1967
f 1281/1579/1968 130/1160/1493 1339/1168/1500
f 2144/1578/1967 1339/1168/1504 1340/1171/1503
f 1338/1568/1957 2146/1170/1502 1299/1522/1909
f 2142/1570/1959 2145/1575/1964 2146/1170/1502
f 2141/1573/1962 2143/1574/1963 2145/1575/1964
f 469/361/304 116/1580/1969 2149/1581/1970
f 2149/1581/1970 1296/1525/1912 471/1582/1971
f 2147/1586/1975 1275/1583/1972 2148/1585/1974
f 2148/1585/1974 1274/1584/1973 2150/1589/1978
f 116/1580/1969 1276/1587/1976 2147/1586/1975
f 1274/1584/1973 115/1834/2222 1341/1588/1977
f 2150/1589/1978 1341/1588/1977 135/1536/1923
f 2148/1585/1974 2150/1589/1978 1294/1529/1916
f 2149/1581/1970 2148/1585/1974 1295/1527/1914
f 1272/1592/2030 2151/1591/1982 1273/1594/1984
f 1271/1590/1979 2152/1595/1985 2151/1591/1980
f 2151/1591/1982 2154/1596/1986 2153/1593/1983
f 1270/1602/1993 1344/1599/1989 1271/1590/1990
f 1344/1599/1989 1345/1600/1991 2152/1595/1985
f 2152/1595/1985 1288/1557/1946 1289/1556/1945
f 2154/1596/1986 1289/1556/1945 1290/1555/1942
f 2153/1593/1983 1290/1555/1942 133/1543/1944
f 1273/1594/1984 2153/1593/1983 1343/1601/1992
f 1270/1602/1993 113/1609/2000 1346/1603/1994
f 1347/1604/1995 1287/1558/1947 1288/1557/1946
f 1269/1605/1996 1268/1607/1998 2156/1606/1997
f 2156/1606/1997 2155/1608/1999 2157/1613/2004
f 1268/1607/1998 2171/1610/2001 2155/1608/1999
f 2155/1608/1999 112/1611/2002 1348/1612/2003
f 2157/1613/2004 1348/1612/2003 132/1571/1960
f 2156/1606/1997 2157/1613/2004 1285/1565/1954
f 1347/1604/1995 2156/1606/1997 1286/1562/1951
f 1346/1603/1994 1269/1605/1996 1347/1604/1995
f 461/350/295 1264/1614/2005 1351/1615/2006
f 1351/1615/2006 116/1580/1969 1277/362/305
f 2159/1619/2010 2161/1618/2009 2158/1620/2011
f 2160/1617/2008 2162/1625/2016 2161/1618/2009
f 1263/1621/2012 2159/1619/2010 2158/1620/2011
f 1262/1622/2013 2160/1617/2008 2159/1619/2010
f 129/1623/2014 1352/1624/2015 2160/1617/2008
f 1352/1624/2015 1353/1863/2017 2162/1625/2016
f 1353/1626/2017 115/1834/2222 1274/1584/1973
f 2162/1625/2016 1274/1584/1973 1275/1583/1972
f 2161/1618/2009 1275/1583/1972 1276/1587/1976
f 2158/1620/2011 1276/1587/1976 1351/1615/2006
f 2163/1627/2018 2164/1630/2021 2166/1628/2019
f 2164/1630/2021 1356/1636/2028 2167/1631/2022
f 127/1632/2024 1258/1634/2026 2163/1627/2018
f 1258/1634/2026 1257/1635/2027 2164/1630/2021
f 1257/1635/2027 1256/1640/2033 1356/1636/2028
f 2167/1631/2022 1357/1637/2029 1358/1639/2032
f 2167/1631/2022 1358/1639/2032 1270/1602/1993
f 2166/1628/2023 2167/1631/2022 1271/1590/1979
f 2165/1629/2020 2166/1628/2019 1272/1592/2030
f 1355/1598/1988 2165/1629/2020 1273/1594/1984
f 1354/1633/2025 2163/1627/2018 2165/1629/2020
f 1357/1637/2029 1360/1638/2031 1358/1639/2032
f 1360/1638/2031 113/1609/2000 1270/1602/1993
f 1256/1640/2033 1255/1646/2039 1359/1641/2034
f 2168/1644/2037 2170/1643/2036 1359/1641/2034
f 2169/1642/2035 2171/1610/2001 2170/1643/2036
f 1254/1645/2038 2168/1644/2037 1359/1641/2034
f 1253/1647/2040 2169/1642/2035 2168/1644/2037
f 126/1648/2041 1361/1649/2042 2169/1642/2035
f 1361/1649/2042 1362/1877/2257 2171/1610/2001
f 1362/1877/2257 112/1611/2002 2171/1610/2001
f 2170/1643/2036 1268/1607/1998 1269/1605/1996
f 1360/1638/2031 1269/1605/1996 113/1609/2000
f 1245/338/286 1244/1650/2043 454/337/285
f 454/337/285 1365/1651/2044 1366/1652/2045
f 1366/1652/2045 1264/1614/2005 1265/351/296
f 1365/1651/2044 2172/1654/2047 1366/1652/2045
f 1244/1650/2043 1367/1653/2046 1365/1651/2044
f 1367/1653/2046 1368/1655/2048 2172/1654/2047
f 1368/1655/2048 1369/1657/2050 2173/1656/2049
f 1369/1657/2050 129/1623/2014 1262/1622/2013
f 2173/1656/2049 1262/1622/2013 1263/1621/2012
f 2172/1654/2047 1263/1621/2012 1264/1614/2005
f 1367/1653/2046 2175/1658/2051 2174/1660/2053
f 2175/1658/2051 2177/1661/2054 2176/1659/2052
f 2177/1661/2054 128/1671/2065 1261/1662/2055
f 2176/1659/2052 1261/1662/2055 129/1623/2014
f 2174/1660/2053 2176/1659/2052 1369/1657/2050
f 1367/1653/2046 2174/1660/2053 1368/1655/2048
f 2179/1665/2058 2181/1667/2060 2180/1669/2063
f 1244/1650/2043 2178/1664/2057 1367/1653/2046
f 2178/1664/2057 1370/1674/2068 2179/1665/2058
f 2179/1665/2058 1370/1674/2068 1371/1666/2059
f 2181/1667/2060 1371/1666/2059 127/1632/2061
f 2180/1669/2063 2181/1667/2060 1259/1668/2062
f 2180/1669/2063 1260/1670/2064 128/1671/2065
f 2179/1665/2058 2180/1669/2063 2177/1661/2054
f 2178/1664/2057 2179/1665/2058 2175/1658/2051
f 1370/1674/2068 2183/1673/2067 2185/1675/2069
f 104/1663/2056 2182/1672/2066 2178/1664/2057
f 2185/1675/2069 1372/1677/2071 1256/1640/2033
f 2184/1676/2070 2185/1675/2069 1257/1635/2027
f 1371/1666/2059 2184/1676/2070 1258/1634/2026
f 2178/1664/2057 2182/1672/2066 1370/1674/2068
f 104/1663/2056 103/1678/2073 2182/1672/2066
f 2182/1672/2066 1373/1679/2074 1374/1680/2075
f 1374/1680/2075 1255/1646/2039 1372/1677/2071
f 1373/1679/2074 2186/1682/2077 1374/1680/2075
f 1374/1680/2075 2186/1682/2077 1255/1646/2039
f 103/1678/2073 1375/1681/2076 1373/1679/2074
f 1375/1681/2076 1376/1683/2078 2186/1682/2077
f 1376/1683/2078 1377/1685/2080 2187/1684/2079
f 1377/1685/2080 126/1648/2041 1253/1647/2040
f 2187/1684/2079 1253/1647/2040 1254/1645/2038
f 2186/1682/2077 1254/1645/2038 1255/1646/2039
f 1375/1681/2076 2188/1686/2081 1376/1683/2078
f 2188/1686/2081 2190/1688/2083 2189/1687/2082
f 2190/1688/2083 125/2333/2091 1251/2334/2146
f 2190/1688/2083 1251/2334/2146 1252/1689/2084
f 2189/1687/2082 1252/1689/2084 126/1648/2041
f 1376/1683/2078 2189/1687/2082 1377/1685/2080
f 2191/1140/1471 1378/1139/1469 2192/1691/2086
f 1378/1139/1469 2194/1694/2089 2193/1690/2085
f 1382/1692/2087 2191/1140/1471 1375/1681/2076
f 1378/1139/1469 1379/1137/1470 2194/1694/2089
f 1379/1137/1467 124/1138/1468 1249/1693/2088
f 2194/1694/2089 1249/1693/2088 1250/1695/2090
f 2193/1690/2085 1250/1695/2090 125/1696/2091
f 2192/1691/2086 2193/1690/2085 2190/1688/2083
f 2191/1140/1471 2192/1691/2086 2188/1686/2081
f 448/1698/2093 1244/1650/2043 1245/338/286
f 448/1698/2093 104/1663/2056 1244/1650/2043
f 102/329/279 1242/1120/1450 447/328/278
f 447/328/278 1381/1125/1455 1380/1124/1454
f 1380/1124/1454 1382/1692/2087 448/1698/2093
f 1382/1692/2087 103/1678/2073 104/1663/2056
f 2196/1699/2094 1383/1121/1451 442/321/273
f 1383/1121/1451 1242/1120/1450 102/329/279
f 441/319/271 1384/1118/1448 2196/1699/2094
f 1240/320/272 1239/1113/1443 441/319/271
f 2197/1700/2095 1386/1114/1444 435/310/264
f 1237/307/261 1236/1105/1435 434/306/260
f 434/306/260 1388/1107/1437 1387/1109/1439
f 1386/1114/1444 1239/1113/1443 1240/320/272
f 429/299/255 1236/1105/1435 1237/307/261
f 428/297/253 2199/1103/1433 2198/1701/2096
f 1234/298/254 1233/1097/1427 2199/1103/1433
f 1389/1101/1431 1390/1106/1436 429/299/255
f 1231/283/242 1230/1089/1419 420/282/241
f 420/282/241 1391/1095/1425 1393/1093/1423
f 421/284/243 1233/1097/1427 1234/298/254
f 1393/1093/1423 1392/1098/1428 421/284/243
f 415/1704/2099 1230/1089/1419 1231/283/242
f 1228/274/235 1227/1081/1412 2202/1086/1417
f 414/273/234 2202/1086/1417 2201/1703/2098
f 2201/1703/2098 1395/1090/1420 415/1704/2099
f 1396/1075/1406 1397/1082/1413 408/1706/2101
f 1397/1082/1413 1227/1081/1412 1228/274/235
f 2203/1705/2100 1398/1077/1408 1396/1075/1406
f 1225/265/228 1224/1076/1407 1398/1077/1408
f 101/252/218 1222/1065/1396 401/251/217
f 402/253/219 1224/1076/1407 1225/265/228
f 2205/1707/2102 1400/1068/1399 402/253/219
f 401/251/217 1401/1070/1401 1399/1069/1400
f 100/243/211 1220/1057/1388 394/242/210
f 395/1709/2104 1222/1065/1396 101/252/218
f 394/242/210 1403/1062/1393 1402/1061/1392
f 1402/1061/1392 1404/1066/1397 395/1709/2104
f 2207/1710/2105 1405/1058/1389 389/235/205
f 1218/234/204 1217/1050/1381 388/233/203
f 1405/1058/1389 1220/1057/1388 100/243/211
f 388/233/203 1406/1055/1386 2207/1710/2105
f 382/224/196 1217/1050/1381 1218/234/204
f 1215/221/193 1214/1042/1373 381/220/192
f 381/220/192 1410/1044/1375 1409/1046/1377
f 1409/1046/1377 1408/1051/1382 382/224/196
f 376/213/187 1214/1042/1373 1215/221/193
f 375/211/185 2210/1040/1371 2209/1712/2107
f 1411/1038/1369 1412/1043/1374 376/213/187
f 1212/212/186 1211/1034/1365 2210/1040/1371
f 1209/196/173 1208/1026/1357 368/195/172
f 368/195/172 1413/1032/1363 1415/1030/1361
f 369/197/174 1211/1034/1365 1212/212/186
f 1415/1030/1361 1414/1035/1366 369/197/174
f 1206/188/167 1205/1018/1349 362/187/166
f 363/1715/2110 1208/1026/1357 1209/196/173
f 362/187/166 2213/1023/1354 1417/1022/1353
f 1417/1022/1353 1416/1027/1358 363/1715/2110
f 356/1717/2112 1205/1018/1349 1206/188/167
f 1418/1013/1344 1419/1019/1350 356/1717/2112
f 2214/1716/2111 1420/1015/1346 1418/1013/1344
f 1203/179/160 1202/1014/1345 1420/1015/1346
f 99/166/150 1200/1003/1334 350/165/149
f 351/167/151 1202/1014/1345 1203/179/160
f 2216/1718/2113 1422/1006/1337 351/167/151
f 350/165/149 1423/1008/1339 1421/1007/1338
f 98/156/142 1198/995/1326 343/155/141
f 344/1720/2115 1200/1003/1334 99/166/150
f 343/155/141 1425/1000/1331 1424/999/1330
f 1424/999/1330 1426/1004/1335 344/1720/2115
f 2218/1721/2116 1427/996/1327 338/149/137
f 97/148/136 1196/988/1319 337/147/135
f 1427/996/1327 1198/995/1326 98/156/142
f 337/147/135 1428/993/1324 2218/1721/2116
f 2219/1722/2117 1430/989/1320 331/138/128
f 1194/135/125 1193/980/1311 330/134/124
f 331/138/128 1196/988/1319 97/148/136
f 330/134/124 1432/982/1313 1431/984/1315
f 325/127/119 1193/980/1311 1194/135/125
f 324/125/117 2221/978/1309 2220/1723/2118
f 1191/126/118 1190/972/1303 2221/978/1309
f 1433/976/1307 1434/981/1312 325/127/119
f 1187/115/109 1186/1725/1290 2222/1724/2119
f 318/116/110 1190/972/1303 1191/126/118
f 1435/969/1300 1436/973/1304 318/116/110
f 2222/1724/2119 1437/971/1302 1435/969/1300
f 15/441/368 1188/964/1296 517/440/367
f 1438/962/1294 1439/963/1295 518/442/369
f 1439/963/1295 96/2330/1285 14/1727/96
f 517/440/367 1440/965/1297 1438/962/1294
f 2225/1728/2121 1443/959/1291 312/101/97
f 1443/959/1291 1186/1725/1290 1187/115/109
f 311/98/94 1442/954/1286 1441/952/1284
f 14/100/96 96/953/1285 1442/954/1286
f 1486/1740/2133 1487/1733/2126 2226/1729/2122
f 2226/1729/2122 2229/1734/2127 2228/1732/2125
f 1487/1733/2126 1488/1741/2134 2229/1734/2127
f 1445/1738/2131 2226/1729/2122 1444/1731/2124
f 1446/1737/2130 1486/1740/2133 2226/1729/2122
f 1488/1741/2134 125/1696/2091 1250/1695/2090
f 2229/1734/2127 1250/1695/2090 1249/1742/2088
f 2228/1732/2125 1249/1742/2088 124/1138/1468
f 2227/1730/2123 2228/1732/2125 1484/1743/2135
f 1444/1731/2124 2227/1730/2123 1485/1735/2128
f 2231/1744/2136 2234/1752/2144 2233/1747/2139
f 106/1739/2132 2230/1746/2138 1486/1740/2133
f 1448/1749/2141 2231/1744/2136 2230/1746/2138
f 107/1750/2142 1489/1751/2143 2231/1744/2136
f 1489/1751/2143 1490/1753/2145 2234/1752/2144
f 1490/1753/2145 126/1648/2041 1252/1754/2084
f 2234/1752/2144 1252/1754/2084 1251/1755/2146
f 2233/1747/2139 1251/1755/2146 125/2333/2091
f 2232/1745/2137 2233/1747/2139 1488/1741/2134
f 2230/1746/2138 2232/1745/2137 1487/1733/2126
f 2236/1756/2147 2238/1760/2151 2237/1757/2148
f 1449/1761/2152 2235/1758/2149 1492/1762/2153
f 1450/1764/2155 2236/1756/2147 2235/1758/2149
f 1451/1765/2156 1493/1759/2150 2236/1756/2147
f 2238/1760/2151 128/1671/2065 1260/1670/2064
f 2238/1760/2151 1260/1670/2064 1259/1767/2062
f 1491/1768/2158 2237/1757/2148 1259/1767/2062
f 2235/1758/2149 2237/1757/2148 1491/1768/2158
f 2240/1769/2159 2243/1778/2168 2242/1772/2162
f 1452/1773/2163 2239/1771/2161 1493/1759/2150
f 1454/1775/2165 2240/1769/2159 2239/1771/2161
f 110/1776/2166 1494/1777/2167 2240/1769/2159
f 1494/1777/2167 1495/1779/2169 2243/1778/2168
f 1495/1779/2169 129/1623/2014 1261/1780/2055
f 2243/1778/2168 1261/1780/2055 128/1671/2065
f 2241/1770/2160 2242/1772/2162 2238/1760/2151
f 2239/1771/2161 2241/1770/2160 1493/1759/2150
f 2245/1781/2170 1455/1788/2177 2246/1790/2179
f 2244/1785/2174 2245/1781/2170 2247/1783/2172
f 2245/1781/2170 2246/1790/2179 2248/1782/2171
f 1457/1784/2173 1456/1787/2176 2245/1781/2170
f 1455/1788/2177 117/1858/2242 1499/1789/2178
f 2248/1782/2171 1499/1789/2178 130/1160/1493
f 2247/1783/2172 2248/1782/2171 1281/1579/1968
f 1496/1791/2180 2247/1783/2172 1282/1577/1966
f 1497/1792/2181 2244/1785/2174 2247/1783/2172
f 2250/1796/2185 1498/1786/2175 1497/1792/2181
f 2249/1793/2182 2250/1796/2185 2252/1794/2183
f 2250/1796/2185 1497/1792/2181 1496/1791/2180
f 1473/1797/2186 1459/1799/2188 2249/1793/2182
f 1459/1799/2188 1458/1800/2189 2250/1796/2185
f 2252/1794/2183 1496/1791/2180 131/1576/1965
f 2251/1795/2184 2252/1794/2183 1283/1801/2190
f 1500/1802/2191 2251/1795/2184 1284/1572/1961
f 1501/1803/2192 2249/1793/2182 2251/1795/2184
f 2255/1806/2195 2254/1805/2194 2257/1807/2196
f 119/1809/2198 1462/1915/2761 2253/1804/2193
f 1462/1915/2761 1461/1811/2200 2253/1804/2193
f 1461/1811/2200 1460/1812/2201 2254/1805/2194
f 1460/1812/2201 118/1838/2226 1504/1813/2202
f 2254/1805/2194 1504/1813/2202 1505/1814/2203
f 1505/1814/2203 133/1543/1930 1291/1541/1928
f 2256/1808/2197 2257/1807/2196 1291/1541/1928
f 2261/1815/2204 2256/1808/2197 1292/1542/1929
f 1503/1810/2199 2255/1806/2195 2256/1808/2197
f 1503/1810/2199 2253/1804/2193 2255/1806/2195
f 2258/1816/2205 2259/1821/2210 2261/1815/2204
f 2259/1821/2210 1503/1810/2199 2261/1815/2204
f 120/1818/2207 1465/1820/2209 2258/1816/2205
f 1465/1820/2209 1464/1822/2211 2259/1821/2210
f 1464/1822/2211 1463/1910/2762 1503/1810/2199
f 1463/1910/2762 119/1809/2198 1503/1810/2199
f 2260/1817/2206 2261/1815/2204 134/1539/1926
f 1506/1823/2212 2260/1817/2206 1293/1537/1924
f 1507/1819/2208 2258/1816/2205 2260/1817/2206
f 2263/1824/2213 2264/1832/2221 1508/1825/2214
f 1466/1827/2216 2262/1826/2215 1509/1828/2217
f 1468/1831/2220 2263/1824/2213 2262/1826/2215
f 120/1818/2207 1507/1819/2208 2263/1824/2213
f 1507/1819/2208 1506/1823/2212 2264/1832/2221
f 1506/1823/2212 135/1536/1923 1341/1833/1977
f 2264/1832/2221 1341/1833/1977 115/1834/2222
f 2265/1835/2223 2266/1840/2228 2268/1836/2224
f 118/1838/2226 1471/1839/2227 2265/1835/2223
f 1471/1839/2227 1470/2335/2763 2266/1840/2228
f 1470/2335/2763 1469/1921/2764 2266/1840/2228
f 1469/1921/2764 114/1868/2250 2266/1840/2228
f 2268/1836/2224 1510/1841/2229 1355/1598/1988
f 2267/1837/2225 2268/1836/2224 1342/1597/1987
f 1505/1814/2203 2267/1837/2225 1343/1842/1992
f 1504/1813/2202 2265/1835/2223 2267/1837/2225
f 1502/1798/2187 2271/1845/2232 2270/1843/2230
f 2271/1845/2232 2272/1851/2237 1511/1846/2233
f 1472/1847/2234 2269/1844/2231 2283/1848/2235
f 1473/1850/2186 1502/1798/2187 2269/1844/2231
f 1502/1798/2187 1501/1803/2192 2271/1845/2232
f 1501/1803/2192 1500/1802/2191 2272/1851/2237
f 1500/1802/2191 132/1571/1960 1348/1852/2003
f 2272/1851/2237 1348/1852/2003 112/1611/2002
f 2269/1844/2231 2270/1843/2230 2284/1853/2238
f 1474/1854/2239 2273/1883/2262 2275/1855/2240
f 1474/1854/2239 111/1884/2263 2273/1883/2262
f 2275/1855/2240 1512/1880/2259 1364/1150/1483
f 2274/1856/2241 2275/1855/2240 1349/1162/1489
f 1499/1789/2178 2274/1856/2241 1350/1857/1494
f 117/1858/2242 1474/1854/2239 2274/1856/2241
f 2276/1859/2243 1509/1828/2217 2278/1860/2244
f 110/1776/2166 1475/1862/2246 2276/1859/2243
f 1475/1862/2246 1476/2336/2765 1509/1828/2217
f 1476/2336/2765 1477/1897/2766 1509/1828/2217
f 1477/1897/2766 136/1829/2218 1509/1828/2217
f 2278/1860/2244 1508/1825/2214 115/1834/2222
f 2277/1861/2245 2278/1860/2244 1353/1863/2017
f 1495/1779/2169 2277/1861/2245 1352/1864/2015
f 1494/1777/2167 2276/1859/2243 2277/1861/2245
f 2280/1865/2247 2281/1871/2253 1510/1841/2229
f 1480/1867/2249 2279/1866/2248 2266/1840/2228
f 1478/1870/2252 2280/1865/2247 2279/1866/2248
f 108/1763/2154 1492/1762/2153 2280/1865/2247
f 1492/1762/2153 1491/1768/2158 2281/1871/2253
f 1491/1768/2158 127/1632/2024 1354/1872/2025
f 2281/1871/2253 1354/1872/2025 1355/1598/1988
f 2282/1873/2254 2283/1848/2235 2284/1853/2238
f 2282/1873/2254 2284/1853/2238 2286/1874/2255
f 107/1876/2142 1481/1849/2236 2283/1848/2235
f 2286/1874/2255 1511/1846/2233 112/1611/2002
f 2285/1875/2256 2286/1874/2255 1362/1877/2257
f 1490/1753/2145 2285/1875/2256 1361/1878/2042
f 1489/1751/2143 2282/1873/2254 2285/1875/2256
f 1482/1879/2258 2288/1886/2264 1512/1880/2259
f 1483/1882/2261 2287/1881/2260 2273/1883/2262
f 105/1736/2129 1485/1735/2128 1482/1879/2258
f 1485/1735/2128 1484/1743/2135 2288/1886/2264
f 1484/1743/2135 124/1138/1468 1363/1887/1478
f 2288/1886/2264 1363/1887/1478 1364/1150/1483
f 1453/1774/2268 2289/1889/2270 1524/1888/2266
f 1454/1775/2269 2290/1891/2272 2289/1889/2270
f 1454/1775/2269 110/1776/2276 1513/1890/2271
f 1513/1890/2271 1514/1892/2273 2290/1891/2272
f 2290/1891/2272 1610/1893/2274 1609/1894/2275
f 2289/1889/2270 1609/1894/2275 1524/1888/2266
f 2291/1895/2277 2292/1896/2279 2293/1900/2283
f 110/1776/2276 1475/1862/2278 2291/1895/2277
f 1475/1862/2278 1476/2336/2767 2292/1896/2279
f 1476/2336/2767 1477/1897/2280 2292/1896/2279
f 1477/1897/2280 136/1829/2288 1515/1898/2281
f 2292/1896/2279 1515/1898/2281 1516/1899/2282
f 2293/1900/2283 1516/1899/2282 144/1901/2284
f 1514/1892/2273 2293/1900/2283 1635/1902/2285
f 1513/1890/2271 2291/1895/2277 2293/1900/2283
f 2294/1903/2286 1518/1905/2293 1516/1899/2282
f 1468/1831/2290 2294/1903/2286 1515/1898/2281
f 120/1818/2291 1517/1904/2292 2294/1903/2286
f 1518/1905/2293 1652/2027/2303 144/1906/2284
f 1465/1820/2294 2295/1908/2296 1517/1904/2292
f 1465/1820/2294 1464/1822/2297 2296/1907/2295
f 1464/1822/2297 1463/1910/2299 1665/1909/2298
f 1463/1910/2299 119/1809/2768 1689/1911/2300
f 2295/1908/2296 2296/1907/2295 1664/1912/2301
f 1518/1905/2293 2295/1908/2296 1663/1913/2302
f 119/1809/2768 1462/1915/2304 1689/1911/2300
f 1462/1915/2304 1461/1811/2306 2297/1916/2305
f 1461/1811/2306 1460/1812/2308 2298/1917/2307
f 1460/1812/2308 118/1838/2310 1519/1918/2309
f 2298/1917/2307 1519/1918/2309 1520/1923/2316
f 2299/1919/2311 1522/1920/2313 1705/1928/2326
f 118/1838/2310 1471/1839/2312 2299/1919/2311
f 1471/1839/2312 1470/2335/2769 1522/1920/2313
f 1470/2335/2769 1469/1921/2314 1522/1920/2313
f 1469/1921/2314 114/1868/2318 1521/1922/2315
f 1478/1870/2320 2300/1924/2322 1521/1922/2315
f 108/1763/2321 1523/1925/2323 2300/1924/2322
f 1523/1925/2323 1608/1933/2336 1729/1926/2324
f 2300/1924/2322 1729/1926/2324 1728/1927/2325
f 1521/1922/2315 1728/1927/2325 1705/1928/2326
f 2302/1931/2329 1748/1930/2328 2301/1932/2332
f 1449/1761/2330 2301/1932/2335 1523/1925/2323
f 1450/1764/2331 2302/1931/2329 2301/1932/2332
f 1451/1765/2334 2303/1929/2327 2302/1931/2329
f 109/1766/2267 1524/1888/2266 2303/1929/2327
f 1609/1894/2275 2304/1935/2338 1525/1934/2337
f 1610/1893/2274 2305/1937/2340 2304/1935/2338
f 2305/1937/2340 2306/1939/2342 2304/1935/2338
f 1514/1892/2273 1543/1936/2339 1610/1893/2274
f 1543/1936/2339 1542/1991/2394 2305/1937/2340
f 2305/1937/2340 1542/1991/2394 1541/1938/2341
f 2306/1939/2342 1541/1938/2341 1540/1940/2343
f 2304/1935/2338 2306/1939/2342 1612/1941/2344
f 1525/1934/2337 2304/1935/2338 1611/1942/2345
f 1526/1943/2346 1611/1942/2345 1614/1944/2347
f 1611/1942/2345 1612/1941/2344 2307/1946/2349
f 1612/1941/2344 1540/1940/2343 1539/1947/2350
f 2307/1946/2349 1539/1947/2350 1538/1948/2351
f 1614/1944/2347 2307/1946/2349 1615/1949/2352
f 1613/1945/2348 1614/1944/2347 1617/1951/2354
f 1614/1944/2347 1615/1949/2352 1618/1953/2356
f 1615/1949/2352 1538/1948/2351 1537/1954/2357
f 137/1950/2353 1613/1945/2348 1616/1952/2355
f 1616/1952/2355 1617/1951/2354 1619/1956/2359
f 1617/1951/2354 1618/1953/2356 1620/1955/2358
f 1618/1953/2356 1537/1954/2357 1536/1957/2360
f 1616/1952/2355 1619/1956/2359 1622/1959/2362
f 1619/1956/2359 1620/1955/2358 1623/1958/2361
f 1620/1955/2358 1536/1957/2360 1535/1961/2364
f 137/1950/2353 1616/1952/2355 1621/1960/2363
f 1621/1960/2363 1622/1959/2362 1624/1964/2367
f 1622/1959/2362 1623/1958/2361 1625/1963/2366
f 1623/1958/2361 1535/1961/2364 1534/1965/2368
f 1621/1960/2363 1624/1964/2367 1627/1966/2369
f 1624/1964/2367 1625/1963/2366 1628/1968/2371
f 1625/1963/2366 1534/1965/2368 140/1969/2372
f 1527/1962/2365 1621/1960/2363 1626/1967/2370
f 1626/1967/2370 1627/1966/2369 1630/1971/2374
f 1627/1966/2369 2308/1975/2378 1631/1973/2376
f 1627/1966/2369 1628/1968/2371 2308/1975/2378
f 1628/1968/2371 140/1969/2372 1533/1974/2377
f 2308/1975/2378 1533/1974/2377 139/1976/2379
f 1528/1970/2373 1626/1967/2370 1629/1972/2375
f 2309/1978/2381 1633/1981/2384 1632/1979/2382
f 2310/1980/2383 1634/1984/2387 1633/1981/2384
f 1630/1971/2374 2309/1978/2381 1629/1972/2375
f 1630/1971/2374 1631/1973/2376 2310/1980/2383
f 1631/1973/2376 139/1976/2379 1532/1982/2385
f 2310/1980/2383 1532/1982/2385 138/1983/2386
f 1629/1972/2375 1632/1979/2382 1768/1985/2388
f 2311/1986/2389 1447/1748/2140 106/1739/2132
f 2312/1987/2390 1448/1749/2141 1447/1748/2140
f 1633/1981/2384 2311/1986/2389 1632/1979/2382
f 1634/1984/2387 2312/1987/2390 2311/1986/2389
f 1634/1984/2387 138/1983/2386 1531/1988/2391
f 1531/1988/2391 1530/1989/2392 2312/1987/2390
f 1530/1989/2392 1529/2025/2429 1448/1749/2141
f 1529/2025/2429 107/1750/2142 1448/1749/2141
f 1632/1979/2382 106/1739/2132 1446/1737/2130
f 1543/1936/2339 2313/1993/2396 2314/1990/2393
f 1542/1991/2394 2314/1990/2393 2315/1992/2395
f 1514/1892/2273 1635/1902/2285 1543/1936/2339
f 1635/1902/2285 144/1901/2284 2313/1993/2396
f 1541/1938/2341 2315/1992/2395 1636/1994/2397
f 1540/1940/2343 1636/1994/2397 2316/2035/2438
f 1539/1947/2350 2318/1995/2398 1637/1997/2400
f 1539/1947/2350 2317/1998/2401 2318/1995/2398
f 1540/1940/2343 2316/2035/2438 2317/1998/2401
f 1637/1997/2400 1638/1996/2399 2320/1999/2402
f 2319/2000/2403 2320/1999/2402 1640/2001/2404
f 1537/1954/2357 2319/2000/2403 1639/2002/2405
f 1538/1948/2351 1637/1997/2400 2319/2000/2403
f 1639/2002/2405 1640/2001/2404 1642/2003/2406
f 1537/1954/2357 1639/2002/2405 1641/2004/2407
f 1641/2004/2407 1642/2003/2406 1644/2005/2408
f 1642/2003/2406 1550/2050/2453 1549/2007/2410
f 1536/1957/2360 1641/2004/2407 1643/2006/2409
f 1643/2006/2409 1644/2005/2408 1646/2008/2411
f 1644/2005/2408 1549/2007/2410 143/2010/2413
f 1535/1961/2364 1643/2006/2409 1645/2009/2412
f 1645/2009/2412 1646/2008/2411 1647/2012/2415
f 1646/2008/2411 143/2010/2413 1548/2054/2457
f 1646/2008/2411 1548/2054/2457 142/2011/2414
f 1534/1965/2368 1645/2009/2412 1647/2012/2415
f 140/1969/2372 1647/2012/2415 2321/2013/2416
f 1647/2012/2415 142/2011/2414 1547/2016/2419
f 2321/2013/2416 1547/2016/2419 1546/2017/2420
f 1649/2014/2417 1546/2017/2420 141/2060/2463
f 1533/1974/2377 2321/2013/2416 1648/2015/2418
f 2322/2018/2421 2323/2021/2425 1651/2019/2422
f 139/1976/2379 1648/2015/2418 2322/2018/2424
f 1648/2015/2418 1649/2014/2417 2323/2021/2425
f 1649/2014/2417 141/2060/2463 1545/2022/2426
f 2323/2021/2425 1545/2022/2426 1544/2062/2465
f 2323/2021/2425 1544/2062/2465 1651/2019/2422
f 1532/1982/2385 2322/2018/2421 1650/2020/2423
f 1531/1988/2391 2324/2026/2430 2325/2023/2427
f 1530/1989/2392 2325/2023/2427 2326/2024/2428
f 138/1983/2386 1650/2020/2423 1531/1988/2391
f 1650/2020/2423 1651/2019/2422 2324/2026/2430
f 1529/2025/2429 2326/2024/2428 1481/1849/2236
f 144/1901/2284 2327/2028/2431 2313/1993/2396
f 1652/1914/2303 1566/2029/2432 2327/2028/2431
f 1566/2029/2432 1565/2031/2434 2328/2030/2433
f 1565/2031/2434 1564/2033/2436 2329/2032/2435
f 1564/2033/2436 1563/2036/2439 1653/2034/2437
f 2329/2032/2435 1653/2034/2437 1636/1994/2397
f 2328/2030/2433 2329/2032/2435 2315/1992/2395
f 2327/2028/2431 2328/2030/2433 2314/1990/2393
f 1653/2034/2437 2330/2037/2440 2316/2035/2438
f 1563/2036/2439 1562/2039/2442 2331/2038/2441
f 1562/2039/2442 1561/2044/2447 1655/2041/2444
f 2332/2040/2443 1655/2041/2444 1654/2043/2446
f 2332/2040/2443 1654/2043/2446 1638/1996/2399
f 2331/2038/2441 2332/2040/2443 2318/1995/2398
f 2330/2037/2440 2331/2038/2441 2317/1998/2401
f 1655/2041/2444 2334/2045/2448 2333/2042/2445
f 1561/2044/2447 1560/2046/2449 2334/2045/2448
f 1560/2046/2449 1559/2048/2451 1656/2047/2450
f 2333/2042/2445 1656/2047/2450 1640/2001/2404
f 1654/2043/2446 2333/2042/2445 2320/1999/2402
f 1656/2047/2450 1657/2049/2452 1550/2050/2453
f 1656/2047/2450 1550/2050/2453 1642/2003/2406
f 1657/2049/2452 1658/2052/2455 1549/2007/2410
f 1559/2048/2451 1558/2051/2454 1657/2049/2452
f 1658/2052/2455 1659/2053/2456 143/2010/2413
f 1558/2051/2454 1557/2055/2458 1659/2053/2456
f 1659/2053/2456 1660/2056/2459 142/2011/2414
f 1557/2055/2458 146/2058/2461 1660/2056/2459
f 2335/2057/2460 141/2060/2463 1546/2017/2420
f 1660/2056/2459 2335/2057/2460 1547/2016/2419
f 146/2058/2461 1556/2059/2462 2335/2057/2460
f 1556/2059/2462 145/2064/2467 141/2060/2463
f 2336/2061/2464 1662/2066/2469 1661/2063/2466
f 141/2060/2463 2336/2061/2464 1545/2022/2426
f 145/2064/2467 1555/2108/2512 2336/2061/2464
f 1555/2108/2512 1554/2065/2468 2336/2061/2464
f 1554/2065/2468 1553/2071/2474 1662/2066/2469
f 1544/2062/2465 1661/2063/2466 1651/2019/2422
f 2337/2070/2473 1552/2067/2470 2338/2069/2472
f 1552/2067/2470 1551/2072/2475 2339/2068/2471
f 1661/2063/2466 2337/2070/2473 2324/2026/2430
f 1551/2072/2475 1473/1850/2186 1472/1847/2234
f 2339/2068/2471 1472/1847/2234 1481/1849/2236
f 2338/2069/2472 2339/2068/2471 2326/2024/2428
f 2337/2070/2473 2338/2069/2472 2325/2023/2427
f 1663/1913/2302 1664/1912/2301 2341/2073/2476
f 1664/1912/2301 1665/1909/2298 1668/2075/2478
f 1665/1909/2298 1689/1911/2300 1668/2075/2478
f 2341/2073/2476 1667/2077/2480 1666/2078/2481
f 2342/2076/2479 1666/2078/2481 1563/2036/2439
f 2340/2074/2477 2342/2076/2479 1564/2033/2436
f 1566/2029/2432 1663/1913/2302 2340/2074/2477
f 1667/2077/2480 1670/2080/2483 2343/2079/2482
f 1668/2075/2478 1671/2083/2486 1670/2080/2483
f 1668/2075/2478 1570/2085/2488 1671/2083/2486
f 2343/2079/2482 1669/2081/2484 1561/2044/2447
f 1666/2078/2481 2343/2079/2482 1562/2039/2442
f 1670/2080/2483 1673/2084/2487 2344/2082/2485
f 1671/2083/2486 1674/2086/2489 1673/2084/2487
f 1570/2085/2488 1569/2091/2494 1674/2086/2489
f 2344/2082/2485 1672/2087/2490 1559/2048/2451
f 1669/2081/2484 2344/2082/2485 1560/2046/2449
f 1673/2084/2487 1675/2088/2491 1672/2087/2490
f 1675/2088/2491 1677/2090/2493 1676/2089/2492
f 1674/2086/2489 1678/2092/2495 1677/2090/2493
f 1569/2091/2494 1568/2097/2500 1678/2092/2495
f 1672/2087/2490 1676/2089/2492 1558/2051/2454
f 1677/2090/2493 1680/2094/2497 1679/2093/2496
f 1676/2089/2492 1679/2093/2496 1557/2055/2458
f 1680/2094/2497 1682/2096/2499 1681/2095/2498
f 1678/2092/2495 1683/2098/2501 1682/2096/2499
f 1679/2093/2496 1681/2095/2498 146/2058/2461
f 1681/2095/2498 2345/2101/2504 1556/2059/2462
f 1682/2096/2499 2346/2099/2502 2345/2101/2504
f 1683/2098/2501 1686/2103/2506 1685/2104/2507
f 2346/2099/2502 1685/2104/2507 1684/2100/2503
f 2345/2101/2504 1684/2100/2511 145/2064/2467
f 2347/2106/2509 1685/2104/2507 2348/2105/2508
f 1684/2100/2511 2347/2106/2517 1555/2108/2512
f 1686/2103/2506 148/2102/2505 147/2109/2513
f 2348/2105/2508 1686/2103/2506 1567/2110/2514
f 1687/2107/2510 2348/2105/2508 1688/2111/2515
f 2347/2106/2517 1687/2107/2516 1554/2065/2468
f 2349/2112/2518 1688/2111/2515 2350/2113/2519
f 1688/2111/2515 1567/2110/2514 2350/2113/2519
f 2349/2112/2518 2350/2113/2519 1458/1800/2189
f 1687/2107/2516 2349/2112/2518 1553/2071/2474
f 2350/2113/2519 1567/2110/2514 1457/1784/2173
f 1458/1800/2189 2350/2113/2519 1498/1786/2770
f 1552/2067/2470 2349/2112/2518 1459/1799/2188
f 2351/2114/2520 2352/2116/2522 2354/2118/2524
f 1689/1911/2300 2297/1916/2305 2351/2114/2520
f 2297/1916/2305 2298/1917/2307 2352/2116/2522
f 2298/1917/2307 1520/1923/2316 1584/2117/2523
f 2354/2118/2524 1584/2117/2523 1583/2156/2563
f 2354/2118/2524 1583/2156/2563 1582/2119/2525
f 2351/2114/2520 2354/2118/2524 1691/2120/2526
f 2353/2115/2521 2351/2114/2520 1690/2121/2527
f 1668/2075/2478 2353/2115/2521 1570/2085/2488
f 1691/2120/2526 1692/2122/2528 1690/2121/2527
f 1582/2119/2525 1581/2124/2530 1692/2122/2528
f 1690/2121/2527 1693/2123/2529 1569/2091/2494
f 1692/2122/2528 1694/2125/2531 1693/2123/2529
f 1581/2124/2530 1580/2167/2574 1694/2125/2531
f 1580/2167/2574 1579/2127/2533 1694/2125/2531
f 1693/2123/2529 1695/2126/2532 1568/2097/2500
f 1694/2125/2531 1696/2128/2534 1695/2126/2532
f 1579/2127/2533 1578/2129/2535 1696/2128/2534
f 1696/2128/2534 1697/2130/2536 1695/2126/2532
f 1578/2129/2535 1577/2132/2538 1697/2130/2536
f 1695/2126/2532 1698/2131/2537 148/2102/2505
f 1697/2130/2536 1699/2133/2539 1698/2131/2537
f 1577/2132/2538 151/2135/2541 1699/2133/2539
f 1568/2097/2500 148/2102/2505 1683/2098/2501
f 2356/2136/2542 1701/2138/2544 2355/2134/2540
f 1698/2131/2537 2355/2134/2540 148/2102/2505
f 1699/2133/2539 2356/2136/2542 2355/2134/2540
f 151/2135/2541 1576/2137/2543 2356/2136/2542
f 1576/2137/2543 150/2188/2595 1701/2138/2544
f 2355/2134/2540 1700/2139/2545 147/2109/2513
f 1700/2139/2545 2357/2142/2548 1704/2144/2550
f 1700/2139/2545 1701/2138/2544 2357/2142/2548
f 1701/2138/2544 150/2188/2595 1575/2141/2547
f 2357/2142/2548 1575/2141/2547 1574/2143/2549
f 1704/2144/2550 1574/2143/2549 149/2195/2602
f 1702/2140/2546 1700/2139/2545 1703/2145/2551
f 1702/2140/2546 1703/2145/2551 1456/1787/2176
f 1703/2145/2551 2358/2147/2553 1455/1788/2177
f 1703/2145/2551 1704/2144/2550 2358/2147/2553
f 1704/2144/2550 149/2195/2602 1573/2146/2552
f 2358/2147/2553 1573/2146/2552 1572/2201/2608
f 2358/2147/2553 1572/2201/2608 1571/2148/2554
f 1455/1788/2177 1571/2148/2554 117/1858/2242
f 1567/2110/2514 1702/2140/2546 1457/1784/2173
f 2359/2149/2555 2360/2152/2558 2361/2208/2617
f 2359/2149/2555 2361/2208/2617 2363/2150/2556
f 1520/1923/2316 2299/1919/2311 2359/2149/2555
f 2299/1919/2311 1705/1928/2326 2360/2152/2558
f 2362/2151/2557 2363/2150/2559 1707/2154/2561
f 1583/2156/2563 2362/2151/2557 1706/2155/2562
f 1584/2117/2523 2359/2149/2555 2362/2151/2557
f 1706/2155/2562 1707/2154/2561 2365/2157/2564
f 1707/2154/2561 1594/2153/2560 1593/2159/2566
f 2365/2157/2564 1593/2159/2566 1592/2160/2567
f 2364/2158/2565 2365/2157/2564 1709/2161/2568
f 2364/2158/2565 1708/2162/2569 1581/2124/2530
f 1706/2155/2562 2364/2158/2565 1581/2124/2530
f 1708/2162/2569 1709/2161/2568 1711/2163/2570
f 1709/2161/2568 1592/2160/2567 1591/2166/2573
f 1712/2165/2572 1591/2166/2573 1590/2217/2626
f 1708/2162/2569 1710/2164/2571 1580/2167/2574
f 1710/2164/2571 1711/2163/2570 1714/2168/2575
f 1711/2163/2570 1712/2165/2572 1715/2170/2577
f 1712/2165/2572 1590/2217/2626 1589/2171/2578
f 1710/2164/2571 1713/2169/2576 1579/2127/2533
f 1716/2172/2579 1714/2168/2575 1717/2174/2581
f 1714/2168/2575 1715/2170/2577 1588/2173/2580
f 1715/2170/2577 1589/2171/2578 1588/2173/2580
f 1713/2169/2576 1716/2172/2579 1578/2129/2535
f 1716/2172/2579 1717/2174/2581 1719/2175/2582
f 1717/2174/2581 1588/2173/2580 1720/2177/2584
f 1716/2172/2579 1718/2176/2583 1577/2132/2538
f 1718/2176/2583 2366/2180/2587 1722/2178/2585
f 2366/2180/2587 1587/2182/2589 1723/2181/2588
f 1718/2176/2583 1719/2175/2582 2366/2180/2587
f 1719/2175/2582 1720/2177/2584 1587/2182/2589
f 1718/2176/2583 1721/2179/2586 151/2135/2541
f 2368/2186/2593 1586/2187/2594 1585/2240/2649
f 2367/2183/2590 2368/2186/2593 2369/2184/2591
f 2368/2186/2593 1585/2240/2649 2369/2184/2591
f 1721/2179/2586 2367/2183/2590 1576/2137/2543
f 1721/2179/2586 1722/2178/2585 2368/2186/2593
f 1722/2178/2585 1723/2181/2588 1586/2187/2594
f 1724/2185/2592 2369/2184/2591 1725/2239/2648
f 1576/2137/2543 2367/2183/2590 1724/2185/2592
f 2370/2189/2596 2371/2192/2599 2373/2190/2597
f 2372/2191/2598 2373/2190/2597 2374/2251/2660
f 150/2188/2595 1724/2185/2592 2370/2189/2596
f 1724/2185/2592 1725/2239/2648 2371/2192/2599
f 2372/2191/2598 2374/2251/2660 1727/2193/2600
f 1574/2143/2549 2372/2191/2598 1726/2194/2601
f 1575/2141/2547 2370/2189/2596 2372/2191/2598
f 2375/2196/2603 2376/2200/2607 2378/2197/2604
f 2377/2198/2605 2378/2197/2604 2379/2199/2606
f 149/2195/2602 1726/2194/2601 2375/2196/2603
f 1726/2194/2601 1727/2193/2600 2376/2200/2607
f 1571/2148/2554 2379/2199/2606 111/1884/2263
f 1572/2201/2608 2377/2198/2605 1571/2148/2554
f 1573/2146/2552 2375/2196/2603 2377/2198/2605
f 1729/1926/2324 2381/2203/2610 2380/2202/2609
f 1608/1933/2336 1607/2205/2612 2381/2203/2610
f 1607/2205/2612 1606/2266/2675 1731/2206/2613
f 2381/2203/2614 1731/2206/2613 1730/2207/2615
f 2382/2204/2616 1730/2207/2615 1594/2153/2560
f 2380/2202/2609 2382/2204/2611 2363/2150/2556
f 1728/1927/2325 2380/2202/2609 2361/2208/2617
f 1730/2207/2615 2383/2209/2618 1593/2159/2566
f 1731/2206/2613 2384/2211/2620 2383/2209/2618
f 1731/2206/2613 1606/2266/2675 1605/2210/2619
f 2384/2211/2620 1733/2212/2621 1732/2213/2622
f 2383/2209/2618 1732/2213/2622 1592/2160/2567
f 1732/2213/2622 1734/2214/2623 1591/2166/2573
f 1733/2212/2621 1735/2216/2625 1734/2214/2623
f 1733/2212/2621 1605/2210/2619 1604/2215/2624
f 1734/2214/2623 1736/2218/2627 1589/2171/2578
f 1735/2216/2625 1737/2220/2629 1736/2218/2627
f 1735/2216/2625 1604/2215/2624 1603/2219/2628
f 1737/2220/2629 1739/2223/2632 1738/2221/2630
f 1737/2220/2629 1603/2219/2628 1602/2222/2631
f 1589/2171/2578 1738/2221/2630 1588/2173/2580
f 1739/2223/2632 1741/2226/2635 1740/2224/2633
f 1739/2223/2632 1602/2222/2631 1601/2225/2634
f 1738/2221/2630 1740/2224/2633 1720/2177/2584
f 2386/2227/2636 1743/2231/2640 1742/2228/2637
f 1740/2224/2633 2385/2229/2638 1587/2182/2589
f 1741/2226/2635 2386/2227/2636 2385/2229/2638
f 2386/2227/2636 1601/2225/2634 154/2230/2639
f 2385/2229/2638 1742/2228/2637 1723/2181/2588
f 2388/2232/2641 1745/2237/2646 2390/2235/2644
f 1742/2228/2637 2387/2234/2643 1586/2187/2594
f 1743/2231/2640 2388/2232/2641 2387/2234/2643
f 1743/2231/2640 154/2230/2639 1600/2236/2645
f 1600/2236/2645 153/2246/2655 1745/2237/2646
f 2390/2235/2644 1744/2238/2647 1725/2239/2648
f 2389/2233/2642 2390/2235/2644 2369/2184/2591
f 2387/2234/2643 2389/2233/2642 1585/2240/2649
f 2392/2241/2650 2394/2244/2653 2393/2242/2651
f 1744/2238/2647 2391/2243/2652 2371/2192/2599
f 1745/2237/2646 2392/2241/2650 2391/2243/2652
f 153/2246/2655 1599/2247/2656 2392/2241/2650
f 1599/2247/2656 1598/2248/2657 2394/2244/2653
f 1598/2248/2657 152/2257/2666 1747/2249/2658
f 2394/2244/2653 1747/2249/2658 1746/2250/2659
f 2395/2245/2654 1746/2250/2659 1727/2193/2600
f 2393/2242/2651 2395/2245/2654 2374/2251/2660
f 2391/2243/2652 2393/2242/2651 2373/2190/2597
f 2397/2252/2661 2399/2255/2664 2398/2253/2662
f 2399/2255/2664 1595/2260/2669 2400/2256/2665
f 1746/2250/2659 2396/2254/2663 2376/2200/2607
f 1747/2249/2658 2397/2252/2661 2396/2254/2663
f 152/2257/2666 1597/2258/2667 2397/2252/2661
f 1597/2258/2667 1596/2259/2668 2399/2255/2664
f 1595/2260/2669 105/2288/2129 1482/1879/2258
f 1595/2260/2669 1482/1879/2258 1483/1885/2261
f 2400/2256/2665 1483/1882/2261 111/1884/2263
f 2398/2253/2662 2400/2256/2665 2379/2199/2606
f 2396/2254/2663 2398/2253/2662 2378/2197/2604
f 1748/1930/2328 1750/2263/2672 2402/2261/2670
f 2303/1929/2327 1751/2264/2673 1750/2263/2672
f 2301/1932/2335 2401/2262/2671 1608/1933/2336
f 1524/1888/2266 1525/1934/2337 2303/1929/2327
f 2402/2261/2670 1749/2265/2674 1606/2266/2675
f 2401/2262/2671 2402/2261/2670 1607/2205/2612
f 1749/2265/2674 1750/2263/2672 1753/2267/2676
f 1750/2263/2672 1751/2264/2673 1754/2269/2678
f 1751/2264/2673 1525/1934/2337 1526/1943/2346
f 1754/2269/2678 1526/1943/2346 137/1950/2353
f 1606/2266/2675 1749/2265/2674 1752/2268/2677
f 1752/2268/2677 1753/2267/2676 1756/2270/2679
f 1605/2210/2619 1752/2268/2677 1755/2271/2680
f 1604/2215/2624 1755/2271/2680 1757/2272/2681
f 1757/2272/2681 1756/2270/2679 1759/2273/2682
f 1756/2270/2679 1754/2269/2678 1527/1962/2365
f 1754/2269/2678 137/1950/2353 1527/1962/2365
f 1603/2219/2628 1757/2272/2681 1758/2274/2683
f 1602/2222/2631 1758/2274/2683 1760/2275/2684
f 1760/2275/2684 1759/2273/2682 1762/2276/2685
f 1759/2273/2682 1527/1962/2365 1528/1970/2373
f 1601/2225/2634 1760/2275/2684 1761/2277/2686
f 2403/2278/2687 1762/2276/2685 1764/2279/2688
f 1762/2276/2685 1528/1970/2373 1765/1977/2380
f 154/2230/2639 1761/2277/2686 2403/2278/2687
f 1600/2236/2645 2403/2278/2687 1763/2280/2689
f 2405/2281/2690 1767/2284/2693 1766/2282/2691
f 1765/1977/2380 1768/1985/2388 1767/2284/2693
f 1763/2280/2689 2404/2283/2692 1599/2247/2656
f 1764/2279/2688 2405/2281/2690 2404/2283/2692
f 2404/2283/2692 1766/2282/2691 1598/2248/2657
f 2407/2285/2694 1445/1738/2131 2408/2286/2695
f 1768/1985/2388 1446/1737/2130 1445/1738/2131
f 1766/2282/2691 2406/2287/2696 1597/2258/2667
f 1767/2284/2693 2407/2285/2694 2406/2287/2696
f 2408/2286/2695 1444/1731/2124 105/2288/2129
f 2406/2287/2696 2408/2286/2695 1595/2260/2669
f 110/2289/2771 1454/2289/2771 1770/2289/2771
f 1454/2289/2772 1453/2289/2772 1770/2289/2772
f 1769/2289/2773 1770/2289/2773 1452/2289/2773
f 1770/2289/2774 1769/2289/2774 1771/2289/2774
f 1771/2289/2775 1769/2289/2775 1774/2289/2775
f 108/2289/2776 1478/2289/2776 2409/2289/2776
f 1478/2289/2777 1479/2289/2777 2409/2289/2777
f 1774/2289/2778 2409/2289/2778 1480/2289/2778
f 1451/2289/2779 2409/2289/2779 1774/2289/2779
f 1463/2289/2780 1773/2289/2780 1772/2289/2780
f 1464/2289/2781 2410/2289/2781 1773/2289/2781
f 120/2289/2782 1468/2289/2782 2410/2289/2782
f 1468/2289/2783 1467/2289/2783 2410/2289/2783
f 1773/2289/2784 2410/2289/2784 1467/2289/2784
f 1771/2289/2785 1772/2289/2785 1773/2289/2785
f 1775/2289/2786 1772/2289/2786 1771/2289/2786
f 1469/2289/2787 2411/2289/2787 1775/2289/2787
f 118/2289/2788 1460/2289/2788 2411/2289/2788
f 1460/2289/2789 1461/2289/2789 2411/2289/2789
f 1775/2289/2790 2411/2289/2790 1462/2289/2790
