# Blender 5.2.1 LTS
# www.blender.org
mtllib 杯子v0_6b.mtl
o 柱体
v 0.087705 0.305759 -0.138490
v 0.159944 0.305759 -0.035910
v 0.163877 0.305759 -0.004017
v 0.138490 0.305759 0.087705
v 0.035910 0.305759 0.159944
v 0.004017 0.305759 0.163877
v -0.087705 0.305759 0.138490
v -0.160880 0.297391 0.028957
v -0.163500 0.297453 -0.000000
v -0.138490 0.305759 -0.087705
v -0.066424 0.305759 -0.149865
v -0.035910 0.305759 -0.159944
v 0.071067 0.034761 0.045006
v -0.040380 0.029727 -0.050942
v 0.048578 0.029729 0.041213
v -0.060958 0.029725 -0.018417
v 0.000909 0.000768 -0.088607
v 0.000000 0.017926 -0.103247
v -0.020141 0.017901 -0.101257
v 0.000000 0.359324 -0.157012
v 0.030665 0.359083 -0.154162
v 0.031928 0.349351 -0.160511
v 0.060151 0.359083 -0.145218
v 0.062628 0.349351 -0.151198
v 0.087326 0.359083 -0.130692
v 0.087962 0.337696 -0.138895
v 0.090990 0.349155 -0.136176
v 0.111139 0.359125 -0.111108
v 0.130689 0.359088 -0.087323
v 0.145218 0.359083 -0.060151
v 0.151198 0.349351 -0.062628
v 0.154155 0.359090 -0.030663
v 0.160371 0.337150 -0.036266
v 0.160629 0.349166 -0.031951
v 0.157178 0.359088 0.000000
v 0.164364 0.337150 -0.004282
v 0.154162 0.359083 0.030665
v 0.160511 0.349351 0.031928
v 0.145213 0.359088 0.060149
v 0.130688 0.359088 0.087323
v 0.138895 0.337696 0.087962
v 0.111108 0.359125 0.111139
v 0.087323 0.359088 0.130689
v 0.060151 0.359083 0.145218
v 0.062628 0.349351 0.151198
v 0.030663 0.359090 0.154155
v 0.036266 0.337150 0.160371
v 0.031951 0.349166 0.160629
v -0.000000 0.359088 0.157178
v 0.004282 0.337150 0.164364
v -0.030665 0.359083 0.154162
v -0.031928 0.349351 0.160511
v -0.060149 0.359088 0.145213
v -0.087326 0.359083 0.130693
v -0.087755 0.337150 0.139043
v -0.090990 0.349155 0.136176
v -0.111139 0.359125 0.111108
v -0.130689 0.359088 0.087323
v -0.145211 0.359090 0.060149
v -0.151197 0.349358 0.062628
v -0.154162 0.359083 0.030665
v -0.160371 0.337150 0.036266
v -0.160631 0.349155 0.031951
v -0.157169 0.359096 -0.000000
v -0.164364 0.337150 0.004282
v -0.154162 0.359083 -0.030665
v -0.160511 0.349351 -0.031928
v -0.145213 0.359088 -0.060149
v -0.130688 0.359088 -0.087323
v -0.138895 0.337696 -0.087962
v -0.087323 0.359088 -0.130689
v -0.060151 0.359083 -0.145218
v -0.066618 0.337696 -0.150303
v -0.062675 0.349155 -0.151311
v -0.030663 0.359090 -0.154155
v -0.031951 0.349166 -0.160629
v 0.000000 0.359174 -0.155309
v 0.030299 0.359174 -0.152325
v 0.059434 0.359174 -0.143487
v 0.086285 0.359175 -0.129135
v 0.102482 0.321542 -0.097578
v 0.109820 0.359174 -0.109820
v 0.119549 0.321542 -0.075710
v 0.129125 0.359166 -0.086278
v 0.132023 0.321544 -0.050933
v 0.143487 0.359174 -0.059434
v 0.152317 0.359169 -0.030298
v 0.141464 0.321544 0.003467
v 0.155309 0.359174 0.000000
v 0.152325 0.359174 0.030299
v 0.143484 0.359174 0.059439
v 0.129135 0.359174 0.086285
v 0.097578 0.321542 0.102482
v 0.109812 0.359165 0.109811
v 0.075710 0.321542 0.119549
v 0.086285 0.359174 0.129135
v 0.050933 0.321544 0.132023
v 0.059434 0.359174 0.143487
v 0.024197 0.321541 0.139422
v 0.030299 0.359174 0.152325
v -0.003467 0.321544 0.141464
v -0.000000 0.359174 0.155309
v -0.030299 0.359174 0.152325
v -0.059434 0.359174 0.143487
v -0.086285 0.359174 0.129135
v -0.102482 0.321542 0.097578
v -0.109820 0.359174 0.109820
v -0.119549 0.321542 0.075710
v -0.129125 0.359166 0.086278
v -0.132023 0.321544 0.050933
v -0.143487 0.359174 0.059434
v -0.152317 0.359169 0.030298
v -0.141464 0.321544 -0.003467
v -0.155309 0.359174 -0.000000
v -0.152325 0.359175 -0.030299
v -0.143487 0.359174 -0.059434
v -0.129135 0.359175 -0.086285
v -0.109820 0.359174 -0.109820
v -0.075710 0.321543 -0.119549
v -0.086285 0.359174 -0.129135
v -0.050933 0.321544 -0.132023
v -0.059434 0.359174 -0.143487
v -0.030298 0.359169 -0.152317
v 0.002358 0.072444 -0.096214
v -0.016458 0.072444 -0.094825
v 0.000000 0.285257 -0.161296
v 0.085840 0.017896 -0.057357
v 0.095380 0.017896 -0.039508
v 0.057357 0.017896 0.085840
v 0.039508 0.017896 0.095380
v -0.085840 0.017896 0.057357
v -0.140803 0.243801 0.058047
v -0.113879 0.109970 0.047107
v -0.249175 0.270319 0.022009
v -0.246922 0.257071 0.025474
v -0.238915 0.249495 0.020419
v -0.249486 0.091911 0.015140
v -0.241580 0.082566 0.017786
v -0.238406 0.072980 0.014495
v -0.252255 0.272081 -0.009918
v -0.167659 0.240997 -0.010664
v -0.147923 0.223660 -0.000000
v -0.252190 0.093760 0.000000
v -0.133897 0.066611 -0.008220
v -0.110187 0.049932 -0.002759
v -0.247567 0.270691 -0.022005
v -0.249486 0.091911 -0.015140
v -0.241580 0.082566 -0.017786
v -0.238406 0.072980 -0.014495
v -0.140803 0.243801 -0.058047
v -0.113879 0.109969 -0.047106
v -0.057357 0.017896 -0.085840
v -0.170285 0.280579 0.030764
v -0.168708 0.258311 0.034466
v -0.161580 0.243721 0.029220
v -0.136112 0.106533 0.023411
v -0.134905 0.080659 0.025663
v -0.127389 0.069589 0.021863
v -0.170285 0.280579 -0.030764
v -0.168721 0.258205 -0.034441
v -0.161580 0.243721 -0.029220
v -0.136112 0.106533 -0.023411
v -0.134900 0.080528 -0.025641
v -0.127389 0.069589 -0.021863
v -0.238836 0.071050 0.000000
v -0.212337 0.147897 0.020396
v -0.265685 0.242288 0.020027
v -0.268375 0.234136 0.019487
v -0.264163 0.223146 0.018917
v -0.267547 0.233944 -0.014242
v -0.262916 0.222988 -0.010259
v -0.252419 0.208537 -0.009812
v -0.201528 0.093025 -0.007083
v -0.268367 0.234294 -0.019439
v -0.264373 0.223546 -0.018892
v -0.278472 0.240000 -0.024064
v -0.277421 0.224349 -0.023425
v -0.280786 0.255882 -0.020739
v -0.287718 0.233710 -0.020084
v -0.281913 0.212430 -0.019557
v -0.280786 0.255882 0.020739
v -0.287710 0.233771 0.020096
v -0.281905 0.212414 0.019560
v 0.016025 0.299981 -0.162706
v 0.004016 0.305759 -0.163877
v 0.047459 0.299982 -0.156453
v 0.039618 0.310473 -0.159316
v 0.077071 0.307590 -0.144772
v 0.069571 0.311014 -0.148730
v 0.103719 0.299981 -0.126382
v 0.097558 0.307403 -0.131812
v 0.132016 0.307853 -0.097330
v 0.126382 0.299981 -0.103719
v 0.121452 0.310473 -0.110456
v 0.144772 0.307590 -0.077070
v 0.138490 0.305759 -0.087705
v 0.156453 0.299982 -0.047459
v 0.154362 0.311014 -0.055974
v 0.162706 0.299982 -0.016025
v 0.162189 0.307402 -0.024221
v 0.162706 0.299982 0.016025
v 0.163798 0.307402 0.007886
v 0.156453 0.299982 0.047459
v 0.159316 0.310472 0.039618
v 0.144772 0.307590 0.077071
v 0.148730 0.311014 0.069571
v 0.126382 0.299981 0.103719
v 0.131812 0.307403 0.097558
v 0.097330 0.307853 0.132016
v 0.103719 0.299981 0.126382
v 0.110456 0.310473 0.121452
v 0.077070 0.307590 0.144772
v 0.087705 0.305759 0.138490
v 0.047459 0.299982 0.156453
v 0.055974 0.311014 0.154362
v 0.016025 0.299982 0.162706
v 0.024221 0.307402 0.162189
v -0.016025 0.299982 0.162706
v -0.007886 0.307402 0.163798
v -0.055144 0.307811 0.154468
v -0.047459 0.299982 0.156453
v -0.039618 0.310473 0.159316
v -0.077070 0.299982 0.144188
v -0.066424 0.305759 0.149865
v -0.103719 0.299981 0.126382
v -0.097558 0.307403 0.131812
v -0.132016 0.307853 0.097330
v -0.126382 0.299981 0.103719
v -0.121452 0.310473 0.110456
v -0.144772 0.307590 0.077070
v -0.138490 0.305759 0.087705
v -0.155176 0.300719 0.051814
v -0.163068 0.297526 0.012356
v -0.162399 0.314531 -0.024767
v -0.163068 0.297526 -0.012356
v -0.155176 0.300719 -0.051814
v -0.144772 0.307590 -0.077071
v -0.150377 0.307698 -0.065578
v -0.126382 0.299981 -0.103719
v -0.131812 0.307403 -0.097558
v -0.097330 0.307853 -0.132016
v -0.103719 0.299981 -0.126382
v -0.110456 0.310473 -0.121452
v -0.077070 0.307590 -0.144772
v -0.087705 0.305759 -0.138490
v -0.047459 0.299982 -0.156453
v -0.055570 0.310473 -0.154477
v -0.007358 0.311013 -0.164032
v -0.016025 0.299982 -0.162706
v -0.024221 0.307402 -0.162189
v -0.001717 0.034739 -0.084176
v 0.016428 0.034695 -0.082590
v 0.035692 0.034737 -0.076335
v 0.049870 0.034740 -0.067763
v 0.060736 0.034739 -0.058308
v 0.072087 0.034737 -0.043641
v 0.078481 0.034761 -0.030277
v 0.082224 0.034739 -0.018106
v 0.084176 0.034739 -0.001717
v 0.082590 0.034695 0.016428
v 0.077112 0.034739 0.033799
v 0.062188 0.034737 0.056866
v 0.048193 0.034739 0.069036
v 0.032225 0.034695 0.077798
v 0.012733 0.034737 0.083300
v -0.003818 0.034740 0.084049
v -0.018106 0.034739 0.082224
v -0.033799 0.034739 0.077112
v -0.048193 0.034739 0.069036
v -0.060736 0.034739 0.058308
v -0.072087 0.034737 0.043641
v -0.078481 0.034761 0.030277
v -0.082224 0.034739 0.018106
v -0.084176 0.034739 0.001717
v -0.082590 0.034695 -0.016428
v -0.077112 0.034739 -0.033799
v -0.069036 0.034739 -0.048193
v -0.058308 0.034739 -0.060736
v -0.043641 0.034737 -0.072087
v -0.030277 0.034761 -0.078481
v -0.018106 0.034739 -0.082224
v 0.056756 0.029723 -0.028824
v -0.064697 0.029798 0.005266
v -0.071858 0.030345 0.008404
v -0.078687 0.031837 0.001560
v -0.076871 0.031837 0.016880
v 0.066292 0.031837 0.042419
v 0.073294 0.031837 0.028671
v 0.069604 0.030345 0.019735
v 0.065652 0.029794 0.007576
v 0.056753 0.030345 0.044869
v 0.056743 0.031837 0.054537
v -0.069604 0.030345 -0.019735
v -0.076484 0.031833 -0.019586
v 0.045013 0.031837 0.064559
v -0.067360 0.031836 -0.040836
v 0.035263 0.030345 0.063172
v 0.031553 0.031837 0.072100
v 0.001098 0.029797 -0.065402
v 0.013822 0.031837 -0.077479
v -0.001560 0.031837 -0.078687
v -0.008404 0.030345 -0.071858
v -0.056753 0.030345 -0.044869
v -0.056743 0.031837 -0.054537
v 0.016880 0.031837 0.076871
v 0.019735 0.030345 -0.069604
v 0.028671 0.031837 -0.073294
v -0.045013 0.031837 -0.064559
v 0.008404 0.030345 0.071858
v 0.001560 0.031837 0.078687
v 0.042419 0.031837 -0.066292
v -0.035263 0.030345 -0.063172
v -0.031553 0.031837 -0.072100
v -0.001098 0.029797 0.065402
v -0.012707 0.030347 0.070882
v -0.013822 0.031837 0.077479
v 0.036704 0.029757 -0.053424
v 0.044869 0.030345 -0.056753
v 0.054537 0.031837 -0.056743
v -0.016880 0.031837 -0.076871
v -0.028671 0.031837 0.073294
v 0.064559 0.031837 -0.045013
v -0.032934 0.030345 0.064416
v -0.042419 0.031837 0.066292
v 0.063172 0.030345 -0.035263
v 0.072100 0.031837 -0.031553
v -0.037248 0.029797 0.053770
v -0.054537 0.031837 0.056743
v 0.076871 0.031837 -0.016880
v -0.055079 0.030345 0.046909
v -0.064559 0.031837 0.045013
v 0.071858 0.030345 -0.008404
v 0.078687 0.031837 -0.001560
v -0.065996 0.030347 0.028815
v -0.072100 0.031837 0.031553
v 0.077479 0.031837 0.013821
v -0.054900 0.029726 0.032650
v 0.028639 0.029720 0.056901
v -0.003851 0.010196 -0.100886
v 0.005044 0.017572 -0.103046
v 0.014529 0.016432 -0.101888
v 0.022194 0.011121 -0.098851
v 0.022026 0.009707 -0.098103
v 0.002464 0.009708 -0.100515
v 0.001269 0.001409 -0.092946
v 0.018177 0.000768 -0.086727
v 0.034774 0.017579 -0.097134
v 0.041052 0.011121 -0.092622
v 0.040742 0.009707 -0.091921
v 0.033852 0.009685 -0.094622
v 0.019377 0.001409 -0.090913
v 0.034748 0.000768 -0.081515
v 0.044087 0.017546 -0.093267
v 0.052546 0.016432 -0.088497
v 0.056048 0.010117 -0.083882
v 0.051662 0.009685 -0.086199
v 0.036741 0.001409 -0.085386
v 0.049983 0.000768 -0.073169
v 0.061661 0.016432 -0.082406
v 0.069297 0.017556 -0.076426
v 0.073372 0.011121 -0.069862
v 0.072817 0.009707 -0.069333
v 0.059868 0.009685 -0.080716
v 0.052693 0.001409 -0.076577
v 0.069300 0.000808 -0.056533
v 0.076431 0.017573 -0.069298
v 0.082258 0.016426 -0.061848
v 0.083882 0.010117 -0.056048
v 0.080716 0.009685 -0.059868
v 0.066620 0.001409 -0.064826
v 0.066985 0.000500 -0.044881
v 0.088509 0.016433 -0.052526
v 0.093271 0.017569 -0.044093
v 0.092622 0.011121 -0.041052
v 0.091921 0.009707 -0.040742
v 0.086199 0.009685 -0.051662
v 0.077987 0.001409 -0.050583
v 0.082210 0.000768 -0.033069
v 0.097023 0.016428 -0.034342
v 0.100087 0.017593 -0.025054
v 0.098945 0.010117 -0.019681
v 0.097482 0.009685 -0.024422
v 0.086357 0.001409 -0.034397
v 0.087082 0.000768 -0.016395
v 0.103046 0.017573 -0.005044
v 0.100886 0.010196 -0.003851
v 0.100515 0.009708 0.002464
v 0.099408 0.009685 -0.014742
v 0.091408 0.001409 -0.016889
v 0.088977 0.000808 0.009028
v 0.102773 0.016433 0.005512
v 0.102053 0.017582 0.015156
v 0.099820 0.011121 0.017324
v 0.099065 0.009707 0.017193
v 0.092946 0.001409 0.001269
v 0.079102 0.000500 0.015630
v 0.099720 0.016433 0.025469
v 0.097134 0.017579 0.034774
v 0.092622 0.011121 0.041052
v 0.091921 0.009707 0.040742
v 0.094622 0.009685 0.033852
v 0.090913 0.001409 0.019377
v 0.081515 0.000768 0.034748
v 0.093267 0.017546 0.044087
v 0.088497 0.016432 0.052546
v 0.083882 0.010117 0.056048
v 0.086199 0.009685 0.051662
v 0.085386 0.001409 0.036741
v 0.073169 0.000768 0.049983
v 0.082406 0.016432 0.061661
v 0.076407 0.017489 0.069291
v 0.069862 0.011121 0.073372
v 0.069333 0.009707 0.072817
v 0.080716 0.009685 0.059868
v 0.076577 0.001409 0.052693
v 0.062012 0.000768 0.063297
v 0.069298 0.017573 0.076431
v 0.061848 0.016426 0.082258
v 0.056048 0.010117 0.083882
v 0.059868 0.009685 0.080716
v 0.064826 0.001409 0.066620
v 0.048472 0.000768 0.074179
v 0.052526 0.016433 0.088509
v 0.044097 0.017585 0.093274
v 0.041052 0.011121 0.092622
v 0.040742 0.009707 0.091921
v 0.051662 0.009685 0.086199
v 0.050583 0.001409 0.077987
v 0.033069 0.000768 0.082210
v 0.034342 0.016428 0.097023
v 0.025043 0.017540 0.100075
v 0.019681 0.010117 0.098945
v 0.024422 0.009685 0.097482
v 0.034397 0.001409 0.086357
v 0.016395 0.000768 0.087082
v 0.004934 0.000292 0.065566
v 0.005044 0.017573 0.103046
v 0.003851 0.010196 0.100886
v -0.002464 0.009708 0.100515
v 0.014742 0.009685 0.099408
v 0.016889 0.001409 0.091408
v -0.000909 0.000768 0.088607
v -0.005512 0.016433 0.102773
v -0.015156 0.017582 0.102053
v -0.017324 0.011121 0.099820
v -0.017193 0.009707 0.099065
v -0.001269 0.001409 0.092946
v -0.018178 0.000768 0.086727
v -0.025469 0.016433 0.099720
v -0.034774 0.017579 0.097134
v -0.041052 0.011121 0.092622
v -0.040742 0.009707 0.091921
v -0.033852 0.009685 0.094622
v -0.019377 0.001409 0.090913
v -0.034748 0.000768 0.081515
v -0.031381 0.000300 0.058480
v -0.044087 0.017546 0.093267
v -0.052546 0.016432 0.088497
v -0.056048 0.010117 0.083882
v -0.051662 0.009685 0.086199
v -0.036741 0.001409 0.085386
v -0.049983 0.000768 0.073169
v -0.061661 0.016432 0.082406
v -0.069298 0.017573 0.076431
v -0.073372 0.011121 0.069862
v -0.072817 0.009707 0.069333
v -0.059868 0.009685 0.080716
v -0.052693 0.001409 0.076577
v -0.063297 0.000768 0.062012
v -0.076431 0.017573 0.069298
v -0.082258 0.016426 0.061848
v -0.083882 0.010117 0.056048
v -0.080716 0.009685 0.059868
v -0.066620 0.001409 0.064826
v -0.074179 0.000768 0.048472
v -0.088509 0.016433 0.052526
v -0.093271 0.017569 0.044093
v -0.092622 0.011121 0.041052
v -0.091921 0.009707 0.040742
v -0.086199 0.009685 0.051662
v -0.077987 0.001409 0.050583
v -0.085658 0.000808 0.025710
v -0.097024 0.017181 0.034764
v -0.098578 0.016958 0.029903
v -0.099986 0.017181 0.024999
v -0.098945 0.010117 0.019681
v -0.097482 0.009685 0.024422
v -0.086357 0.001409 0.034397
v -0.079062 0.000500 0.015830
v -0.101942 0.017181 0.015167
v -0.102518 0.016958 0.010097
v -0.102942 0.017181 0.005012
v -0.100886 0.010196 0.003851
v -0.100515 0.009708 -0.002464
v -0.099408 0.009685 0.014742
v -0.091408 0.001409 0.016889
v -0.088607 0.000768 -0.000909
v -0.102942 0.017181 -0.005012
v -0.102517 0.016958 -0.010097
v -0.101942 0.017181 -0.015167
v -0.099820 0.011121 -0.017324
v -0.099065 0.009707 -0.017193
v -0.092946 0.001409 -0.001269
v -0.086727 0.000768 -0.018178
v -0.099986 0.017181 -0.024999
v -0.098578 0.016958 -0.029903
v -0.097024 0.017181 -0.034764
v -0.092622 0.011121 -0.041052
v -0.091921 0.009707 -0.040742
v -0.094622 0.009685 -0.033852
v -0.090913 0.001409 -0.019377
v -0.081515 0.000768 -0.034748
v -0.058031 0.000259 -0.026563
v -0.093267 0.017546 -0.044087
v -0.088503 0.016432 -0.052536
v -0.083882 0.010117 -0.056048
v -0.086199 0.009685 -0.051662
v -0.085386 0.001409 -0.036741
v -0.073169 0.000768 -0.049983
v -0.082373 0.016433 -0.061703
v -0.076431 0.017573 -0.069298
v -0.069862 0.011121 -0.073372
v -0.069333 0.009707 -0.072817
v -0.080716 0.009685 -0.059868
v -0.076577 0.001409 -0.052693
v -0.056532 0.000808 -0.069300
v -0.069298 0.017573 -0.076431
v -0.061848 0.016426 -0.082258
v -0.056048 0.010117 -0.083882
v -0.059868 0.009685 -0.080716
v -0.064826 0.001409 -0.066620
v -0.044881 0.000500 -0.066986
v -0.052526 0.016433 -0.088509
v -0.044096 0.017582 -0.093274
v -0.041052 0.011121 -0.092622
v -0.040742 0.009707 -0.091921
v -0.051662 0.009685 -0.086199
v -0.050583 0.001409 -0.077987
v -0.033069 0.000768 -0.082210
v -0.034282 0.016432 -0.097044
v -0.025052 0.017582 -0.100084
v -0.019681 0.010117 -0.098945
v -0.024422 0.009685 -0.097482
v -0.034397 0.001409 -0.086357
v -0.016395 0.000768 -0.087082
v -0.015155 0.017582 -0.102053
v -0.005487 0.016432 -0.102775
v -0.014742 0.009685 -0.099408
v -0.016889 0.001409 -0.091408
v 0.032035 0.343750 -0.161051
v 0.020127 0.338856 -0.163159
v 0.007968 0.337492 -0.164181
v 0.000000 0.349164 -0.163776
v 0.007698 0.359119 -0.156970
v 0.062666 0.343928 -0.151766
v 0.051571 0.338856 -0.156097
v 0.038170 0.359123 -0.152448
v 0.077391 0.344382 -0.144788
v 0.066730 0.333435 -0.150334
v 0.116111 0.343751 -0.116111
v 0.107382 0.338855 -0.124479
v 0.097745 0.343925 -0.131939
v 0.115721 0.349357 -0.115721
v 0.093832 0.358582 -0.126525
v 0.099681 0.359149 -0.121470
v 0.131939 0.343925 -0.097745
v 0.124341 0.338318 -0.107566
v 0.136175 0.349164 -0.090989
v 0.116714 0.358581 -0.105787
v 0.121467 0.359149 -0.099685
v 0.126103 0.359355 -0.093516
v 0.151707 0.343750 -0.062839
v 0.144788 0.344382 -0.077391
v 0.138919 0.336624 -0.087977
v 0.138582 0.359148 -0.074074
v 0.156097 0.338855 -0.051571
v 0.163072 0.343026 -0.020082
v 0.163776 0.349164 0.000000
v 0.161051 0.343750 0.032035
v 0.163159 0.338856 0.020127
v 0.164008 0.343925 0.007971
v 0.156970 0.359119 0.007698
v 0.151766 0.343928 0.062666
v 0.156097 0.338856 0.051571
v 0.151197 0.349357 0.062628
v 0.144788 0.344382 0.077391
v 0.150334 0.333435 0.066730
v 0.136175 0.349164 0.090989
v 0.134786 0.359123 0.080810
v 0.138580 0.359149 0.074073
v 0.116111 0.343751 0.116111
v 0.124479 0.338855 0.107382
v 0.131939 0.343925 0.097745
v 0.115721 0.349357 0.115721
v 0.116431 0.359125 0.105549
v 0.126238 0.359125 0.093597
v 0.121470 0.359149 0.099681
v 0.097745 0.343925 0.131939
v 0.107566 0.338318 0.124341
v 0.090989 0.349164 0.136175
v 0.105375 0.359597 0.116127
v 0.099685 0.359149 0.121467
v 0.093512 0.359360 0.126095
v 0.062839 0.343750 0.151707
v 0.077391 0.344382 0.144788
v 0.087977 0.336624 0.138919
v 0.074074 0.359148 0.138582
v 0.051571 0.338855 0.156097
v 0.038170 0.359123 0.152448
v 0.020082 0.343026 0.163072
v -0.000000 0.349164 0.163776
v -0.032035 0.343750 0.161051
v -0.020127 0.338856 0.163159
v -0.007971 0.343925 0.164008
v -0.007698 0.359119 0.156970
v -0.055399 0.343925 0.154574
v -0.043625 0.338318 0.158518
v -0.062675 0.349164 0.151310
v -0.077476 0.338343 0.144947
v -0.066630 0.336625 0.150329
v -0.074073 0.359149 0.138580
v -0.116111 0.343751 0.116111
v -0.107382 0.338855 0.124479
v -0.097745 0.343925 0.131939
v -0.115721 0.349357 0.115721
v -0.093597 0.359125 0.126238
v -0.131939 0.343925 0.097745
v -0.124341 0.338318 0.107566
v -0.136175 0.349164 0.090989
v -0.116127 0.359597 0.105375
v -0.121467 0.359149 0.099685
v -0.126103 0.359355 0.093516
v -0.151707 0.343750 0.062839
v -0.144788 0.344382 0.077391
v -0.138919 0.336624 0.087977
v -0.138582 0.359148 0.074074
v -0.156097 0.338855 0.051571
v -0.163072 0.343025 0.020082
v -0.155456 0.359118 0.023073
v -0.156385 0.359143 0.015403
v -0.163776 0.349170 -0.000000
v -0.161051 0.343750 -0.032035
v -0.163159 0.338856 -0.020127
v -0.164008 0.343925 -0.007971
v -0.156950 0.359138 -0.007692
v -0.151766 0.343928 -0.062666
v -0.156097 0.338856 -0.051571
v -0.151197 0.349357 -0.062628
v -0.152448 0.359123 -0.038170
v -0.144788 0.344382 -0.077391
v -0.150334 0.333435 -0.066730
v -0.136175 0.349164 -0.090989
v -0.134786 0.359123 -0.080810
v -0.138580 0.359149 -0.074073
v -0.116111 0.343751 -0.116111
v -0.124479 0.338855 -0.107382
v -0.131939 0.343925 -0.097745
v -0.115721 0.349357 -0.115721
v -0.116464 0.359088 -0.105550
v -0.126238 0.359125 -0.093597
v -0.121345 0.359385 -0.099571
v -0.097745 0.343925 -0.131939
v -0.107566 0.338318 -0.124341
v -0.090989 0.349164 -0.136175
v -0.105549 0.359125 -0.116431
v -0.099685 0.359149 -0.121467
v -0.093602 0.359125 -0.126235
v -0.077391 0.344382 -0.144788
v -0.087977 0.336624 -0.138919
v -0.080713 0.359358 -0.134650
v -0.074073 0.359149 -0.138580
v -0.067122 0.359385 -0.141893
v -0.036266 0.337149 -0.160371
v -0.051795 0.338318 -0.156040
v -0.038170 0.359123 -0.152448
v -0.020082 0.343026 -0.163072
v 0.022822 0.359380 -0.153805
v 0.015217 0.359110 -0.154501
v 0.007604 0.359146 -0.155095
v 0.000000 0.349883 -0.147225
v 0.007450 0.349845 -0.147008
v 0.028722 0.349883 -0.144396
v 0.003467 0.321544 -0.141464
v 0.024198 0.321542 -0.139422
v 0.052332 0.359153 -0.146207
v 0.045131 0.359353 -0.148777
v 0.037716 0.359146 -0.150632
v 0.049421 0.349852 -0.138654
v 0.035986 0.349845 -0.142730
v 0.056341 0.349883 -0.136019
v 0.034551 0.323071 -0.137476
v 0.040349 0.308598 -0.133013
v 0.050933 0.321543 -0.132023
v 0.079850 0.359153 -0.133188
v 0.073185 0.359112 -0.136920
v 0.066378 0.359146 -0.140379
v 0.069377 0.349819 -0.129795
v 0.063140 0.349845 -0.132967
v 0.075521 0.349852 -0.126348
v 0.081794 0.349883 -0.122413
v 0.059326 0.307129 -0.125373
v 0.065523 0.308596 -0.122585
v 0.075710 0.321544 -0.119550
v 0.104297 0.359151 -0.115049
v 0.098628 0.359351 -0.120179
v 0.092489 0.359148 -0.124734
v 0.087856 0.349847 -0.118103
v 0.093366 0.349821 -0.113767
v 0.104104 0.349883 -0.104104
v 0.082646 0.307131 -0.111391
v 0.088179 0.308597 -0.107447
v 0.093127 0.307130 -0.102789
v 0.124738 0.359151 -0.092491
v 0.120181 0.359353 -0.098630
v 0.115210 0.359384 -0.104430
v 0.109218 0.349845 -0.098683
v 0.122406 0.349852 -0.081789
v 0.107447 0.308595 -0.088179
v 0.111391 0.307132 -0.082646
v 0.140385 0.359151 -0.066379
v 0.136926 0.359118 -0.073188
v 0.133182 0.359146 -0.079843
v 0.126372 0.349845 -0.075479
v 0.129797 0.349824 -0.069378
v 0.136019 0.349883 -0.056341
v 0.122585 0.308596 -0.065523
v 0.125373 0.307128 -0.059326
v 0.150641 0.359153 -0.037715
v 0.148570 0.359115 -0.045068
v 0.146199 0.359146 -0.052327
v 0.138669 0.349845 -0.049375
v 0.142743 0.349852 -0.035940
v 0.144394 0.349875 -0.028722
v 0.133013 0.308600 -0.040349
v 0.138070 0.321543 -0.030999
v 0.155089 0.359142 -0.007607
v 0.154499 0.359109 -0.015217
v 0.153597 0.359145 -0.022798
v 0.147225 0.349883 0.000000
v 0.137204 0.307127 -0.020326
v 0.138329 0.308597 -0.013624
v 0.141575 0.323073 -0.007067
v 0.153593 0.359142 0.022796
v 0.154501 0.359110 0.015217
v 0.155095 0.359146 0.007604
v 0.147008 0.349845 0.007450
v 0.144396 0.349883 0.028722
v 0.139422 0.321542 0.024198
v 0.146197 0.359144 0.052325
v 0.148768 0.359348 0.045128
v 0.150632 0.359146 0.037716
v 0.142730 0.349845 0.035986
v 0.138679 0.349839 0.049341
v 0.136020 0.349882 0.056337
v 0.137476 0.323071 0.034551
v 0.133013 0.308598 0.040349
v 0.132023 0.321543 0.050933
v 0.133188 0.359153 0.079851
v 0.136923 0.359116 0.073187
v 0.140562 0.359379 0.066474
v 0.126348 0.349852 0.075522
v 0.132896 0.349797 0.063259
v 0.122414 0.349883 0.081794
v 0.125373 0.307129 0.059326
v 0.122585 0.308595 0.065523
v 0.119550 0.321544 0.075710
v 0.115049 0.359151 0.104297
v 0.120012 0.359114 0.098492
v 0.124738 0.359151 0.092491
v 0.113767 0.349821 0.093366
v 0.104098 0.349852 0.104098
v 0.111391 0.307131 0.082646
v 0.107447 0.308597 0.088179
v 0.102789 0.307130 0.093127
v 0.092491 0.359151 0.124738
v 0.098630 0.359353 0.120181
v 0.104436 0.359390 0.115220
v 0.098720 0.349852 0.109187
v 0.081794 0.349883 0.122414
v 0.088179 0.308595 0.107447
v 0.082646 0.307131 0.111391
v 0.066379 0.359151 0.140385
v 0.073188 0.359118 0.136926
v 0.079843 0.359146 0.133182
v 0.075479 0.349845 0.126372
v 0.069378 0.349824 0.129797
v 0.056341 0.349883 0.136019
v 0.065523 0.308596 0.122585
v 0.059326 0.307128 0.125373
v 0.037715 0.359153 0.150641
v 0.045068 0.359115 0.148570
v 0.052332 0.359153 0.146207
v 0.049421 0.349852 0.138654
v 0.035940 0.349852 0.142743
v 0.028722 0.349883 0.144396
v 0.040349 0.308599 0.133013
v 0.034552 0.323074 0.137476
v 0.007607 0.359142 0.155089
v 0.015217 0.359106 0.154496
v 0.022798 0.359145 0.153597
v -0.000000 0.349883 0.147225
v 0.006832 0.307131 0.138533
v -0.022796 0.359142 0.153593
v -0.015216 0.359106 0.154496
v -0.007604 0.359146 0.155095
v -0.007450 0.349845 0.147008
v -0.028722 0.349883 0.144396
v -0.024198 0.321542 0.139422
v -0.052332 0.359153 0.146207
v -0.045068 0.359116 0.148570
v -0.037716 0.359146 0.150632
v -0.049421 0.349852 0.138654
v -0.035986 0.349845 0.142730
v -0.056341 0.349883 0.136018
v -0.034551 0.323071 0.137476
v -0.040349 0.308598 0.133013
v -0.050933 0.321542 0.132023
v -0.079850 0.359153 0.133188
v -0.073186 0.359114 0.136921
v -0.066375 0.359147 0.140381
v -0.069377 0.349821 0.129796
v -0.063143 0.349845 0.132965
v -0.075521 0.349852 0.126348
v -0.081794 0.349883 0.122413
v -0.059326 0.307129 0.125373
v -0.065523 0.308595 0.122585
v -0.075710 0.321543 0.119550
v -0.104297 0.359151 0.115049
v -0.098492 0.359114 0.120012
v -0.092490 0.359148 0.124734
v -0.087856 0.349847 0.118103
v -0.093366 0.349821 0.113767
v -0.104104 0.349883 0.104104
v -0.082646 0.307131 0.111391
v -0.088179 0.308597 0.107447
v -0.093127 0.307130 0.102789
v -0.124738 0.359151 0.092491
v -0.120181 0.359353 0.098630
v -0.115210 0.359384 0.104430
v -0.109218 0.349845 0.098683
v -0.122406 0.349852 0.081789
v -0.107447 0.308595 0.088179
v -0.111391 0.307132 0.082646
v -0.140385 0.359151 0.066379
v -0.136926 0.359118 0.073188
v -0.133182 0.359146 0.079843
v -0.126372 0.349845 0.075479
v -0.129797 0.349824 0.069378
v -0.136019 0.349883 0.056341
v -0.122585 0.308596 0.065523
v -0.125373 0.307128 0.059326
v -0.150641 0.359153 0.037715
v -0.148570 0.359116 0.045068
v -0.146199 0.359146 0.052327
v -0.138669 0.349845 0.049375
v -0.142743 0.349852 0.035940
v -0.144394 0.349875 0.028722
v -0.133013 0.308600 0.040349
v -0.138070 0.321543 0.030999
v -0.155302 0.359380 0.007623
v -0.154496 0.359106 0.015217
v -0.153597 0.359145 0.022798
v -0.147225 0.349883 -0.000000
v -0.137204 0.307127 0.020326
v -0.138329 0.308597 0.013624
v -0.141575 0.323073 0.007067
v -0.153604 0.359151 -0.022802
v -0.154714 0.359348 -0.015238
v -0.155095 0.359146 -0.007604
v -0.147008 0.349845 -0.007450
v -0.144396 0.349883 -0.028722
v -0.139422 0.321542 -0.024198
v -0.146197 0.359144 -0.052325
v -0.148570 0.359116 -0.045068
v -0.150632 0.359146 -0.037716
v -0.142730 0.349845 -0.035986
v -0.138679 0.349839 -0.049341
v -0.136019 0.349883 -0.056341
v -0.137476 0.323071 -0.034551
v -0.133013 0.308598 -0.040349
v -0.132023 0.321543 -0.050933
v -0.133188 0.359153 -0.079850
v -0.136915 0.359108 -0.073183
v -0.140379 0.359146 -0.066378
v -0.132967 0.349845 -0.063140
v -0.129792 0.349803 -0.069375
v -0.126348 0.349852 -0.075521
v -0.122413 0.349883 -0.081794
v -0.125373 0.307129 -0.059326
v -0.122585 0.308595 -0.065523
v -0.119550 0.321544 -0.075710
v -0.115046 0.359145 -0.104290
v -0.120012 0.359114 -0.098492
v -0.124734 0.359148 -0.092489
v -0.118103 0.349847 -0.087856
v -0.113767 0.349821 -0.093366
v -0.104104 0.349883 -0.104104
v -0.111391 0.307131 -0.082646
v -0.107447 0.308597 -0.088180
v -0.102482 0.321542 -0.097578
v -0.092491 0.359151 -0.124738
v -0.098630 0.359353 -0.120181
v -0.104292 0.359146 -0.115046
v -0.098683 0.349845 -0.109218
v -0.081794 0.349883 -0.122414
v -0.093127 0.307127 -0.102788
v -0.088179 0.308596 -0.107447
v -0.082646 0.307131 -0.111391
v -0.066379 0.359151 -0.140386
v -0.073194 0.359118 -0.136923
v -0.079855 0.359153 -0.133185
v -0.075517 0.349851 -0.126351
v -0.069375 0.349824 -0.129798
v -0.056341 0.349883 -0.136019
v -0.065523 0.308595 -0.122585
v -0.059326 0.307128 -0.125373
v -0.037715 0.359153 -0.150641
v -0.045066 0.359110 -0.148563
v -0.052327 0.359146 -0.146199
v -0.049375 0.349845 -0.138669
v -0.035940 0.349852 -0.142743
v -0.028722 0.349875 -0.144394
v -0.040349 0.308600 -0.133013
v -0.030999 0.321543 -0.138070
v -0.007607 0.359142 -0.155089
v -0.015217 0.359106 -0.154496
v -0.022798 0.359145 -0.153597
v -0.020326 0.307128 -0.137204
v -0.013624 0.308596 -0.138329
v -0.007067 0.323073 -0.141575
v 0.003994 0.295101 -0.162970
v -0.027876 0.295101 -0.160617
v 0.022786 0.359657 -0.155110
v 0.008073 0.359678 -0.156105
v 0.036057 0.333866 -0.160475
v 0.029019 0.307698 -0.161467
v 0.004027 0.317592 -0.164312
v -0.004282 0.337150 -0.164364
v -0.022919 0.359661 -0.155082
v -0.035738 0.318180 -0.160448
v 0.059962 0.307698 -0.152703
v 0.049823 0.359692 -0.148391
v 0.087957 0.318748 -0.138888
v 0.093240 0.359697 -0.125682
v 0.113590 0.321259 -0.118912
v 0.113835 0.307698 -0.118133
v 0.115130 0.359664 -0.106100
v 0.138858 0.317592 -0.087938
v 0.134511 0.359661 -0.080520
v 0.150436 0.334173 -0.066479
v 0.150377 0.307698 -0.065578
v 0.139946 0.359697 -0.070078
v 0.160448 0.318181 -0.035738
v 0.155082 0.359661 -0.022919
v 0.164337 0.318180 -0.003749
v 0.156111 0.359697 -0.011188
v 0.160475 0.333866 0.036057
v 0.161467 0.307698 0.029019
v 0.152050 0.359661 0.038177
v 0.152703 0.307698 0.059962
v 0.141613 0.359657 0.067243
v 0.138888 0.318748 0.087957
v 0.126298 0.359704 0.092235
v 0.118912 0.321259 0.113590
v 0.118133 0.307698 0.113835
v 0.116092 0.359678 0.104674
v 0.087938 0.317592 0.138858
v 0.080520 0.359661 0.134511
v 0.066479 0.334173 0.150436
v 0.065578 0.307698 0.150377
v 0.070078 0.359697 0.139946
v 0.035738 0.318181 0.160448
v 0.022919 0.359661 0.155082
v 0.003749 0.318180 0.164337
v 0.011188 0.359697 0.156111
v -0.028382 0.321258 0.161979
v -0.029019 0.307698 0.161467
v -0.038173 0.359661 0.152048
v -0.066600 0.317592 0.150263
v -0.067103 0.359661 0.141679
v -0.088183 0.318181 0.138724
v -0.092235 0.359704 0.126298
v -0.113590 0.321259 0.118912
v -0.113835 0.307698 0.118133
v -0.104674 0.359678 0.116092
v -0.138858 0.317592 0.087938
v -0.134511 0.359661 0.080520
v -0.150436 0.334173 0.066479
v -0.150377 0.307698 0.065578
v -0.147626 0.359661 0.052739
v -0.161884 0.314587 0.028131
v -0.150928 0.359697 0.041430
v -0.164337 0.318180 0.003749
v -0.156575 0.359657 0.007912
v -0.160475 0.333866 -0.036057
v -0.160863 0.309880 -0.032407
v -0.155260 0.359692 -0.019916
v -0.141679 0.359661 -0.067103
v -0.138888 0.318748 -0.087957
v -0.127663 0.359676 -0.090382
v -0.118912 0.321259 -0.113590
v -0.118133 0.307698 -0.113835
v -0.114728 0.359688 -0.106147
v -0.110995 0.359360 -0.111017
v -0.087938 0.317592 -0.138858
v -0.082214 0.359687 -0.133103
v -0.066614 0.318747 -0.150296
v -0.052661 0.359656 -0.147660
v 0.026798 0.216764 -0.119359
v -0.002248 0.050967 -0.091728
v -0.002161 0.040093 -0.088169
v -0.022254 0.050796 -0.089017
v -0.015280 0.040042 -0.086942
v 0.044031 0.216764 -0.114132
v 0.065450 0.216758 -0.103348
v 0.088596 0.216774 -0.084356
v 0.103348 0.216757 -0.065450
v 0.114133 0.216768 -0.044031
v 0.119362 0.216780 -0.026799
v 0.122293 0.216760 -0.002998
v 0.119358 0.216757 0.026798
v 0.114134 0.216775 0.044031
v 0.103348 0.216760 0.065450
v 0.084356 0.216768 0.088595
v 0.065450 0.216753 0.103347
v 0.044031 0.216768 0.114133
v 0.026799 0.216776 0.119361
v -0.002997 0.216772 0.122295
v -0.026798 0.216756 0.119358
v -0.044031 0.216769 0.114133
v -0.065450 0.216757 0.103348
v -0.088595 0.216768 0.084356
v -0.103348 0.216757 0.065450
v -0.114133 0.216768 0.044031
v -0.119362 0.216779 0.026799
v -0.122293 0.216761 0.002998
v -0.119358 0.216757 -0.026798
v -0.114134 0.216775 -0.044031
v -0.103348 0.216759 -0.065450
v -0.088595 0.216763 -0.084355
v -0.065450 0.216756 -0.103348
v -0.044031 0.216770 -0.114133
v 0.021269 0.040044 -0.085612
v 0.020100 0.050967 -0.089527
v 0.016457 0.072444 -0.094825
v -0.002998 0.216761 -0.122293
v -0.026799 0.216780 -0.119362
v 0.031744 0.040093 -0.082284
v 0.037180 0.050967 -0.083885
v 0.038998 0.072444 -0.087988
v 0.052412 0.040044 -0.070956
v 0.047209 0.050796 -0.078680
v 0.055414 0.072444 -0.078689
v 0.063801 0.040042 -0.061007
v 0.063271 0.050967 -0.066451
v 0.066366 0.072444 -0.069701
v 0.072109 0.040093 -0.050781
v 0.075020 0.050967 -0.052831
v 0.081309 0.072444 -0.051493
v 0.083000 0.040044 -0.029879
v 0.086379 0.050796 -0.030952
v 0.087988 0.072444 -0.038998
v 0.086942 0.040042 -0.015280
v 0.089527 0.050967 -0.020100
v 0.094825 0.072444 -0.016458
v 0.088253 0.040042 0.001975
v 0.091728 0.050967 -0.002249
v 0.096214 0.072444 0.002358
v 0.086896 0.040093 0.015081
v 0.089527 0.050967 0.020100
v 0.094825 0.072445 0.016458
v 0.079818 0.040044 0.037562
v 0.083885 0.050967 0.037180
v 0.087987 0.072444 0.038998
v 0.072282 0.040042 0.050673
v 0.075020 0.050967 0.052830
v 0.078689 0.072444 0.055414
v 0.063873 0.040093 0.060816
v 0.063271 0.050967 0.066451
v 0.066366 0.072444 0.069701
v 0.047187 0.040093 0.074510
v 0.054625 0.050796 0.073725
v 0.051493 0.072444 0.081309
v 0.035598 0.040042 0.080779
v 0.037180 0.050967 0.083885
v 0.034641 0.072444 0.089792
v 0.021269 0.040044 0.085612
v 0.020100 0.050967 0.089527
v 0.016457 0.072444 0.094825
v -0.002161 0.040093 0.088169
v 0.002249 0.050967 0.091728
v -0.002358 0.072444 0.096214
v -0.013113 0.040044 0.087234
v -0.020100 0.050967 0.089527
v -0.021083 0.072444 0.093905
v -0.035598 0.040042 0.080779
v -0.039193 0.050796 0.082965
v -0.034641 0.072444 0.089793
v -0.050673 0.040042 0.072282
v -0.049092 0.050967 0.077518
v -0.055414 0.072444 0.078689
v -0.060816 0.040093 0.063873
v -0.063271 0.050967 0.066451
v -0.066366 0.072444 0.069701
v -0.075020 0.050967 0.052831
v -0.081309 0.072444 0.051493
v -0.083000 0.040044 0.029879
v -0.086379 0.050796 0.030952
v -0.087988 0.072444 0.038998
v -0.086942 0.040042 0.015280
v -0.089527 0.050967 0.020100
v -0.094825 0.072444 0.016458
v -0.088253 0.040042 -0.001975
v -0.091728 0.050967 0.002249
v -0.096214 0.072444 -0.002358
v -0.086896 0.040093 -0.015081
v -0.089527 0.050967 -0.020100
v -0.094825 0.072445 -0.016458
v -0.079818 0.040044 -0.037562
v -0.083885 0.050967 -0.037180
v -0.087987 0.072444 -0.038998
v -0.074510 0.040093 -0.047187
v -0.075020 0.050967 -0.052830
v -0.078689 0.072444 -0.055414
v -0.060816 0.040093 -0.063873
v -0.063271 0.050967 -0.066451
v -0.066366 0.072444 -0.069701
v -0.050673 0.040042 -0.072282
v -0.049092 0.050967 -0.077518
v -0.051493 0.072444 -0.081309
v -0.029879 0.040044 -0.083000
v -0.033025 0.050967 -0.085606
v -0.038998 0.072444 -0.087988
v -0.027846 0.070553 -0.091796
v -0.045350 0.072336 -0.084843
v -0.059426 0.071593 -0.075506
v -0.073015 0.071593 -0.062462
v -0.083798 0.071594 -0.047017
v -0.091796 0.070553 -0.027846
v -0.095740 0.072336 -0.009429
v -0.095796 0.071593 0.007462
v -0.091796 0.070553 0.027846
v -0.084843 0.072336 0.045350
v -0.074152 0.070553 0.060855
v -0.061030 0.072336 0.074366
v -0.045219 0.070553 0.084600
v -0.027926 0.072336 0.092060
v -0.011370 0.071594 0.095411
v 0.007462 0.071593 0.095796
v 0.026008 0.071593 0.092500
v 0.043554 0.071593 0.085648
v 0.059426 0.071593 0.075506
v 0.073015 0.071593 0.062462
v 0.083798 0.071594 0.047017
v 0.091796 0.070553 0.027846
v 0.095740 0.072336 0.009429
v 0.095796 0.071593 -0.007462
v 0.091796 0.070553 -0.027846
v 0.084843 0.072336 -0.045350
v 0.074152 0.070553 -0.060855
v 0.061030 0.072336 -0.074366
v 0.047017 0.071594 -0.083798
v 0.027846 0.070553 -0.091796
v -0.007462 0.071593 -0.095796
v 0.009430 0.072336 -0.095740
v 0.027876 0.295101 -0.160617
v 0.031467 0.285250 -0.158196
v 0.020140 0.017876 -0.101250
v -0.031467 0.285252 -0.158196
v 0.058675 0.295101 -0.152093
v 0.061725 0.285254 -0.149018
v 0.039510 0.017920 -0.095386
v 0.093863 0.295101 -0.133285
v 0.089611 0.285251 -0.134112
v 0.057357 0.017901 -0.085841
v 0.112412 0.295101 -0.118062
v 0.114053 0.285250 -0.114053
v 0.073000 0.017890 -0.073000
v 0.133285 0.295101 -0.093862
v 0.134112 0.285251 -0.089611
v 0.149036 0.295101 -0.066056
v 0.149017 0.285251 -0.061725
v 0.160617 0.295101 -0.027876
v 0.158198 0.285259 -0.031467
v 0.101266 0.017936 -0.020143
v 0.162970 0.295101 0.003995
v 0.161294 0.285246 -0.000000
v 0.103207 0.017775 -0.000000
v 0.160617 0.295101 0.027876
v 0.158196 0.285252 0.031467
v 0.101258 0.017906 0.020142
v 0.152093 0.295101 0.058675
v 0.149018 0.285254 0.061725
v 0.095386 0.017920 0.039510
v 0.133285 0.295101 0.093863
v 0.134112 0.285251 0.089611
v 0.085841 0.017901 0.057357
v 0.118062 0.295101 0.112412
v 0.114053 0.285250 0.114053
v 0.073000 0.017890 0.073000
v 0.093862 0.295101 0.133285
v 0.089611 0.285251 0.134112
v 0.066056 0.295101 0.149036
v 0.061725 0.285251 0.149017
v 0.027876 0.295101 0.160617
v 0.031467 0.285259 0.158198
v 0.020143 0.017936 0.101266
v -0.003995 0.295101 0.162970
v -0.000000 0.285256 0.161296
v 0.000000 0.017927 0.103247
v -0.027876 0.295101 0.160617
v -0.031467 0.285252 0.158196
v -0.020142 0.017906 0.101258
v -0.058675 0.295101 0.152093
v -0.061725 0.285254 0.149018
v -0.039510 0.017920 0.095386
v -0.087220 0.295101 0.137723
v -0.089611 0.285251 0.134112
v -0.057357 0.017901 0.085841
v -0.112412 0.295101 0.118062
v -0.114053 0.285250 0.114053
v -0.073000 0.017890 0.073000
v -0.133285 0.295101 0.093862
v -0.134112 0.285251 0.089611
v -0.151294 0.293906 0.060235
v -0.106531 0.072293 0.043514
v -0.095267 0.017428 0.039461
v -0.160630 0.291308 0.031634
v -0.163054 0.286020 0.031324
v -0.171656 0.275642 0.033623
v -0.171312 0.269925 0.034844
v -0.167117 0.253239 0.033768
v -0.165106 0.248727 0.032378
v -0.152572 0.238219 0.029313
v -0.148397 0.233317 0.029222
v -0.145379 0.228902 0.033542
v -0.123777 0.123666 0.024697
v -0.124152 0.117619 0.024321
v -0.127170 0.112522 0.023987
v -0.138276 0.101353 0.025490
v -0.137867 0.094973 0.026402
v -0.131718 0.074407 0.024243
v -0.116632 0.064581 0.021964
v -0.111759 0.059876 0.021877
v -0.109393 0.054527 0.020701
v -0.101160 0.017526 0.020122
v -0.164628 0.291664 -0.004580
v -0.169051 0.286994 -0.004898
v -0.151937 0.232967 -0.004654
v -0.149160 0.228318 -0.004005
v -0.127012 0.127355 0.000000
v -0.126303 0.122634 -0.003366
v -0.127632 0.117908 -0.003656
v -0.132611 0.113468 -0.008035
v -0.121378 0.063444 -0.008380
v -0.114789 0.059497 -0.003797
v -0.111591 0.054979 0.003150
v -0.103142 0.017526 0.000000
v -0.160959 0.297336 -0.028503
v -0.160630 0.291308 -0.031634
v -0.163054 0.286020 -0.031324
v -0.171656 0.275642 -0.033623
v -0.171217 0.270107 -0.034888
v -0.167117 0.253239 -0.033768
v -0.165106 0.248727 -0.032378
v -0.152572 0.238219 -0.029313
v -0.148397 0.233317 -0.029222
v -0.145379 0.228902 -0.033542
v -0.123777 0.123666 -0.024697
v -0.124152 0.117619 -0.024321
v -0.127170 0.112522 -0.023987
v -0.138276 0.101353 -0.025490
v -0.137786 0.095283 -0.026434
v -0.131718 0.074407 -0.024243
v -0.116632 0.064581 -0.021964
v -0.111759 0.059876 -0.021877
v -0.109393 0.054527 -0.020701
v -0.101160 0.017526 -0.020122
v -0.151294 0.293906 -0.060236
v -0.146762 0.288592 -0.068651
v -0.106772 0.072927 -0.043313
v -0.095291 0.017526 -0.039471
v -0.133285 0.295101 -0.093863
v -0.134112 0.285251 -0.089611
v -0.085841 0.017901 -0.057357
v -0.118062 0.295101 -0.112412
v -0.114053 0.285248 -0.114053
v -0.072994 0.017859 -0.072994
v -0.093862 0.295101 -0.133285
v -0.089611 0.285251 -0.134112
v -0.066056 0.295101 -0.149036
v -0.061725 0.285252 -0.149018
v -0.039508 0.017901 -0.095382
v -0.046966 0.287559 -0.154827
v -0.039517 0.290277 -0.157495
v -0.054644 0.290273 -0.152906
v -0.082917 0.285211 -0.138341
v -0.068960 0.285215 -0.145801
v -0.076270 0.287566 -0.142690
v -0.096078 0.285203 -0.129545
v -0.109002 0.290266 -0.120352
v -0.102643 0.287579 -0.125071
v -0.129545 0.285208 -0.096079
v -0.119506 0.285211 -0.108312
v -0.125069 0.287564 -0.102641
v -0.142690 0.287564 -0.076270
v -0.138341 0.285211 -0.082916
v -0.107591 0.056360 -0.030010
v -0.116439 0.069557 -0.027862
v -0.111085 0.069561 -0.033253
v -0.108829 0.072376 -0.038354
v -0.124728 0.107548 -0.029877
v -0.119431 0.111794 -0.035737
v -0.122441 0.123799 -0.030749
v -0.143476 0.232877 -0.043805
v -0.142368 0.236675 -0.049756
v -0.151967 0.243195 -0.037088
v -0.148194 0.243539 -0.042269
v -0.144362 0.245907 -0.050774
v -0.160233 0.281079 -0.039098
v -0.155646 0.282061 -0.045330
v -0.131518 0.067667 -0.016028
v -0.143996 0.108914 -0.009597
v -0.141387 0.108073 -0.017279
v -0.126594 0.128026 -0.011991
v -0.125653 0.127431 -0.018643
v -0.147743 0.223654 -0.007259
v -0.147857 0.228104 -0.018926
v -0.165320 0.241987 -0.021484
v -0.177765 0.283197 -0.012540
v -0.175166 0.282287 -0.022731
v -0.110038 0.050463 0.008424
v -0.131518 0.067667 0.016028
v -0.133958 0.066782 0.009389
v -0.141387 0.108073 0.017279
v -0.144079 0.109068 0.008292
v -0.124824 0.123549 0.018544
v -0.126408 0.127392 0.012452
v -0.126861 0.127366 0.006235
v -0.147857 0.228104 0.018926
v -0.148608 0.227583 0.007279
v -0.165320 0.241987 0.021484
v -0.167661 0.241192 0.012438
v -0.175166 0.282287 0.022731
v -0.177907 0.283347 0.010759
v -0.107289 0.061603 0.035121
v -0.107591 0.056360 0.030009
v -0.108829 0.072375 0.038354
v -0.111085 0.069561 0.033253
v -0.116439 0.069557 0.027862
v -0.119430 0.111794 0.035737
v -0.124728 0.107548 0.029877
v -0.122441 0.123799 0.030749
v -0.142368 0.236674 0.049757
v -0.143476 0.232877 0.043805
v -0.144362 0.245907 0.050774
v -0.148194 0.243539 0.042269
v -0.151967 0.243195 0.037088
v -0.155646 0.282061 0.045330
v -0.160233 0.281079 0.039098
v -0.142689 0.287556 0.076269
v -0.138341 0.285211 0.082916
v -0.146782 0.288499 0.068563
v -0.129545 0.285203 0.096078
v -0.125069 0.287564 0.102641
v -0.120352 0.290266 0.109002
v -0.108312 0.285211 0.119506
v -0.102641 0.287564 0.125069
v -0.096774 0.290266 0.130387
v -0.076270 0.287564 0.142690
v -0.082917 0.285212 0.138341
v -0.039191 0.285209 0.156452
v -0.054334 0.285214 0.151859
v -0.046966 0.287553 0.154826
v -0.023664 0.285215 0.159541
v -0.015859 0.287562 0.161015
v 0.015859 0.287553 0.161014
v 0.008026 0.290266 0.162178
v 0.023664 0.285215 0.159542
v 0.039190 0.285206 0.156451
v 0.046968 0.287590 0.154832
v 0.054627 0.290311 0.152917
v 0.076269 0.287556 0.142689
v 0.082916 0.285211 0.138341
v 0.068961 0.285216 0.145801
v 0.096078 0.285203 0.129545
v 0.102641 0.287564 0.125069
v 0.109002 0.290266 0.120352
v 0.119505 0.285203 0.108311
v 0.125069 0.287564 0.102641
v 0.129545 0.285211 0.096079
v 0.142690 0.287564 0.076270
v 0.138341 0.285212 0.082917
v 0.156452 0.285209 0.039191
v 0.151859 0.285214 0.054334
v 0.154826 0.287553 0.046966
v 0.159541 0.285215 0.023664
v 0.161015 0.287562 0.015859
v 0.161014 0.287553 -0.015859
v 0.162178 0.290266 -0.008026
v 0.159542 0.285215 -0.023664
v 0.154832 0.287590 -0.046968
v 0.157495 0.290298 -0.039528
v 0.152917 0.290311 -0.054627
v 0.142689 0.287556 -0.076269
v 0.138341 0.285211 -0.082916
v 0.145801 0.285211 -0.068960
v 0.129545 0.285203 -0.096078
v 0.120352 0.290266 -0.109002
v 0.125072 0.287585 -0.102644
v 0.108312 0.285208 -0.119506
v 0.102641 0.287564 -0.125069
v 0.096079 0.285211 -0.129545
v 0.076270 0.287564 -0.142690
v 0.082917 0.285212 -0.138341
v 0.046966 0.287553 -0.154826
v 0.054334 0.285214 -0.151859
v 0.039528 0.290297 -0.157495
v -0.015859 0.287566 -0.161016
v -0.008026 0.290266 -0.162178
v -0.023664 0.285215 -0.159541
v 0.015858 0.287559 -0.161015
v 0.007916 0.285212 -0.161092
v 0.023664 0.285205 -0.159540
v -0.246224 0.268723 0.024521
v -0.254277 0.264687 0.025232
v -0.255117 0.261077 0.025440
v -0.246786 0.253909 0.024781
v -0.246307 0.251533 0.023421
v -0.247676 0.090202 0.016827
v -0.245575 0.087964 0.017635
v -0.243453 0.085363 0.017857
v -0.240170 0.079742 0.017620
v -0.239214 0.077077 0.017191
v -0.238647 0.074760 0.016237
v -0.255353 0.267329 -0.024049
v -0.254707 0.264613 -0.025207
v -0.249104 0.262147 -0.025751
v -0.247460 0.253752 -0.024725
v -0.246813 0.251424 -0.023358
v -0.247676 0.090202 -0.016827
v -0.245575 0.087964 -0.017635
v -0.243453 0.085363 -0.017857
v -0.240170 0.079742 -0.017620
v -0.239214 0.077077 -0.017191
v -0.238647 0.074760 -0.016237
v -0.238750 0.071080 -0.004280
v -0.238571 0.071290 -0.008297
v -0.238417 0.071863 -0.011790
v -0.252063 0.093732 -0.004517
v -0.251625 0.093530 -0.008741
v -0.250794 0.092981 -0.012380
v -0.238429 0.248000 -0.010905
v -0.239146 0.249473 -0.020340
v -0.248115 0.271960 -0.017971
v -0.238417 0.071863 0.011790
v -0.238571 0.071290 0.008297
v -0.238750 0.071080 0.004280
v -0.250794 0.092981 0.012380
v -0.251625 0.093530 0.008741
v -0.252063 0.093732 0.004517
v -0.238138 0.247912 0.009735
v -0.247001 0.272064 0.018351
v -0.251492 0.272107 0.011429
v -0.189719 0.277369 0.026558
v -0.215021 0.274609 0.023912
v -0.225130 0.264462 0.027115
v -0.205865 0.265362 0.028698
v -0.186702 0.265835 0.031192
v -0.208753 0.249440 0.022729
v -0.181074 0.246937 0.025426
v -0.159837 0.102112 0.019955
v -0.195231 0.097552 0.017389
v -0.188684 0.088605 0.020585
v -0.182520 0.072627 0.016677
v -0.151189 0.071671 0.018823
v -0.184972 0.258519 -0.030785
v -0.204260 0.258653 -0.028325
v -0.228383 0.258456 -0.026457
v -0.192970 0.277018 -0.025838
v -0.181074 0.246937 -0.025426
v -0.201455 0.248875 -0.023344
v -0.223535 0.249436 -0.021015
v -0.187204 0.082136 -0.020251
v -0.193833 0.097765 -0.017406
v -0.159837 0.102112 -0.019955
v -0.151189 0.071671 -0.018823
v -0.184335 0.072680 -0.016570
v -0.153061 0.068707 -0.007931
v -0.185132 0.070257 0.007505
v -0.163455 0.104939 0.008364
v -0.183109 0.244029 -0.010499
v -0.194525 0.280053 0.011146
v -0.219846 0.082744 0.014783
v -0.203196 0.093486 0.015037
v -0.220349 0.080613 -0.007221
v -0.208923 0.087477 -0.007109
v -0.219990 0.082666 -0.014791
v -0.208370 0.089291 -0.014297
v -0.234917 0.098545 -0.015387
v -0.219638 0.106256 -0.015671
v -0.229144 0.103706 0.007687
v -0.232004 0.102369 -0.007775
v -0.226955 0.102349 0.015508
v -0.205382 0.099234 0.018326
v -0.197392 0.110945 0.018788
v -0.196985 0.120632 0.019180
v -0.262560 0.199926 0.022524
v -0.275990 0.222550 0.023390
v -0.250308 0.248617 0.019947
v -0.257658 0.247017 0.019635
v -0.262010 0.245025 0.019506
v -0.268040 0.238209 0.019750
v -0.267121 0.229193 0.019209
v -0.257174 0.212568 0.018498
v -0.243707 0.196476 0.017980
v -0.220052 0.170810 0.017144
v -0.205641 0.153371 0.016606
v -0.197547 0.140123 0.016214
v -0.193362 0.129750 0.015938
v -0.191398 0.118934 0.015677
v -0.191653 0.110999 0.014842
v -0.193262 0.105564 0.014600
v -0.196378 0.100147 0.014528
v -0.267045 0.237641 -0.010103
v -0.267500 0.235783 -0.010345
v -0.267094 0.231760 -0.010218
v -0.265972 0.228606 -0.010276
v -0.258229 0.216048 -0.010021
v -0.243210 0.197830 -0.009566
v -0.219801 0.172445 -0.009114
v -0.250383 0.248589 -0.019876
v -0.257668 0.246992 -0.019571
v -0.262986 0.244849 -0.020094
v -0.267227 0.240094 -0.019891
v -0.268211 0.237269 -0.019674
v -0.267208 0.229488 -0.019166
v -0.257460 0.212961 -0.018491
v -0.244116 0.196938 -0.017991
v -0.214819 0.164960 -0.016955
v -0.203310 0.149840 -0.016510
v -0.197635 0.140271 -0.016242
v -0.193423 0.129903 -0.015978
v -0.191416 0.119041 -0.015714
v -0.191917 0.111167 -0.015474
v -0.193555 0.105723 -0.015334
v -0.196719 0.100281 -0.015194
v -0.265898 0.250869 -0.024522
v -0.262177 0.199353 -0.022503
v -0.219628 0.152474 -0.020729
v -0.203825 0.128789 -0.019745
v -0.262834 0.267822 -0.020576
v -0.271133 0.263998 -0.021108
v -0.276926 0.260147 -0.020891
v -0.284930 0.248785 -0.020532
v -0.287083 0.241152 -0.020319
v -0.286017 0.222922 -0.019807
v -0.273958 0.199170 -0.019177
v -0.259153 0.181153 -0.018636
v -0.234814 0.154667 -0.017769
v -0.222217 0.139654 -0.017263
v -0.212936 0.125266 -0.016680
v -0.210733 0.118101 -0.016272
v -0.210789 0.115050 -0.016120
v -0.212315 0.111780 -0.015931
v -0.289070 0.222927 -0.004138
v -0.287339 0.217385 -0.004121
v -0.278142 0.199872 -0.004071
v -0.261129 0.178709 -0.004015
v -0.237634 0.153232 0.003849
v -0.227902 0.141807 0.003775
v -0.222115 0.134154 0.003698
v -0.217540 0.127071 0.003594
v -0.214721 0.121384 0.003516
v -0.213557 0.116863 0.003554
v -0.262582 0.267852 0.020674
v -0.271133 0.263998 0.021108
v -0.276926 0.260147 0.020891
v -0.284851 0.248913 0.020568
v -0.287083 0.241152 0.020319
v -0.286015 0.222928 0.019813
v -0.273910 0.199105 0.019179
v -0.259487 0.181538 0.018646
v -0.235766 0.155754 0.017810
v -0.222383 0.139889 0.017279
v -0.212957 0.125323 0.016683
v -0.210745 0.118142 0.016270
v -0.211039 0.113999 0.016025
v -0.214858 0.109461 0.015753
v -0.200500 0.100589 0.017944
v -0.199232 0.099131 0.016954
v -0.194214 0.119472 0.018595
v -0.192552 0.119257 0.017567
v -0.199729 0.132311 0.019539
v -0.197561 0.133210 0.019068
v -0.198683 0.139474 0.018175
v -0.214597 0.155432 0.020416
v -0.208396 0.151287 0.019708
v -0.206813 0.152552 0.018611
v -0.222719 0.168404 0.020336
v -0.221193 0.169847 0.019208
v -0.258214 0.203622 0.022241
v -0.245715 0.193333 0.021264
v -0.244526 0.195150 0.020111
v -0.259855 0.210406 0.021917
v -0.258314 0.211715 0.020713
v -0.271167 0.224784 0.023111
v -0.269074 0.225748 0.022573
v -0.265277 0.222478 0.021165
v -0.273316 0.237796 0.023733
v -0.271129 0.234599 0.023038
v -0.269504 0.234402 0.021791
v -0.265976 0.250840 0.024459
v -0.267658 0.245078 0.023692
v -0.266219 0.243779 0.022416
v -0.201429 0.093404 0.010614
v -0.190520 0.115584 0.010805
v -0.196828 0.140341 0.013151
v -0.196238 0.139942 0.008386
v -0.209433 0.159521 0.013639
v -0.208756 0.159311 0.008801
v -0.219351 0.171306 0.013940
v -0.218860 0.171391 0.008940
v -0.243171 0.197159 0.014655
v -0.242882 0.197448 0.009709
v -0.256413 0.212894 0.015050
v -0.255831 0.212727 0.010048
v -0.263166 0.223283 0.013962
v -0.267733 0.233749 0.015881
v -0.267428 0.233171 0.010964
v -0.265408 0.241322 0.016356
v -0.265523 0.240376 0.010136
v -0.201400 0.094674 -0.014437
v -0.190572 0.115932 -0.011289
v -0.196422 0.140291 -0.008730
v -0.196918 0.140496 -0.013224
v -0.209093 0.159553 -0.012144
v -0.219885 0.171920 -0.013946
v -0.244018 0.198125 -0.014646
v -0.256698 0.213278 -0.015008
v -0.263672 0.223738 -0.015331
v -0.265390 0.240579 -0.010426
v -0.265343 0.241375 -0.016279
v -0.199351 0.099042 -0.016977
v -0.200705 0.100432 -0.017952
v -0.205947 0.098386 -0.018261
v -0.192563 0.119316 -0.017576
v -0.194210 0.119451 -0.018594
v -0.196263 0.114108 -0.018896
v -0.198758 0.139596 -0.018187
v -0.197586 0.133256 -0.019071
v -0.199643 0.132133 -0.019531
v -0.215873 0.163916 -0.018997
v -0.208375 0.151256 -0.019706
v -0.213953 0.154580 -0.020385
v -0.222357 0.168005 -0.020320
v -0.244975 0.195662 -0.020127
v -0.246149 0.193831 -0.021281
v -0.257798 0.203029 -0.022219
v -0.258566 0.212068 -0.020718
v -0.260044 0.210674 -0.021925
v -0.265444 0.222817 -0.021163
v -0.266946 0.221674 -0.022389
v -0.272377 0.226601 -0.023266
v -0.269491 0.234516 -0.021782
v -0.271018 0.237164 -0.023177
v -0.272779 0.240375 -0.023870
v -0.266288 0.243702 -0.022403
v -0.264921 0.247893 -0.023859
v -0.209603 0.102274 -0.018508
v -0.205999 0.123618 -0.019275
v -0.208306 0.118443 -0.018121
v -0.210674 0.126345 -0.018564
v -0.220893 0.147442 -0.020325
v -0.223601 0.145791 -0.019383
v -0.265293 0.196703 -0.022165
v -0.257381 0.182964 -0.020721
v -0.271879 0.200625 -0.021321
v -0.277047 0.215282 -0.022826
v -0.279737 0.213706 -0.021750
v -0.281251 0.243965 -0.023840
v -0.285313 0.233831 -0.022348
v -0.270642 0.254993 -0.024699
v -0.271539 0.258212 -0.024436
v -0.279894 0.253116 -0.023013
v -0.221479 0.107573 -0.007844
v -0.212297 0.117797 -0.013304
v -0.213306 0.117092 -0.008345
v -0.216724 0.128534 -0.013806
v -0.217253 0.127164 -0.008572
v -0.223992 0.139248 -0.014154
v -0.224176 0.137946 -0.010001
v -0.224339 0.137481 -0.005172
v -0.236700 0.154291 -0.014555
v -0.237424 0.153718 -0.010265
v -0.237602 0.153313 -0.005281
v -0.260628 0.180284 -0.015251
v -0.261356 0.179702 -0.010766
v -0.275673 0.198664 -0.015686
v -0.271236 0.191412 -0.010966
v -0.271050 0.190376 -0.004046
v -0.283493 0.211861 -0.015990
v -0.283915 0.210587 -0.011282
v -0.284005 0.209658 -0.004107
v -0.289290 0.232882 -0.016449
v -0.290509 0.234290 -0.008717
v -0.282413 0.256337 -0.016947
v -0.284035 0.256175 -0.008948
v -0.217543 0.109862 0.008168
v -0.216384 0.109885 0.012796
v -0.213148 0.117353 0.009400
v -0.212316 0.117862 0.013285
v -0.217323 0.127687 0.009726
v -0.216819 0.128686 0.013808
v -0.224352 0.138165 0.009959
v -0.224195 0.139507 0.014161
v -0.237670 0.153985 0.010240
v -0.237531 0.155219 0.014572
v -0.261472 0.179520 0.009454
v -0.261190 0.180930 0.015265
v -0.271435 0.191326 0.009632
v -0.271074 0.192736 0.015544
v -0.284095 0.210489 0.009940
v -0.283523 0.211936 0.016000
v -0.290323 0.234894 0.010314
v -0.289277 0.233009 0.016508
v -0.283602 0.256480 0.010643
v -0.282413 0.256337 0.016947
v -0.211041 0.106162 0.018335
v -0.208311 0.118400 0.018115
v -0.205038 0.114698 0.018789
v -0.201643 0.114468 0.019058
v -0.210637 0.126256 0.018555
v -0.207735 0.127342 0.019463
v -0.210185 0.140136 0.020229
v -0.220181 0.141164 0.019203
v -0.221514 0.148281 0.020357
v -0.233554 0.157055 0.019795
v -0.257472 0.183075 0.020724
v -0.265320 0.196796 0.022167
v -0.271712 0.200406 0.021318
v -0.279652 0.213560 0.021752
v -0.279349 0.220024 0.022998
v -0.285316 0.233805 0.022345
v -0.282263 0.234142 0.023484
v -0.278331 0.239600 0.024068
v -0.279817 0.253196 0.023027
v -0.276998 0.251999 0.024156
v -0.269679 0.254996 0.024768
v -0.242520 0.079251 0.004065
v -0.239516 0.074174 0.007336
v -0.244687 0.082298 0.000043
v -0.242038 0.078220 -0.003815
v -0.239746 0.074593 -0.007027
v -0.247471 0.087867 0.005576
v -0.247221 0.087245 -0.004506
v 0.008889 0.010157 -0.100532
v 0.014710 0.010089 -0.099780
v 0.030260 0.010157 -0.096281
v 0.048462 0.010157 -0.088527
v 0.063243 0.010157 -0.078651
v 0.067666 0.010089 -0.074791
v 0.078651 0.010157 -0.063243
v 0.088527 0.010157 -0.048462
v 0.094993 0.010089 -0.033894
v 0.096866 0.010157 -0.028331
v 0.100334 0.010157 -0.010895
v 0.100532 0.010157 0.008889
v 0.097814 0.010089 0.024593
v 0.096281 0.010157 0.030260
v 0.088527 0.010157 0.048462
v 0.078651 0.010157 0.063243
v 0.074791 0.010089 0.067666
v 0.063243 0.010157 0.078651
v 0.048462 0.010157 0.088527
v 0.033894 0.010089 0.094993
v 0.028331 0.010157 0.096866
v 0.010895 0.010157 0.100334
v -0.008889 0.010157 0.100532
v -0.024593 0.010089 0.097814
v -0.030260 0.010157 0.096281
v -0.048462 0.010157 0.088527
v -0.063243 0.010157 0.078651
v -0.067666 0.010089 0.074791
v -0.078651 0.010157 0.063243
v -0.088527 0.010157 0.048462
v -0.094993 0.010089 0.033894
v -0.096866 0.010157 0.028331
v -0.100334 0.010157 0.010895
v -0.100532 0.010157 -0.008889
v -0.097814 0.010089 -0.024593
v -0.096281 0.010157 -0.030260
v -0.088527 0.010157 -0.048462
v -0.078651 0.010157 -0.063243
v -0.074791 0.010089 -0.067666
v -0.063243 0.010157 -0.078651
v -0.048462 0.010157 -0.088527
v -0.033894 0.010089 -0.094993
v -0.028331 0.010157 -0.096866
v -0.010895 0.010157 -0.100334
v 0.023852 0.349185 -0.162012
v 0.016049 0.349229 -0.162947
v 0.008225 0.349181 -0.163553
v 0.055001 0.349185 -0.154246
v 0.047530 0.349229 -0.156685
v 0.039943 0.349191 -0.158812
v 0.052958 0.359120 -0.147965
v 0.045613 0.359152 -0.150366
v 0.084036 0.349185 -0.140552
v 0.070177 0.349185 -0.147960
v 0.077128 0.349414 -0.144296
v 0.080807 0.359120 -0.134791
v 0.074075 0.359145 -0.138585
v 0.067180 0.359120 -0.142074
v 0.109865 0.349196 -0.121434
v 0.103877 0.349227 -0.126567
v 0.097553 0.349384 -0.131379
v 0.105411 0.359387 -0.116303
v 0.126570 0.349227 -0.103873
v 0.121437 0.349193 -0.109862
v 0.131366 0.349376 -0.097574
v 0.147960 0.349185 -0.070177
v 0.140541 0.349191 -0.084053
v 0.144295 0.349417 -0.077127
v 0.142074 0.359120 -0.067180
v 0.158808 0.349185 -0.039962
v 0.156687 0.349220 -0.047531
v 0.154246 0.349185 -0.055001
v 0.152451 0.359120 -0.038172
v 0.150373 0.359145 -0.045616
v 0.147965 0.359120 -0.052958
v 0.163553 0.349195 -0.008177
v 0.162947 0.349229 -0.016049
v 0.161879 0.349384 -0.023922
v 0.156961 0.359127 -0.007694
v 0.156375 0.359152 -0.015402
v 0.162012 0.349185 0.023852
v 0.162949 0.349220 0.016049
v 0.163436 0.349376 0.008147
v 0.155454 0.359120 0.023074
v 0.156383 0.359145 0.015402
v 0.154246 0.349185 0.055001
v 0.156687 0.349220 0.047530
v 0.158812 0.349191 0.039943
v 0.147965 0.359120 0.052958
v 0.150373 0.359145 0.045615
v 0.140545 0.349191 0.084046
v 0.147971 0.349193 0.070151
v 0.144295 0.349418 0.077127
v 0.121437 0.349193 0.109862
v 0.126567 0.349227 0.103877
v 0.131380 0.349384 0.097552
v 0.103873 0.349227 0.126570
v 0.109862 0.349193 0.121437
v 0.097551 0.349384 0.131381
v 0.070177 0.349185 0.147960
v 0.084053 0.349191 0.140541
v 0.077127 0.349417 0.144295
v 0.067180 0.359120 0.142074
v 0.039943 0.349191 0.158812
v 0.047531 0.349220 0.156687
v 0.055001 0.349185 0.154246
v 0.045616 0.359145 0.150373
v 0.052958 0.359120 0.147965
v 0.008213 0.349185 0.163553
v 0.016049 0.349229 0.162947
v 0.023922 0.349384 0.161879
v 0.007697 0.359120 0.156968
v 0.015402 0.359152 0.156375
v -0.023852 0.349185 0.162012
v -0.016049 0.349220 0.162949
v -0.008147 0.349376 0.163436
v -0.023074 0.359120 0.155454
v -0.015402 0.359145 0.156383
v -0.047530 0.349220 0.156687
v -0.039935 0.349193 0.158814
v -0.055025 0.349378 0.154109
v -0.052958 0.359120 0.147965
v -0.045615 0.359145 0.150373
v -0.084036 0.349185 0.140552
v -0.077185 0.349227 0.144402
v -0.070151 0.349193 0.147971
v -0.080807 0.359120 0.134791
v -0.109865 0.349196 0.121434
v -0.103880 0.349219 0.126566
v -0.097552 0.349384 0.131380
v -0.099686 0.359145 0.121473
v -0.105552 0.359128 0.116424
v -0.126570 0.349227 0.103873
v -0.121437 0.349193 0.109862
v -0.131366 0.349376 0.097574
v -0.147960 0.349185 0.070177
v -0.140541 0.349191 0.084053
v -0.144295 0.349417 0.077127
v -0.142074 0.359120 0.067180
v -0.158808 0.349185 0.039963
v -0.156689 0.349219 0.047523
v -0.154232 0.349195 0.055035
v -0.152451 0.359120 0.038172
v -0.150373 0.359144 0.045618
v -0.163553 0.349185 0.008213
v -0.162950 0.349211 0.016049
v -0.161887 0.349372 0.023885
v -0.162012 0.349185 -0.023852
v -0.162949 0.349220 -0.016049
v -0.163436 0.349388 -0.008102
v -0.155454 0.359120 -0.023074
v -0.156383 0.359145 -0.015402
v -0.154246 0.349185 -0.055001
v -0.156687 0.349220 -0.047530
v -0.158812 0.349191 -0.039943
v -0.147965 0.359120 -0.052958
v -0.150373 0.359145 -0.045615
v -0.140545 0.349191 -0.084046
v -0.147971 0.349193 -0.070151
v -0.144295 0.349418 -0.077127
v -0.121437 0.349193 -0.109862
v -0.126567 0.349227 -0.103877
v -0.131380 0.349384 -0.097552
v -0.103873 0.349227 -0.126570
v -0.109862 0.349193 -0.121437
v -0.097551 0.349384 -0.131381
v -0.070151 0.349193 -0.147971
v -0.084053 0.349191 -0.140541
v -0.077127 0.349418 -0.144295
v -0.039943 0.349191 -0.158812
v -0.047530 0.349229 -0.156685
v -0.055027 0.349193 -0.154235
v -0.045613 0.359152 -0.150366
v -0.008177 0.349195 -0.163553
v -0.016049 0.349229 -0.162947
v -0.023922 0.349384 -0.161879
v -0.007694 0.359127 -0.156961
v -0.015402 0.359152 -0.156375
v 0.017487 0.350294 -0.146573
v 0.017988 0.348698 -0.145820
v 0.042723 0.349822 -0.140837
v 0.098712 0.349850 -0.109194
v 0.118118 0.349850 -0.087838
v 0.113767 0.349822 -0.093366
v 0.132984 0.349850 -0.063106
v 0.140837 0.349822 -0.042722
v 0.145638 0.349842 -0.021357
v 0.147176 0.350290 -0.011324
v 0.146528 0.348697 -0.010805
v 0.146573 0.350294 0.017487
v 0.145820 0.348698 0.017988
v 0.140835 0.349813 0.042722
v 0.129796 0.349822 0.069377
v 0.109194 0.349850 0.098712
v 0.118118 0.349850 0.087838
v 0.087838 0.349850 0.118118
v 0.093366 0.349822 0.113767
v 0.063106 0.349850 0.132984
v 0.042722 0.349822 0.140837
v 0.021357 0.349842 0.145638
v 0.010627 0.350287 0.147226
v 0.010805 0.348697 0.146528
v -0.018072 0.350284 0.146497
v -0.017988 0.348698 0.145820
v -0.042723 0.349822 0.140837
v -0.098712 0.349850 0.109194
v -0.118118 0.349850 0.087838
v -0.113767 0.349822 0.093366
v -0.132984 0.349850 0.063106
v -0.140837 0.349822 0.042722
v -0.145638 0.349842 0.021357
v -0.147226 0.350287 0.010627
v -0.146528 0.348697 0.010805
v -0.145633 0.349850 -0.021411
v -0.146463 0.349813 -0.014425
v -0.140837 0.349822 -0.042723
v -0.109229 0.349842 -0.098670
v -0.087838 0.349850 -0.118118
v -0.093366 0.349822 -0.113767
v -0.063106 0.349850 -0.132984
v -0.042722 0.349813 -0.140835
v -0.021357 0.349842 -0.145638
v -0.010627 0.350287 -0.147226
v -0.010805 0.348697 -0.146528
v -0.000000 0.000034 -0.000000
v 0.061892 0.000267 -0.014678
v 0.043918 0.000249 0.045312
v -0.054074 0.000270 0.033567
v -0.007944 0.000305 -0.066342
v 0.028268 0.000268 -0.057532
v 0.069637 0.294514 -0.147259
v 0.081190 0.294731 -0.141291
v 0.141291 0.294731 -0.081190
v 0.158015 0.294514 0.039570
v 0.147259 0.294514 0.069637
v 0.141291 0.294731 0.081190
v 0.081190 0.294731 0.141291
v 0.039570 0.294514 0.158015
v -0.039570 0.294514 0.158015
v -0.069637 0.294514 0.147259
v -0.141291 0.294731 0.081190
v -0.147259 0.294514 0.069637
v -0.155159 0.288054 0.047580
v -0.159000 0.285992 0.039162
v -0.158115 0.293313 0.039998
v -0.166126 0.286406 0.023473
v -0.162486 0.291403 0.023775
v -0.168407 0.287004 0.012126
v -0.164157 0.291640 0.012573
v -0.168032 0.286752 -0.015658
v -0.163772 0.291509 -0.015873
v -0.166126 0.286406 -0.023473
v -0.162486 0.291403 -0.023775
v -0.159000 0.285992 -0.039162
v -0.158115 0.293313 -0.039997
v -0.155159 0.288054 -0.047580
v -0.147259 0.294514 -0.069637
v -0.141291 0.294731 -0.081190
v -0.081190 0.294731 -0.141291
v 0.015565 0.359448 -0.156147
v 0.020126 0.317511 -0.163147
v -0.015329 0.359692 -0.155635
v -0.020018 0.320765 -0.163224
v 0.051568 0.317510 -0.156086
v 0.077623 0.328415 -0.144960
v 0.073721 0.359692 -0.137921
v 0.101263 0.320765 -0.129571
v 0.129509 0.320882 -0.101342
v 0.148520 0.317516 -0.070314
v 0.144960 0.328416 -0.077623
v 0.157256 0.317599 -0.047703
v 0.149409 0.359703 -0.046145
v 0.163224 0.320766 -0.020018
v 0.163147 0.317511 0.020126
v 0.164230 0.327271 0.008068
v 0.155695 0.359703 0.014544
v 0.156086 0.317510 0.051568
v 0.149693 0.359674 0.045504
v 0.144960 0.328415 0.077623
v 0.137536 0.359703 0.074406
v 0.129571 0.320765 0.101263
v 0.101342 0.320882 0.129509
v 0.070314 0.317516 0.148520
v 0.077623 0.328416 0.144960
v 0.047703 0.317599 0.157256
v 0.046145 0.359703 0.149409
v 0.020018 0.320766 0.163224
v -0.012211 0.320765 0.163993
v -0.014544 0.359703 0.155695
v -0.051512 0.320601 0.156175
v -0.044639 0.359703 0.149866
v -0.077465 0.317601 0.144928
v -0.073720 0.359692 0.137922
v -0.101263 0.320765 0.129571
v -0.129509 0.320882 0.101342
v -0.148520 0.317516 0.070314
v -0.144960 0.328416 0.077623
v -0.137536 0.359703 0.074407
v -0.158496 0.318090 0.043623
v -0.154652 0.317246 0.055534
v -0.163224 0.320766 0.020018
v -0.155541 0.359703 0.016109
v -0.163540 0.317599 -0.016107
v -0.164228 0.321132 -0.007826
v -0.154652 0.317245 -0.055533
v -0.158411 0.317524 -0.043867
v -0.149866 0.359703 -0.044640
v -0.146878 0.321808 -0.074036
v -0.138278 0.359703 -0.073019
v -0.129571 0.320765 -0.101263
v -0.101342 0.320882 -0.129509
v -0.099183 0.359674 -0.121001
v -0.077623 0.328416 -0.144960
v -0.047703 0.317599 -0.157256
v -0.046145 0.359703 -0.149409
v 0.008986 0.050523 -0.091239
v 0.008643 0.039978 -0.087751
v -0.011223 0.050649 -0.090979
v 0.028757 0.050649 -0.087042
v 0.041566 0.039978 -0.077764
v 0.056396 0.050649 -0.072268
v 0.069411 0.050649 -0.059877
v 0.080855 0.050523 -0.043218
v 0.077764 0.039978 -0.041566
v 0.090979 0.050649 -0.011223
v 0.091239 0.050523 0.008986
v 0.087042 0.050649 0.028757
v 0.084379 0.039978 0.025596
v 0.079759 0.050649 0.045185
v 0.069411 0.050649 0.059877
v 0.055938 0.039978 0.068161
v 0.045185 0.050649 0.079759
v 0.028757 0.050649 0.087042
v 0.011223 0.050649 0.090979
v 0.008643 0.039978 0.087751
v -0.008986 0.050523 0.091239
v -0.028757 0.050649 0.087042
v -0.023508 0.040010 0.084957
v -0.056396 0.050649 0.072268
v -0.069411 0.050649 0.059877
v -0.068161 0.039978 0.055938
v -0.080855 0.050523 0.043218
v -0.076712 0.040042 0.043677
v -0.090979 0.050649 0.011223
v -0.091239 0.050523 -0.008986
v -0.087042 0.050649 -0.028757
v -0.084379 0.039978 -0.025596
v -0.079759 0.050649 -0.045185
v -0.069411 0.050649 -0.059877
v -0.068161 0.039978 -0.055938
v -0.056396 0.050649 -0.072268
v -0.041214 0.050649 -0.081882
v -0.039631 0.040010 -0.078738
v -0.123661 0.231753 -0.018321
v -0.138035 0.305668 -0.011057
v -0.016085 0.305667 0.137539
v 0.016085 0.305665 0.137539
v 0.123661 0.231753 0.018321
v 0.138035 0.305668 0.011057
v 0.018321 0.231754 -0.123661
v 0.011057 0.305668 -0.138035
v -0.030329 0.023590 -0.099982
v -0.049253 0.023598 -0.092145
v -0.066284 0.023604 -0.080767
v -0.080766 0.023597 -0.066283
v -0.092145 0.023596 -0.049253
v -0.112790 0.064740 -0.027492
v -0.107289 0.061603 -0.035121
v -0.110594 0.063083 -0.029422
v -0.119263 0.074323 -0.028640
v -0.121834 0.080468 -0.029551
v -0.112613 0.074357 -0.033688
v -0.114231 0.079924 -0.034156
v -0.125173 0.096861 -0.030513
v -0.125529 0.102591 -0.030168
v -0.118491 0.101625 -0.035585
v -0.115830 0.106924 -0.040943
v -0.123039 0.112633 -0.030020
v -0.122074 0.117638 -0.030322
v -0.120255 0.121402 -0.036680
v -0.117461 0.116996 -0.042066
v -0.148808 0.238242 -0.036648
v -0.146798 0.236710 -0.039205
v -0.154406 0.248059 -0.038066
v -0.156712 0.254202 -0.039145
v -0.149776 0.253326 -0.045152
v -0.160078 0.270955 -0.040202
v -0.160663 0.276285 -0.039592
v -0.153574 0.272185 -0.046522
v -0.151216 0.280021 -0.053491
v -0.111313 0.055090 -0.009066
v -0.113765 0.059979 -0.015353
v -0.110363 0.054548 -0.015050
v -0.119356 0.064092 -0.016424
v -0.126930 0.117777 -0.012199
v -0.125272 0.122548 -0.016195
v -0.130291 0.112813 -0.017961
v -0.125800 0.117687 -0.018275
v -0.157276 0.237415 -0.012690
v -0.150664 0.233425 -0.020161
v -0.155248 0.237828 -0.021943
v -0.110716 0.055290 0.014911
v -0.113220 0.059752 0.016433
v -0.119356 0.064092 0.016424
v -0.114472 0.059643 0.009712
v -0.121342 0.063630 0.009697
v -0.130291 0.112813 0.017961
v -0.125800 0.117687 0.018275
v -0.132422 0.113369 0.009456
v -0.127225 0.117911 0.009754
v -0.125961 0.122566 0.009886
v -0.150068 0.233220 0.021957
v -0.155248 0.237828 0.021943
v -0.151541 0.233111 0.012513
v -0.157363 0.237200 0.010621
v -0.110594 0.063083 0.029422
v -0.112790 0.064740 0.027492
v -0.112613 0.074357 0.033688
v -0.114231 0.079924 0.034156
v -0.119263 0.074323 0.028640
v -0.121834 0.080468 0.029551
v -0.115830 0.106924 0.040943
v -0.118491 0.101626 0.035585
v -0.125173 0.096861 0.030513
v -0.125529 0.102591 0.030168
v -0.117461 0.116997 0.042066
v -0.120255 0.121402 0.036680
v -0.123039 0.112633 0.030020
v -0.122074 0.117638 0.030322
v -0.146798 0.236710 0.039205
v -0.148808 0.238242 0.036648
v -0.149776 0.253326 0.045152
v -0.154406 0.248059 0.038066
v -0.156712 0.254202 0.039145
v -0.151215 0.280020 0.053491
v -0.153574 0.272185 0.046521
v -0.160078 0.270955 0.040202
v -0.160663 0.276285 0.039592
v -0.092143 0.023585 0.049251
v -0.080766 0.023595 0.066282
v -0.066283 0.023597 0.080766
v -0.049253 0.023596 0.092145
v -0.068960 0.285207 0.145800
v -0.030328 0.023579 0.099979
v -0.010241 0.023593 0.103978
v -0.007915 0.285210 0.161092
v 0.015337 0.023743 0.103383
v 0.010630 0.016440 0.102370
v 0.030330 0.023609 0.099986
v 0.049251 0.023585 0.092143
v 0.066282 0.023595 0.080766
v 0.080766 0.023597 0.066283
v 0.092145 0.023596 0.049253
v 0.145800 0.285207 0.068960
v 0.099979 0.023579 0.030328
v 0.103978 0.023593 0.010241
v 0.161092 0.285210 0.007915
v 0.103383 0.023743 -0.015337
v 0.102370 0.016440 -0.010630
v 0.099986 0.023609 -0.030330
v 0.092143 0.023585 -0.049251
v 0.080767 0.023606 -0.066284
v 0.066283 0.023597 -0.080766
v 0.049253 0.023596 -0.092145
v 0.068960 0.285207 -0.145800
v 0.025393 0.023746 -0.101383
v 0.029355 0.016440 -0.098645
v -0.010241 0.023594 -0.103979
v 0.010241 0.023591 -0.103978
v -0.211957 0.269311 0.027790
v -0.209343 0.272557 0.026995
v -0.188889 0.274255 0.029544
v -0.188181 0.270437 0.030805
v -0.222702 0.255645 0.026383
v -0.209073 0.251893 0.025524
v -0.203250 0.255510 0.027913
v -0.183740 0.255048 0.030394
v -0.181972 0.250089 0.028536
v -0.192938 0.095356 0.019363
v -0.190769 0.092447 0.020303
v -0.159242 0.098946 0.022158
v -0.158237 0.093298 0.023319
v -0.210573 0.078356 0.018649
v -0.183418 0.075105 0.018727
v -0.180166 0.079036 0.020350
v -0.154321 0.079637 0.022564
v -0.152325 0.074783 0.021151
v -0.211553 0.265857 -0.028067
v -0.211487 0.269436 -0.027823
v -0.209343 0.272557 -0.026995
v -0.187680 0.269488 -0.031075
v -0.188889 0.274255 -0.029544
v -0.210552 0.251855 -0.025339
v -0.209746 0.254882 -0.026947
v -0.181972 0.250089 -0.028536
v -0.183396 0.253944 -0.030076
v -0.213949 0.089790 -0.019214
v -0.191674 0.095565 -0.019408
v -0.183956 0.092138 -0.020967
v -0.158260 0.094147 -0.023241
v -0.159242 0.098946 -0.022158
v -0.185457 0.075048 -0.018566
v -0.185551 0.078169 -0.019729
v -0.152325 0.074783 -0.021151
v -0.154834 0.080122 -0.022660
v -0.185515 0.070365 -0.008291
v -0.185384 0.071243 -0.013362
v -0.152008 0.069862 -0.014929
v -0.195105 0.099163 -0.014154
v -0.196230 0.100107 -0.007872
v -0.161748 0.103830 -0.015938
v -0.164123 0.104662 -0.009604
v -0.221958 0.247743 -0.011271
v -0.202715 0.246468 -0.011694
v -0.201709 0.247341 -0.018884
v -0.181909 0.245164 -0.020198
v -0.235147 0.274761 -0.010303
v -0.193809 0.278809 -0.020781
v -0.194717 0.279952 -0.011735
v -0.184622 0.071205 0.013350
v -0.152008 0.069862 0.014929
v -0.153686 0.068884 0.008990
v -0.196583 0.099943 0.008783
v -0.195582 0.099091 0.014151
v -0.161748 0.103830 0.015938
v -0.211604 0.248193 0.018322
v -0.221358 0.247611 0.010015
v -0.202060 0.246284 0.010352
v -0.181909 0.245164 0.020198
v -0.183541 0.244245 0.012076
v -0.233775 0.274801 0.011793
v -0.191644 0.279115 0.021206
v -0.214469 0.090101 0.017605
v -0.213431 0.088242 0.016654
v -0.219991 0.081500 0.012003
v -0.220161 0.080756 0.007594
v -0.208795 0.087828 0.010528
v -0.219876 0.081578 -0.012037
v -0.213922 0.087971 -0.016665
v -0.215303 0.089644 -0.017600
v -0.217665 0.101628 -0.018147
v -0.220325 0.103240 -0.017326
v -0.223845 0.105250 -0.012790
v -0.228288 0.103175 0.012703
v -0.219541 0.103749 0.017327
v -0.228890 0.095972 0.017928
v -0.210314 0.102448 0.018482
v -0.194936 0.109822 0.018240
v -0.194527 0.106567 0.017174
v -0.192976 0.111742 0.017330
v -0.194542 0.129516 0.017867
v -0.268270 0.228916 0.021482
v -0.270497 0.239843 0.023354
v -0.268986 0.239079 0.022074
v -0.261743 0.250086 0.024039
v -0.260529 0.248168 0.022703
v -0.196277 0.098569 0.007025
v -0.192914 0.104186 0.007219
v -0.191098 0.109841 0.007506
v -0.190754 0.121237 0.010981
v -0.191699 0.126847 0.011122
v -0.193254 0.132347 0.011241
v -0.202519 0.150099 0.013392
v -0.201875 0.149817 0.008611
v -0.266157 0.228947 0.014329
v -0.267537 0.237500 0.016106
v -0.267383 0.236788 0.010772
v -0.261992 0.243604 0.009910
v -0.257574 0.245606 0.009633
v -0.250027 0.247154 0.009582
v -0.196203 0.099025 -0.010772
v -0.192904 0.104646 -0.010948
v -0.191150 0.110287 -0.011133
v -0.190847 0.121584 -0.011420
v -0.191832 0.127195 -0.011531
v -0.193429 0.132702 -0.011628
v -0.202103 0.150143 -0.008870
v -0.202609 0.150223 -0.013432
v -0.266524 0.229428 -0.015537
v -0.267498 0.237576 -0.015999
v -0.261839 0.243948 -0.014310
v -0.257569 0.245676 -0.010457
v -0.250123 0.247224 -0.010622
v -0.194527 0.106567 -0.017174
v -0.194958 0.109795 -0.018248
v -0.192976 0.111742 -0.017330
v -0.194591 0.129635 -0.017881
v -0.204389 0.148940 -0.018491
v -0.268333 0.229165 -0.021473
v -0.270556 0.230434 -0.022808
v -0.268972 0.239087 -0.022067
v -0.269592 0.242060 -0.023493
v -0.260648 0.248075 -0.022666
v -0.257668 0.252490 -0.024555
v -0.206088 0.111628 -0.018614
v -0.211668 0.109507 -0.017608
v -0.202490 0.112562 -0.018953
v -0.208633 0.113577 -0.017835
v -0.281606 0.227642 -0.023254
v -0.283576 0.223565 -0.022063
v -0.284098 0.243739 -0.022703
v -0.272234 0.260999 -0.023357
v -0.213881 0.112035 -0.013013
v -0.216802 0.110509 -0.008147
v -0.214572 0.112610 -0.007996
v -0.212399 0.114929 -0.013179
v -0.213607 0.114513 -0.007648
v -0.213694 0.122678 -0.013576
v -0.214481 0.121580 -0.008432
v -0.278184 0.200836 -0.011126
v -0.287506 0.222216 -0.016128
v -0.288171 0.221240 -0.011441
v -0.290090 0.228542 -0.008625
v -0.288731 0.240947 -0.016604
v -0.290125 0.240017 -0.008806
v -0.286628 0.248841 -0.016765
v -0.288923 0.245639 -0.008865
v -0.286900 0.251053 -0.008903
v -0.278513 0.260783 -0.017070
v -0.280121 0.260901 -0.009063
v -0.272664 0.264796 -0.017248
v -0.274266 0.265125 -0.009307
v -0.265340 0.268856 -0.009598
v -0.214468 0.112680 0.008239
v -0.212635 0.114029 0.013061
v -0.213500 0.114562 0.008225
v -0.214414 0.121956 0.009564
v -0.213739 0.122771 0.013575
v -0.278365 0.200731 0.009779
v -0.277928 0.202171 0.015770
v -0.287289 0.218106 0.010040
v -0.287528 0.222335 0.016162
v -0.288943 0.223606 0.010122
v -0.289988 0.229220 0.010213
v -0.289863 0.240566 0.010412
v -0.288731 0.240947 0.016604
v -0.288589 0.246129 0.010495
v -0.286531 0.249004 0.016865
v -0.286502 0.251473 0.010564
v -0.279697 0.261059 0.010777
v -0.278513 0.260783 0.017070
v -0.273811 0.265206 0.010949
v -0.272664 0.264796 0.017248
v -0.264800 0.268895 0.011156
v -0.211668 0.109507 0.017608
v -0.208640 0.113655 0.017832
v -0.283535 0.223460 0.022067
v -0.284086 0.243766 0.022708
v -0.281091 0.243361 0.023821
v -0.272104 0.261048 0.023380
v -0.269388 0.259382 0.024525
v -0.260307 0.265800 0.023873
v -0.248279 0.090007 0.010211
v -0.239103 0.074310 -0.011039
v -0.248386 0.090098 -0.009977
vn -0.6109 0.7448 -0.2684
vn -0.2993 0.9357 -0.1870
vn -0.5643 0.7482 -0.3489
vn -0.3292 0.9353 -0.1295
vn -0.4931 0.7443 -0.4505
vn -0.2456 0.9368 -0.2493
vn 0.6563 0.7447 0.1212
vn 0.3544 0.9306 0.0914
vn 0.6030 0.7533 0.2626
vn 0.3076 0.9346 0.1787
vn 0.1461 0.9883 0.0429
vn 0.1214 0.9881 0.0942
vn 0.5441 0.7474 0.3813
vn -0.0017 0.9987 0.0504
vn 0.0322 0.9987 0.0402
vn -0.0248 0.9989 0.0385
vn 0.2539 0.9357 0.2451
vn 0.4577 0.7466 0.4828
vn -0.2512 0.7476 -0.6149
vn -0.0864 0.9342 -0.3462
vn -0.1018 0.7436 -0.6608
vn -0.1399 0.9371 -0.3198
vn -0.1311 0.7461 0.6528
vn -0.1288 0.9342 0.3327
vn -0.2819 0.7439 0.6059
vn -0.0526 0.9371 0.3451
vn 0.2109 0.9347 0.2861
vn 0.3436 0.7435 0.5737
vn -0.0049 0.9332 -0.3593
vn 0.0299 0.7500 -0.6608
vn -0.1867 0.9347 0.3024
vn -0.3926 0.7508 0.5312
vn 0.1377 0.9349 0.3270
vn 0.2387 0.7528 0.6135
vn 0.0596 0.9360 -0.3470
vn 0.1487 0.7459 -0.6493
vn -0.2453 0.9361 0.2520
vn -0.4794 0.7504 0.4551
vn 0.1238 0.9342 -0.3346
vn 0.2691 0.7496 -0.6048
vn 0.0021 0.9988 -0.0481
vn -0.0172 0.9992 -0.0369
vn 0.0362 0.9991 -0.0208
vn 0.0292 0.9987 -0.0415
vn -0.2861 0.9347 0.2109
vn -0.5719 0.7428 0.3481
vn 0.1913 0.9356 -0.2966
vn 0.3791 0.7490 -0.5434
vn -0.3270 0.9349 0.1377
vn -0.6142 0.7519 0.2396
vn 0.2390 0.9356 -0.2597
vn 0.4809 0.7457 -0.4611
vn 0.2939 0.9332 -0.2067
vn 0.5706 0.7440 -0.3476
vn 0.3256 0.9348 -0.1420
vn 0.6158 0.7499 -0.2416
vn 0.0379 0.9992 0.0125
vn 0.0471 0.9989 -0.0034
vn -0.6527 0.7466 -0.1287
vn -0.3451 0.9371 -0.0526
vn -0.0582 0.9983 -0.0061
vn -0.0363 0.9992 0.0177
vn -0.0313 0.9992 -0.0260
vn 0.1344 -0.2591 -0.9565
vn 0.0736 -0.4794 -0.8745
vn 0.0467 -0.2568 -0.9653
vn 0.1273 -0.4889 -0.8630
vn 0.0227 -0.5323 -0.8462
vn -0.0312 -0.4817 -0.8758
vn 0.0069 -0.8636 -0.5042
vn 0.1054 -0.8633 -0.4935
vn 0.0008 -0.9962 -0.0876
vn 0.0176 -0.9962 -0.0853
vn 0.2673 -0.4849 -0.8327
vn 0.1813 -0.5770 -0.7964
vn 0.2037 -0.3712 -0.9059
vn 0.2742 -0.2582 -0.9264
vn 0.1909 -0.2468 -0.9501
vn 0.1998 -0.8635 -0.4632
vn 0.0340 -0.9962 -0.0807
vn 0.4193 -0.4806 -0.7702
vn 0.3298 -0.5733 -0.7501
vn 0.3722 -0.3720 -0.8503
vn 0.4212 -0.2480 -0.8724
vn 0.3647 -0.2487 -0.8973
vn 0.4870 -0.4798 -0.7298
vn 0.3962 -0.6318 -0.6662
vn 0.2862 -0.8636 -0.4150
vn 0.0494 -0.9962 -0.0714
vn 0.5530 -0.4798 -0.6812
vn 0.4633 -0.6264 -0.6269
vn 0.3584 -0.8642 -0.3532
vn 0.0841 -0.9940 -0.0699
vn 0.6822 -0.4807 -0.5510
vn 0.5932 -0.5770 -0.5615
vn 0.6730 -0.3715 -0.6395
vn 0.7228 -0.2480 -0.6451
vn 0.6820 -0.2467 -0.6885
vn 0.7292 -0.4795 -0.4882
vn 0.6210 -0.6318 -0.4638
vn 0.4200 -0.8674 -0.2669
vn 0.7717 -0.4800 -0.4171
vn 0.6679 -0.6264 -0.4019
vn 0.4678 -0.8638 -0.1873
vn 0.0826 -0.9960 -0.0341
vn 0.0196 -0.9997 -0.0143
vn 0.8434 -0.4795 -0.2424
vn 0.8635 -0.4744 -0.1712
vn 0.7512 -0.6318 -0.1909
vn 0.8229 -0.4849 -0.2960
vn 0.7414 -0.5809 -0.3361
vn 0.8474 -0.3723 -0.3785
vn 0.4961 -0.8635 -0.0909
vn 0.0856 -0.9962 -0.0158
vn 0.8713 -0.4815 -0.0955
vn 0.7709 -0.6264 -0.1157
vn 0.5030 -0.8643 0.0039
vn 0.1089 -0.9940 0.0101
vn 0.8737 -0.4799 0.0800
vn 0.8462 -0.5323 0.0227
vn 0.8766 -0.4799 -0.0344
vn 0.4859 -0.8674 0.1073
vn 0.8488 -0.4847 0.2110
vn 0.8031 -0.5809 0.1324
vn 0.9149 -0.3722 0.1563
vn 0.8357 -0.4797 0.2675
vn 0.4630 -0.8638 0.1988
vn 0.0822 -0.9960 0.0343
vn 0.0236 -0.9997 0.0039
vn 0.7702 -0.4806 0.4193
vn 0.7501 -0.5733 0.3298
vn 0.8503 -0.3720 0.3722
vn 0.8724 -0.2480 0.4212
vn 0.8973 -0.2487 0.3647
vn 0.7298 -0.4798 0.4870
vn 0.6662 -0.6318 0.3962
vn 0.4150 -0.8636 0.2862
vn 0.0721 -0.9962 0.0487
vn 0.6812 -0.4798 0.5530
vn 0.6269 -0.6264 0.4633
vn 0.3518 -0.8633 0.3618
vn 0.0615 -0.9962 0.0623
vn 0.5510 -0.4807 0.6822
vn 0.5615 -0.5770 0.5932
vn 0.6395 -0.3715 0.6730
vn 0.6451 -0.2480 0.7228
vn 0.6886 -0.2466 0.6819
vn 0.4882 -0.4795 0.7292
vn 0.4638 -0.6318 0.6210
vn 0.2738 -0.8635 0.4236
vn 0.0477 -0.9962 0.0728
vn 0.4171 -0.4800 0.7718
vn 0.4019 -0.6264 0.6679
vn 0.1867 -0.8635 0.4685
vn 0.0327 -0.9962 0.0803
vn 0.2424 -0.4796 0.8434
vn 0.1711 -0.4745 0.8635
vn 0.1909 -0.6318 0.7512
vn 0.2960 -0.4849 0.8229
vn 0.3361 -0.5809 0.7413
vn 0.3785 -0.3723 0.8474
vn 0.0909 -0.8635 0.4961
vn 0.0166 -0.9962 0.0860
vn 0.0955 -0.4815 0.8713
vn 0.1157 -0.6264 0.7708
vn -0.0073 -0.8634 0.5044
vn -0.0008 -0.9962 0.0876
vn -0.0799 -0.4798 0.8737
vn -0.0227 -0.5323 0.8463
vn 0.0342 -0.4798 0.8767
vn -0.1050 -0.8635 0.4933
vn -0.0176 -0.9962 0.0854
vn -0.2110 -0.4847 0.8488
vn -0.1324 -0.5809 0.8031
vn -0.1563 -0.3722 0.9149
vn -0.2675 -0.4797 0.8357
vn -0.1998 -0.8635 0.4632
vn -0.0340 -0.9961 0.0808
vn -0.4193 -0.4806 0.7702
vn -0.3298 -0.5733 0.7501
vn -0.3722 -0.3720 0.8503
vn -0.4212 -0.2480 0.8724
vn -0.3647 -0.2487 0.8973
vn -0.4870 -0.4798 0.7298
vn -0.3962 -0.6318 0.6662
vn -0.2862 -0.8636 0.4150
vn -0.0493 -0.9962 0.0724
vn -0.5531 -0.4797 0.6812
vn -0.4633 -0.6264 0.6269
vn -0.3618 -0.8633 0.3518
vn -0.0620 -0.9962 0.0612
vn -0.6822 -0.4807 0.5510
vn -0.5932 -0.5770 0.5615
vn -0.6730 -0.3715 0.6396
vn -0.7228 -0.2480 0.6451
vn -0.6820 -0.2467 0.6885
vn -0.7292 -0.4795 0.4882
vn -0.6210 -0.6318 0.4638
vn -0.4236 -0.8635 0.2738
vn -0.0730 -0.9962 0.0475
vn -0.7717 -0.4800 0.4171
vn -0.6679 -0.6264 0.4019
vn -0.4659 -0.8643 0.1893
vn -0.1044 -0.9940 0.0323
vn -0.8416 -0.4817 0.2443
vn -0.8620 -0.4767 0.1720
vn -0.7512 -0.6318 0.1909
vn -0.8258 -0.4810 0.2944
vn -0.7414 -0.5809 0.3361
vn -0.8481 -0.3718 0.3775
vn -0.4900 -0.8674 0.0859
vn -0.9627 -0.2535 0.0952
vn -0.8715 -0.4814 0.0939
vn -0.9562 -0.2553 0.1433
vn -0.7709 -0.6264 0.1157
vn -0.5040 -0.8637 -0.0064
vn -0.0890 -0.9960 -0.0002
vn -0.0234 -0.9997 0.0055
vn -0.9622 -0.2539 -0.0982
vn -0.8732 -0.4814 -0.0763
vn -0.9652 -0.2581 -0.0417
vn -0.8462 -0.5323 -0.0227
vn -0.8772 -0.4788 0.0346
vn -0.4933 -0.8635 -0.1050
vn -0.0852 -0.9962 -0.0173
vn -0.8503 -0.4809 -0.2140
vn -0.8031 -0.5809 -0.1324
vn -0.9140 -0.3732 -0.1591
vn -0.8353 -0.4818 -0.2648
vn -0.4632 -0.8635 -0.1998
vn -0.0807 -0.9962 -0.0341
vn -0.7702 -0.4806 -0.4193
vn -0.7501 -0.5733 -0.3298
vn -0.8500 -0.3725 -0.3726
vn -0.8727 -0.2477 -0.4208
vn -0.8971 -0.2506 -0.3639
vn -0.7298 -0.4797 -0.4871
vn -0.6662 -0.6318 -0.3962
vn -0.4150 -0.8636 -0.2862
vn -0.0713 -0.9962 -0.0494
vn -0.6812 -0.4798 -0.5530
vn -0.6269 -0.6264 -0.4633
vn -0.3532 -0.8642 -0.3584
vn -0.0699 -0.9940 -0.0841
vn -0.5510 -0.4807 -0.6822
vn -0.5615 -0.5770 -0.5932
vn -0.6395 -0.3715 -0.6730
vn -0.6451 -0.2479 -0.7227
vn -0.6885 -0.2469 -0.6819
vn -0.4882 -0.4795 -0.7292
vn -0.4638 -0.6318 -0.6210
vn -0.2669 -0.8674 -0.4200
vn -0.4171 -0.4800 -0.7717
vn -0.4019 -0.6264 -0.6679
vn -0.1873 -0.8638 -0.4678
vn -0.0343 -0.9960 -0.0828
vn -0.0141 -0.9997 -0.0193
vn -0.2424 -0.4796 -0.8434
vn -0.1722 -0.4756 -0.8627
vn -0.1909 -0.6318 -0.7512
vn -0.2961 -0.4848 -0.8230
vn -0.3361 -0.5809 -0.7413
vn -0.3784 -0.3723 -0.8475
vn -0.0909 -0.8635 -0.4961
vn -0.0166 -0.9961 -0.0863
vn -0.0538 -0.2582 -0.9646
vn -0.0963 -0.4794 -0.8723
vn -0.1398 -0.2537 -0.9571
vn -0.1157 -0.6264 -0.7709
vn 0.1449 0.0647 -0.9873
vn 0.1941 0.0978 -0.9761
vn 0.1941 0.0550 -0.9794
vn 0.0414 0.5533 -0.8320
vn -0.0000 0.5539 -0.8326
vn 0.0343 0.6927 -0.7204
vn 0.0819 0.5545 -0.8281
vn 0.1210 0.5683 -0.8139
vn 0.1211 0.5546 -0.8233
vn 0.0608 0.7521 -0.6563
vn 0.2232 0.0108 -0.9747
vn 0.2507 0.0498 -0.9668
vn 0.3343 0.0650 -0.9402
vn 0.3812 0.0989 -0.9192
vn 0.3809 0.0557 -0.9229
vn 0.2417 0.5539 -0.7967
vn 0.2565 0.6695 -0.6971
vn 0.2800 0.5536 -0.7843
vn 0.2029 0.5538 -0.8075
vn 0.1430 0.7193 -0.6799
vn 0.1661 0.7224 -0.6712
vn 0.2043 0.6888 -0.6956
vn 0.4695 0.0595 -0.8809
vn 0.4270 0.0587 -0.9023
vn 0.4685 0.1101 -0.8766
vn 0.5135 0.0615 -0.8559
vn 0.5370 0.0237 -0.8433
vn 0.4046 0.0101 -0.9144
vn 0.6526 0.0285 -0.7571
vn 0.5940 0.0529 -0.8027
vn 0.6330 0.0664 -0.7713
vn 0.5527 0.0603 -0.8312
vn 0.5947 0.1027 -0.7974
vn 0.6691 0.0648 -0.7404
vn 0.7037 0.0979 -0.7037
vn 0.7068 0.0514 -0.7055
vn 0.4962 0.5536 -0.6688
vn 0.3812 0.7199 -0.5800
vn 0.4706 0.6125 -0.6351
vn 0.5585 0.5543 -0.6171
vn 0.5197 0.6777 -0.5203
vn 0.5885 0.5539 -0.5890
vn 0.4571 0.6932 -0.5572
vn 0.4155 0.7854 -0.4588
vn 0.4247 0.7000 -0.5741
vn 0.7711 0.0648 -0.6334
vn 0.7974 0.1026 -0.5947
vn 0.8025 0.0531 -0.5942
vn 0.8318 0.0586 -0.5520
vn 0.8432 0.0209 -0.5371
vn 0.7546 0.0253 -0.6556
vn 0.7409 0.0640 -0.6686
vn 0.6437 0.5540 -0.5280
vn 0.4989 0.7830 -0.3715
vn 0.6684 0.5542 -0.4961
vn 0.6299 0.6516 -0.4227
vn 0.6925 0.5542 -0.4618
vn 0.5898 0.6070 -0.5326
vn 0.5358 0.6861 -0.4921
vn 0.8808 0.0596 -0.4697
vn 0.8555 0.0597 -0.5143
vn 0.8765 0.1102 -0.4686
vn 0.9021 0.0596 -0.4273
vn 0.9150 0.0118 -0.4032
vn 0.9194 0.0978 -0.3808
vn 0.9227 0.0553 -0.3815
vn 0.7337 0.5543 -0.3928
vn 0.6680 0.6771 -0.3086
vn 0.7527 0.5536 -0.3562
vn 0.7132 0.5549 -0.4282
vn 0.7016 0.5752 -0.4206
vn 0.9503 0.0261 -0.3104
vn 0.9401 0.0647 -0.3347
vn 0.9584 0.0529 -0.2805
vn 0.6809 0.7129 -0.1676
vn 0.6891 0.7102 -0.1439
vn 0.8164 0.5542 -0.1622
vn 0.9913 0.0466 -0.1227
vn 0.9800 0.0537 -0.1914
vn 0.9843 0.0944 -0.1494
vn 0.8224 0.5558 -0.1219
vn 0.8104 0.5734 -0.1204
vn 0.8316 0.5539 -0.0412
vn 0.6834 0.7301 0.0030
vn 0.8327 0.5537 -0.0003
vn 0.8281 0.5546 -0.0819
vn 0.7517 0.6555 -0.0726
vn 0.9920 0.0274 0.1236
vn 0.9973 0.0552 0.0488
vn 0.9930 0.0663 0.0977
vn 0.9982 0.0591 -0.0026
vn 0.9934 0.1026 0.0515
vn 0.9873 0.0647 0.1449
vn 0.9761 0.0978 0.1941
vn 0.9794 0.0550 0.1941
vn 0.8316 0.5538 0.0414
vn 0.6832 0.7297 0.0274
vn 0.8287 0.5537 0.0819
vn 0.7258 0.6839 0.0749
vn 0.9747 0.0108 0.2232
vn 0.9668 0.0498 0.2507
vn 0.9402 0.0650 0.3344
vn 0.9192 0.0990 0.3812
vn 0.9229 0.0557 0.3809
vn 0.7969 0.5536 0.2419
vn 0.8072 0.5544 0.2029
vn 0.7094 0.6694 0.2205
vn 0.6923 0.7098 0.1303
vn 0.7937 0.5750 0.1987
vn 0.6639 0.7078 0.2414
vn 0.6569 0.7058 0.2652
vn 0.7687 0.5543 0.3193
vn 0.8809 0.0596 0.4695
vn 0.9024 0.0588 0.4270
vn 0.8766 0.1102 0.4685
vn 0.8559 0.0615 0.5135
vn 0.8433 0.0237 0.5370
vn 0.9144 0.0102 0.4046
vn 0.7342 0.5545 0.3918
vn 0.5941 0.7184 0.3620
vn 0.7143 0.5537 0.4280
vn 0.5821 0.7174 0.3829
vn 0.6926 0.5537 0.4623
vn 0.7571 0.0285 0.6526
vn 0.8027 0.0529 0.5940
vn 0.7713 0.0664 0.6329
vn 0.8312 0.0604 0.5527
vn 0.7974 0.1027 0.5947
vn 0.7404 0.0648 0.6691
vn 0.7037 0.0979 0.7037
vn 0.7055 0.0514 0.7068
vn 0.6334 0.0649 0.7711
vn 0.5946 0.1027 0.7974
vn 0.5942 0.0531 0.8025
vn 0.5520 0.0586 0.8318
vn 0.5371 0.0209 0.8432
vn 0.6556 0.0253 0.7546
vn 0.6686 0.0640 0.7409
vn 0.4697 0.0596 0.8808
vn 0.5143 0.0597 0.8555
vn 0.4686 0.1102 0.8765
vn 0.4273 0.0596 0.9021
vn 0.4032 0.0118 0.9150
vn 0.3808 0.0978 0.9194
vn 0.3814 0.0553 0.9227
vn 0.3928 0.5543 0.7337
vn 0.3085 0.6771 0.6680
vn 0.3562 0.5536 0.7527
vn 0.4282 0.5549 0.7132
vn 0.4617 0.5543 0.6925
vn 0.2124 0.9137 0.3465
vn 0.3104 0.0261 0.9503
vn 0.3347 0.0647 0.9401
vn 0.2805 0.0529 0.9584
vn 0.2086 0.6839 0.6991
vn 0.1674 0.7132 0.6807
vn 0.2029 0.5536 0.8077
vn 0.1439 0.7103 0.6890
vn 0.1621 0.5543 0.8164
vn 0.1227 0.0466 0.9913
vn 0.1914 0.0537 0.9800
vn 0.1494 0.0944 0.9843
vn 0.0818 0.5544 0.8282
vn 0.0295 0.6769 0.7355
vn 0.0414 0.5535 0.8318
vn 0.1219 0.5558 0.8223
vn 0.1204 0.5734 0.8104
vn -0.0031 0.7301 0.6833
vn 0.0004 0.5535 0.8328
vn 0.0727 0.6556 0.7516
vn -0.1220 0.0285 0.9921
vn -0.0477 0.0529 0.9975
vn -0.0977 0.0663 0.9930
vn 0.0026 0.0591 0.9982
vn -0.0515 0.1026 0.9934
vn -0.1449 0.0647 0.9873
vn -0.1941 0.0978 0.9761
vn -0.1957 0.0514 0.9793
vn -0.0414 0.5538 0.8316
vn -0.0274 0.7297 0.6832
vn -0.0819 0.5537 0.8287
vn -0.0749 0.6839 0.7258
vn -0.2892 0.0648 0.9551
vn -0.3326 0.1026 0.9375
vn -0.3371 0.0532 0.9399
vn -0.3849 0.0586 0.9211
vn -0.4050 0.0214 0.9140
vn -0.2632 0.0253 0.9644
vn -0.2445 0.0640 0.9675
vn -0.2417 0.5537 0.7969
vn -0.2029 0.5545 0.8071
vn -0.2177 0.6832 0.6970
vn -0.1303 0.7099 0.6921
vn -0.1985 0.5771 0.7922
vn -0.2389 0.7129 0.6593
vn -0.2628 0.7102 0.6531
vn -0.3196 0.5541 0.7686
vn -0.4305 0.0523 0.9011
vn -0.3918 0.5543 0.7343
vn -0.3600 0.7213 0.5918
vn -0.4280 0.5535 0.7145
vn -0.6526 0.0285 0.7571
vn -0.5939 0.0529 0.8028
vn -0.6330 0.0663 0.7713
vn -0.5524 0.0591 0.8315
vn -0.5947 0.1027 0.7974
vn -0.6691 0.0648 0.7403
vn -0.7037 0.0979 0.7037
vn -0.7068 0.0514 0.7055
vn -0.4962 0.5538 0.6687
vn -0.4473 0.7117 0.5416
vn -0.5286 0.5536 0.6435
vn -0.3811 0.7199 0.5801
vn -0.4404 0.6783 0.5883
vn -0.5586 0.5539 0.6174
vn -0.5050 0.6941 0.5129
vn -0.5888 0.5544 0.5882
vn -0.4787 0.7024 0.5267
vn -0.7711 0.0648 0.6334
vn -0.7974 0.1026 0.5947
vn -0.8025 0.0531 0.5942
vn -0.8318 0.0586 0.5520
vn -0.8432 0.0209 0.5371
vn -0.7546 0.0253 0.6556
vn -0.7409 0.0640 0.6686
vn -0.6427 0.5545 0.5286
vn -0.5027 0.7795 0.3737
vn -0.6684 0.5542 0.4961
vn -0.6299 0.6516 0.4227
vn -0.6925 0.5542 0.4618
vn -0.8808 0.0596 0.4697
vn -0.8555 0.0597 0.5143
vn -0.8765 0.1102 0.4686
vn -0.9022 0.0597 0.4273
vn -0.9146 0.0122 0.4041
vn -0.9194 0.0979 0.3809
vn -0.9227 0.0554 0.3815
vn -0.7337 0.5543 0.3928
vn -0.6349 0.7132 0.2971
vn -0.7526 0.5535 0.3567
vn -0.7132 0.5549 0.4282
vn -0.3476 0.9131 0.2130
vn -0.6472 0.7107 0.2756
vn -0.7692 0.5543 0.3179
vn -0.9499 0.0279 0.3112
vn -0.9400 0.0648 0.3349
vn -0.9584 0.0529 0.2806
vn -0.7837 0.5547 0.2796
vn -0.7229 0.6558 0.2176
vn -0.7970 0.5536 0.2414
vn -0.9914 0.0465 0.1227
vn -0.9800 0.0536 0.1914
vn -0.9843 0.0943 0.1493
vn -0.8239 0.5535 0.1219
vn -0.8169 0.5533 0.1628
vn -0.6758 0.7294 0.1065
vn -0.7329 0.6759 0.0775
vn -0.8161 0.5765 0.0399
vn -0.8312 0.5544 0.0411
vn -0.6932 0.7207 -0.0072
vn -0.8323 0.5543 0.0013
vn -0.9921 0.0271 -0.1225
vn -0.9974 0.0535 -0.0490
vn -0.9930 0.0663 -0.0977
vn -0.9982 0.0592 0.0026
vn -0.9934 0.1028 -0.0513
vn -0.9873 0.0647 -0.1449
vn -0.9761 0.0978 -0.1941
vn -0.9794 0.0550 -0.1941
vn -0.8287 0.5536 -0.0823
vn -0.8314 0.5542 -0.0411
vn -0.7235 0.6872 -0.0651
vn -0.6888 0.7243 -0.0317
vn -0.9751 0.0124 -0.2216
vn -0.9668 0.0498 -0.2507
vn -0.9402 0.0650 -0.3344
vn -0.9192 0.0990 -0.3812
vn -0.9229 0.0557 -0.3809
vn -0.7969 0.5536 -0.2419
vn -0.8076 0.5537 -0.2031
vn -0.6972 0.6839 -0.2151
vn -0.6721 0.7277 -0.1371
vn -0.6667 0.7278 -0.1607
vn -0.6594 0.7129 -0.2389
vn -0.6529 0.7104 -0.2628
vn -0.7688 0.5542 -0.3192
vn -0.8805 0.0575 -0.4705
vn -0.9024 0.0588 -0.4270
vn -0.8766 0.1102 -0.4685
vn -0.8559 0.0615 -0.5135
vn -0.8446 0.0227 -0.5349
vn -0.9148 0.0118 -0.4036
vn -0.7342 0.5545 -0.3917
vn -0.5959 0.7172 -0.3612
vn -0.7143 0.5537 -0.4280
vn -0.5853 0.7146 -0.3832
vn -0.6926 0.5537 -0.4623
vn -0.7571 0.0285 -0.6526
vn -0.8027 0.0529 -0.5940
vn -0.7713 0.0664 -0.6329
vn -0.8312 0.0604 -0.5527
vn -0.7974 0.1027 -0.5947
vn -0.7404 0.0648 -0.6691
vn -0.7037 0.0979 -0.7037
vn -0.7055 0.0514 -0.7068
vn -0.6334 0.0649 -0.7711
vn -0.5946 0.1027 -0.7974
vn -0.5942 0.0531 -0.8025
vn -0.5520 0.0586 -0.8318
vn -0.5371 0.0209 -0.8432
vn -0.6556 0.0253 -0.7546
vn -0.6686 0.0640 -0.7409
vn -0.4706 0.0597 -0.8803
vn -0.5143 0.0597 -0.8555
vn -0.4685 0.1102 -0.8766
vn -0.4263 0.0615 -0.9025
vn -0.4004 0.0241 -0.9160
vn -0.3558 0.5541 -0.7526
vn -0.2918 0.6516 -0.7002
vn -0.3188 0.5533 -0.7696
vn -0.4279 0.5542 -0.7140
vn -0.4621 0.5539 -0.6926
vn -0.3406 0.7337 -0.5880
vn -0.3923 0.5544 -0.7340
vn -0.3328 0.7109 -0.6196
vn -0.3146 0.0250 -0.9489
vn -0.3428 0.0519 -0.9380
vn -0.2811 0.0518 -0.9583
vn -0.2421 0.5544 -0.7962
vn -0.1675 0.7132 -0.6807
vn -0.2028 0.5537 -0.8076
vn -0.2796 0.5548 -0.7836
vn -0.2734 0.5796 -0.7677
vn -0.1439 0.7103 -0.6890
vn -0.1621 0.5543 -0.8164
vn -0.2063 0.6836 -0.7001
vn -0.1225 0.0464 -0.9914
vn -0.1914 0.0537 -0.9800
vn -0.1494 0.0944 -0.9843
vn -0.1219 0.5558 -0.8224
vn -0.1200 0.5757 -0.8088
vn -0.0410 0.5540 -0.8315
vn -0.0027 0.7672 -0.6414
vn -0.0819 0.5546 -0.8281
vn -0.0667 0.6795 -0.7307
vn -0.0700 0.8493 0.5232
vn -0.1725 0.4232 0.8895
vn -0.1199 0.8003 0.5875
vn -0.0284 0.7801 0.6250
vn 0.0031 0.4230 0.9061
vn -0.0466 0.4204 0.9061
vn -0.0782 0.7085 0.7014
vn -0.0941 0.5328 0.8410
vn -0.1188 0.2871 0.9505
vn -0.1691 0.1906 0.9670
vn -0.1655 0.7994 0.5775
vn -0.2538 0.6564 0.7104
vn -0.2101 0.7903 0.5756
vn -0.2886 0.6563 0.6971
vn -0.2701 0.7228 0.6361
vn -0.1948 0.6378 0.7451
vn -0.2189 0.6563 0.7220
vn -0.1842 0.6560 0.7319
vn -0.3321 0.1964 0.9226
vn -0.3534 0.1926 0.9155
vn -0.3708 0.1967 0.9077
vn -0.2943 0.7812 0.5505
vn -0.3875 0.6562 0.6475
vn -0.3487 0.7435 0.5706
vn -0.2880 0.7231 0.6278
vn -0.3560 0.6559 0.6656
vn -0.4191 0.6564 0.6274
vn -0.3651 0.7444 0.5591
vn -0.3234 0.6560 0.6820
vn -0.5057 0.1964 0.8400
vn -0.5252 0.1926 0.8289
vn -0.5407 0.1967 0.8179
vn -0.4268 0.7513 0.5033
vn -0.3651 0.7929 0.4879
vn -0.4785 0.6563 0.5833
vn -0.5064 0.6564 0.5592
vn -0.5194 0.6233 0.5846
vn -0.4502 0.6561 0.6057
vn -0.5119 0.7562 0.4076
vn -0.4067 0.8375 0.3650
vn -0.5834 0.6563 0.4784
vn -0.5333 0.6565 0.5335
vn -0.5596 0.6564 0.5060
vn -0.6058 0.6561 0.4502
vn -0.6280 0.6553 0.4198
vn -0.4995 0.7978 0.3376
vn -0.5518 0.7777 0.3010
vn -0.4963 0.8176 0.2921
vn -0.6657 0.6560 0.3557
vn -0.6818 0.6562 0.3232
vn -0.5619 0.7852 0.2602
vn -0.6483 0.6557 0.3870
vn -0.6196 0.7636 0.1816
vn -0.7318 0.6562 0.1839
vn -0.6334 0.7573 0.1591
vn -0.6497 0.7207 0.2420
vn -0.7222 0.6560 0.2190
vn -0.6970 0.6564 0.2887
vn -0.7109 0.6560 0.2535
vn -0.7401 0.6561 0.1475
vn -0.5903 0.7981 0.1207
vn -0.9516 0.1964 0.2364
vn -0.9575 0.1926 0.2148
vn -0.9607 0.1966 0.1959
vn -0.6201 0.7842 0.0244
vn -0.9062 0.4229 0.0035
vn -0.6943 0.7197 -0.0053
vn -0.6266 0.7764 0.0681
vn -0.8974 0.4209 0.1324
vn -0.8440 0.5318 0.0700
vn -0.9553 0.2887 0.0638
vn -0.6465 0.7568 -0.0962
vn -0.8895 0.4231 -0.1725
vn -0.5885 0.8004 -0.1141
vn -0.6928 0.7207 -0.0250
vn -0.9061 0.4204 -0.0466
vn -0.6429 0.7629 -0.0686
vn -0.8410 0.5328 -0.0941
vn -0.9505 0.2871 -0.1188
vn -0.9670 0.1906 -0.1691
vn -0.5559 0.7996 -0.2271
vn -0.7314 0.6332 -0.2532
vn -0.6976 0.6560 -0.2882
vn -0.5581 0.8174 -0.1432
vn -0.7319 0.6561 -0.1837
vn -0.7223 0.6559 -0.2192
vn -0.7111 0.6558 -0.2536
vn -0.5408 0.8235 -0.1714
vn -0.9226 0.1964 -0.3319
vn -0.9154 0.1925 -0.3535
vn -0.9076 0.1966 -0.3709
vn -0.5617 0.7740 -0.2923
vn -0.6474 0.6563 -0.3874
vn -0.5704 0.7436 -0.3490
vn -0.6273 0.6564 -0.4190
vn -0.5590 0.7442 -0.3657
vn -0.4745 0.8486 -0.2339
vn -0.6654 0.6556 -0.3570
vn -0.6825 0.6549 -0.3246
vn -0.8400 0.1964 -0.5057
vn -0.8289 0.1926 -0.5251
vn -0.8179 0.1967 -0.5407
vn -0.5012 0.7629 -0.4083
vn -0.6057 0.6562 -0.4499
vn -0.5834 0.6561 -0.4788
vn -0.5599 0.6559 -0.5062
vn -0.4615 0.7807 -0.4214
vn -0.5341 0.6553 -0.5341
vn -0.4962 0.7033 -0.5090
vn -0.3458 0.8603 -0.3746
vn -0.5061 0.6563 -0.5596
vn -0.3564 0.8202 -0.4475
vn -0.4783 0.6565 -0.5833
vn -0.3010 0.7777 -0.5518
vn -0.2921 0.8175 -0.4964
vn -0.3557 0.6560 -0.6657
vn -0.3232 0.6562 -0.6818
vn -0.2602 0.7852 -0.5619
vn -0.4191 0.6564 -0.6273
vn -0.3872 0.6560 -0.6478
vn -0.2420 0.7207 -0.6496
vn -0.2608 0.7196 -0.6436
vn -0.2537 0.6563 -0.7106
vn -0.1815 0.7636 -0.6196
vn -0.1839 0.6563 -0.7318
vn -0.1592 0.7573 -0.6334
vn -0.1473 0.6563 -0.7400
vn -0.1202 0.7992 -0.5890
vn -0.2191 0.6562 -0.7221
vn -0.0244 0.7840 -0.6203
vn -0.0013 0.4221 -0.9066
vn 0.0053 0.7196 -0.6943
vn -0.0801 0.8172 -0.5708
vn -0.1307 0.4203 -0.8979
vn -0.0681 0.7762 -0.6268
vn -0.0585 0.5305 -0.8457
vn -0.0737 0.2889 -0.9545
vn 0.0964 0.7564 -0.6469
vn 0.1728 0.4232 -0.8894
vn 0.1143 0.8002 -0.5887
vn 0.0251 0.7206 -0.6929
vn 0.0481 0.4210 -0.9058
vn 0.0686 0.7628 -0.6430
vn 0.1038 0.5301 -0.8416
vn 0.1128 0.2893 -0.9506
vn 0.1768 0.1903 -0.9657
vn 0.1932 0.7637 -0.6160
vn 0.2537 0.6563 -0.7106
vn 0.2195 0.7573 -0.6151
vn 0.2886 0.6563 -0.6971
vn 0.2272 0.7991 -0.5565
vn 0.1447 0.8167 -0.5587
vn 0.2192 0.6560 -0.7222
vn 0.1842 0.6560 -0.7319
vn 0.3321 0.1964 -0.9226
vn 0.3534 0.1926 -0.9155
vn 0.3708 0.1967 -0.9077
vn 0.2942 0.7814 -0.5503
vn 0.3875 0.6563 -0.6474
vn 0.3502 0.7412 -0.5726
vn 0.2505 0.8169 -0.5195
vn 0.3559 0.6560 -0.6656
vn 0.4191 0.6564 -0.6274
vn 0.3668 0.7420 -0.5612
vn 0.3234 0.6560 -0.6819
vn 0.5057 0.1964 -0.8400
vn 0.5252 0.1926 -0.8289
vn 0.5407 0.1967 -0.8179
vn 0.4083 0.7629 -0.5012
vn 0.3855 0.7687 -0.5105
vn 0.4788 0.6560 -0.5834
vn 0.5063 0.6562 -0.5594
vn 0.4214 0.7806 -0.4617
vn 0.4502 0.6561 -0.6057
vn 0.4474 0.8202 -0.3565
vn 0.3761 0.8593 -0.3467
vn 0.5834 0.6563 -0.4784
vn 0.5333 0.6565 -0.5335
vn 0.5596 0.6564 -0.5060
vn 0.6058 0.6561 -0.4502
vn 0.6280 0.6553 -0.4198
vn 0.4995 0.7978 -0.3376
vn 0.5723 0.7637 -0.2989
vn 0.4971 0.8169 -0.2925
vn 0.6657 0.6560 -0.3557
vn 0.6818 0.6562 -0.3232
vn 0.5904 0.7571 -0.2798
vn 0.6483 0.6557 -0.3870
vn 0.6002 0.7775 -0.1877
vn 0.7318 0.6562 -0.1839
vn 0.6013 0.7857 -0.1454
vn 0.5443 0.8171 -0.1899
vn 0.7222 0.6560 -0.2190
vn 0.6970 0.6564 -0.2887
vn 0.7109 0.6560 -0.2534
vn 0.7401 0.6561 -0.1475
vn 0.6821 0.7196 -0.1302
vn 0.9516 0.1964 -0.2364
vn 0.9575 0.1926 -0.2148
vn 0.9607 0.1966 -0.1959
vn 0.5274 0.8489 -0.0337
vn 0.9061 0.4230 -0.0031
vn 0.5996 0.8003 0.0029
vn 0.6320 0.7730 -0.0562
vn 0.8975 0.4208 -0.1321
vn 0.8456 0.5306 -0.0585
vn 0.9545 0.2896 -0.0716
vn 0.5995 0.7988 0.0499
vn 0.7464 0.6563 0.1104
vn 0.6058 0.7901 0.0937
vn 0.7712 0.6350 0.0459
vn 0.7537 0.6561 0.0374
vn 0.7510 0.6561 0.0742
vn 0.9697 0.1968 0.1447
vn 0.9673 0.1908 0.1672
vn 0.9612 0.1985 0.1914
vn 0.6156 0.7568 0.2197
vn 0.6971 0.6563 0.2888
vn 0.5554 0.8000 0.2270
vn 0.6161 0.7635 0.1934
vn 0.6678 0.7272 0.1589
vn 0.7224 0.6558 0.2190
vn 0.7399 0.6564 0.1472
vn 0.7319 0.6560 0.1842
vn 0.7112 0.6558 0.2534
vn 0.9226 0.1964 0.3319
vn 0.9155 0.1926 0.3534
vn 0.9077 0.1966 0.3707
vn 0.5685 0.7615 0.3113
vn 0.6474 0.6561 0.3878
vn 0.5629 0.7545 0.3374
vn 0.6274 0.6564 0.4191
vn 0.5213 0.7813 0.3434
vn 0.5198 0.8166 0.2509
vn 0.6822 0.6559 0.3230
vn 0.6659 0.6555 0.3562
vn 0.8401 0.1964 0.5057
vn 0.8289 0.1926 0.5251
vn 0.8179 0.1967 0.5407
vn 0.5138 0.7457 0.4242
vn 0.4978 0.7829 0.3732
vn 0.5836 0.6559 0.4788
vn 0.4937 0.7519 0.4368
vn 0.5335 0.6563 0.5335
vn 0.4675 0.7453 0.4753
vn 0.6057 0.6561 0.4502
vn 0.5599 0.6559 0.5063
vn 0.7253 0.1964 0.6598
vn 0.7105 0.1926 0.6768
vn 0.6967 0.1966 0.6898
vn 0.3534 0.8241 0.4426
vn 0.4528 0.7452 0.4895
vn 0.4786 0.6562 0.5834
vn 0.5062 0.6560 0.5598
vn 0.3137 0.7893 0.5278
vn 0.3562 0.7731 0.5249
vn 0.3874 0.6563 0.6474
vn 0.3557 0.6562 0.6655
vn 0.3232 0.6562 0.6818
vn 0.3216 0.6739 0.6652
vn 0.1816 0.7633 0.6200
vn 0.1838 0.6561 0.7320
vn 0.1591 0.7573 0.6334
vn 0.1895 0.8175 0.5438
vn 0.2887 0.6564 0.6970
vn 0.2538 0.6560 0.7108
vn 0.1475 0.6561 0.7401
vn 0.1207 0.7981 0.5904
vn 0.2189 0.6558 0.7225
vn 0.2364 0.1964 0.9516
vn 0.2148 0.1926 0.9575
vn 0.1959 0.1966 0.9607
vn 0.0251 0.7248 0.6885
vn 0.0062 0.7248 0.6889
vn 0.0622 0.7806 0.6220
vn 0.1321 0.4208 0.8975
vn 0.0585 0.5305 0.8457
vn 0.0716 0.2896 0.9545
vn 0.0055 -0.9999 -0.0111
vn -0.0015 -0.9999 -0.0130
vn 0.0117 -0.9999 -0.0023
vn 0.0084 -0.9999 0.0087
vn 0.0011 -0.9999 0.0129
vn -0.0062 -0.9999 0.0116
vn -0.0103 -0.9999 0.0065
vn -0.0111 -0.9999 -0.0052
vn 0.0218 -0.1245 -0.9920
vn 0.0963 -0.0896 -0.9913
vn 0.0965 -0.1741 -0.9800
vn 0.1711 -0.1234 -0.9775
vn 0.0029 -0.1945 -0.9809
vn 0.0480 -0.1917 -0.9803
vn 0.1884 -0.1945 -0.9626
vn 0.1439 -0.1917 -0.9708
vn -0.1682 -0.1242 -0.9779
vn -0.0954 -0.0905 -0.9913
vn -0.1029 -0.1767 -0.9789
vn -0.0461 -0.1522 -0.9873
vn -0.1885 -0.1945 -0.9626
vn -0.1442 -0.1917 -0.9708
vn 0.2378 -0.1523 -0.9593
vn 0.2890 -0.0912 -0.9530
vn 0.2917 -0.1767 -0.9401
vn 0.3590 -0.1245 -0.9250
vn 0.3776 -0.1905 -0.9062
vn 0.3308 -0.1917 -0.9240
vn 0.4222 -0.1238 -0.8980
vn 0.4953 -0.1230 -0.8600
vn 0.4617 -0.1806 -0.8684
vn 0.5336 -0.0631 -0.8434
vn 0.5702 -0.1253 -0.8119
vn 0.6349 -0.0889 -0.7674
vn 0.6247 -0.1741 -0.7612
vn 0.6853 -0.1234 -0.7177
vn 0.5426 -0.1889 -0.8185
vn 0.5845 -0.1917 -0.7884
vn 0.6915 -0.1945 -0.6957
vn 0.6592 -0.1917 -0.7271
vn 0.7306 -0.1525 -0.6655
vn 0.7688 -0.0906 -0.6330
vn 0.7648 -0.1766 -0.6195
vn 0.8118 -0.1253 -0.5703
vn 0.8185 -0.1889 -0.5426
vn 0.7884 -0.1917 -0.5845
vn 0.8609 -0.1228 -0.4937
vn 0.9065 -0.1233 -0.4038
vn 0.8701 -0.1774 -0.4598
vn 0.8436 -0.0636 -0.5332
vn 0.9052 -0.1945 -0.3778
vn 0.8873 -0.1917 -0.4195
vn 0.9298 -0.1522 -0.3352
vn 0.9532 -0.0876 -0.2894
vn 0.9414 -0.1792 -0.2856
vn 0.9582 -0.1562 -0.2396
vn 0.9729 -0.0643 -0.2222
vn 0.9779 -0.1242 -0.1682
vn 0.9916 -0.0877 -0.0954
vn 0.9789 -0.1767 -0.1027
vn 0.9865 -0.1563 -0.0480
vn 0.9626 -0.1945 -0.1887
vn 0.9708 -0.1917 -0.1443
vn 0.9976 -0.0629 -0.0303
vn 0.9919 -0.1242 0.0258
vn 0.9907 -0.0926 0.0993
vn 0.9800 -0.1741 0.0966
vn 0.9773 -0.1246 0.1716
vn 0.9809 -0.1946 0.0030
vn 0.9803 -0.1917 0.0480
vn 0.9624 -0.1905 0.1936
vn 0.9708 -0.1917 0.1442
vn 0.9636 -0.1253 0.2362
vn 0.9521 -0.0915 0.2919
vn 0.9414 -0.1755 0.2880
vn 0.9250 -0.1245 0.3590
vn 0.9062 -0.1905 0.3776
vn 0.9240 -0.1917 0.3308
vn 0.8980 -0.1238 0.4222
vn 0.8600 -0.1230 0.4953
vn 0.8684 -0.1806 0.4617
vn 0.8434 -0.0631 0.5336
vn 0.8119 -0.1253 0.5702
vn 0.7674 -0.0889 0.6349
vn 0.7612 -0.1741 0.6247
vn 0.7177 -0.1234 0.6853
vn 0.8185 -0.1889 0.5426
vn 0.7884 -0.1917 0.5845
vn 0.6957 -0.1945 0.6915
vn 0.7271 -0.1917 0.6592
vn 0.6655 -0.1525 0.7306
vn 0.6330 -0.0907 0.7688
vn 0.6195 -0.1767 0.7648
vn 0.5703 -0.1253 0.8118
vn 0.5426 -0.1889 0.8185
vn 0.5845 -0.1917 0.7884
vn 0.4937 -0.1228 0.8609
vn 0.4038 -0.1232 0.9065
vn 0.4598 -0.1774 0.8701
vn 0.5332 -0.0636 0.8436
vn 0.3778 -0.1945 0.9052
vn 0.4195 -0.1917 0.8873
vn 0.3352 -0.1522 0.9298
vn 0.2905 -0.0879 0.9528
vn 0.2819 -0.1780 0.9428
vn 0.2386 -0.1291 0.9625
vn 0.2211 -0.0620 0.9733
vn 0.1697 -0.1255 0.9775
vn 0.0954 -0.0877 0.9916
vn 0.1027 -0.1767 0.9789
vn 0.0480 -0.1563 0.9865
vn 0.1937 -0.1905 0.9624
vn 0.1443 -0.1917 0.9708
vn 0.0303 -0.0629 0.9976
vn -0.0258 -0.1242 0.9919
vn -0.1015 -0.0889 0.9908
vn -0.0966 -0.1741 0.9800
vn -0.1716 -0.1246 0.9773
vn -0.0029 -0.1945 0.9809
vn -0.0480 -0.1917 0.9803
vn -0.1936 -0.1905 0.9624
vn -0.1442 -0.1917 0.9708
vn -0.2362 -0.1253 0.9636
vn -0.2901 -0.0914 0.9526
vn -0.2880 -0.1755 0.9414
vn -0.3571 -0.1253 0.9256
vn -0.3776 -0.1905 0.9062
vn -0.3308 -0.1917 0.9240
vn -0.4218 -0.1291 0.8975
vn -0.4716 -0.0874 0.8775
vn -0.4661 -0.1754 0.8672
vn -0.5318 -0.1255 0.8375
vn -0.4065 -0.0621 0.9115
vn -0.5425 -0.1946 0.8172
vn -0.5047 -0.1917 0.8417
vn -0.5866 -0.1538 0.7951
vn -0.6352 -0.0873 0.7674
vn -0.6293 -0.1767 0.7568
vn -0.6853 -0.1234 0.7177
vn -0.6915 -0.1946 0.6957
vn -0.6592 -0.1917 0.7271
vn -0.7306 -0.1525 0.6655
vn -0.7688 -0.0907 0.6330
vn -0.7648 -0.1767 0.6195
vn -0.8118 -0.1253 0.5703
vn -0.8185 -0.1889 0.5426
vn -0.7884 -0.1917 0.5845
vn -0.8602 -0.1228 0.4950
vn -0.8954 -0.1164 0.4297
vn -0.8677 -0.1810 0.4630
vn -0.8436 -0.0636 0.5332
vn -0.9155 -0.0556 0.3984
vn -0.9184 -0.1285 0.3742
vn -0.9444 -0.0745 0.3202
vn -0.9213 -0.0905 0.3783
vn -0.9508 0.0256 0.3087
vn -0.8695 0.1895 0.4562
vn -0.9795 0.0149 0.2010
vn -0.9355 0.1987 0.2921
vn -0.9772 0.1428 0.1573
vn -0.9947 0.0630 -0.0814
vn -0.9785 0.1659 -0.1224
vn -0.9798 0.1983 -0.0253
vn -0.5750 0.8178 -0.0231
vn -0.2854 0.9551 -0.0801
vn -0.2847 0.9561 0.0691
vn -0.9805 0.0148 -0.1957
vn -0.9348 0.2023 -0.2919
vn -0.9763 0.1458 -0.1601
vn -0.9504 0.0236 -0.3101
vn -0.9213 -0.0905 -0.3783
vn -0.8695 0.1894 -0.4562
vn -0.9443 -0.0747 -0.3205
vn -0.9184 -0.1285 -0.3742
vn -0.9779 -0.0377 -0.2057
vn -0.8955 -0.1160 -0.4298
vn -0.8602 -0.1228 -0.4950
vn -0.8676 -0.1809 -0.4631
vn -0.9153 -0.0551 -0.3990
vn -0.8434 -0.0631 -0.5336
vn -0.8119 -0.1253 -0.5702
vn -0.7674 -0.0889 -0.6349
vn -0.7612 -0.1741 -0.6247
vn -0.7177 -0.1234 -0.6853
vn -0.8185 -0.1889 -0.5426
vn -0.7884 -0.1917 -0.5845
vn -0.6957 -0.1946 -0.6915
vn -0.7271 -0.1917 -0.6592
vn -0.6655 -0.1525 -0.7306
vn -0.6330 -0.0906 -0.7688
vn -0.6195 -0.1766 -0.7648
vn -0.5703 -0.1253 -0.8118
vn -0.5426 -0.1889 -0.8185
vn -0.5845 -0.1917 -0.7884
vn -0.4942 -0.1233 -0.8606
vn -0.4031 -0.1240 -0.9067
vn -0.4598 -0.1774 -0.8701
vn -0.5332 -0.0636 -0.8436
vn -0.3780 -0.1946 -0.9051
vn -0.4195 -0.1917 -0.8873
vn -0.3353 -0.1524 -0.9297
vn -0.2890 -0.0878 -0.9533
vn -0.2856 -0.1793 -0.9414
vn -0.2395 -0.1563 -0.9582
vn -0.2222 -0.0643 -0.9729
vn 0.0005 0.9978 -0.0662
vn -0.0166 0.9786 0.2053
vn 0.1201 0.0267 -0.9924
vn 0.1802 -0.0530 -0.9822
vn 0.1197 -0.0221 -0.9926
vn -0.0428 0.8141 -0.5791
vn -0.0347 0.7069 -0.7064
vn 0.0434 0.8909 0.4522
vn 0.0803 0.8168 0.5713
vn 0.0245 -0.0623 -0.9978
vn -0.0477 -0.0432 -0.9979
vn 0.0318 -0.0198 -0.9993
vn -0.1479 -0.0527 -0.9876
vn -0.1212 -0.0133 -0.9925
vn -0.2189 -0.0188 -0.9756
vn -0.2207 0.0232 -0.9751
vn -0.0290 0.0236 -0.9993
vn 0.2412 -0.0447 -0.9694
vn 0.3133 -0.0208 -0.9494
vn 0.3094 0.0262 -0.9506
vn 0.3661 -0.0518 -0.9291
vn -0.1050 0.9290 0.3549
vn 0.2145 0.7342 -0.6442
vn 0.2646 0.7310 -0.6290
vn 0.4711 -0.0548 -0.8804
vn 0.4238 -0.0448 -0.9046
vn 0.4728 -0.0012 -0.8812
vn 0.5365 -0.0177 -0.8437
vn 0.3448 0.6818 -0.6452
vn 0.2718 0.8169 -0.5088
vn 0.3601 0.7212 -0.5918
vn -0.2193 0.8851 0.4105
vn 0.6161 -0.0156 -0.7875
vn 0.6897 -0.0133 -0.7240
vn 0.5936 -0.0525 -0.8030
vn -0.2570 0.9059 0.3367
vn -0.2189 0.9578 0.1861
vn 0.8039 -0.0511 -0.5926
vn 0.8440 -0.0195 -0.5359
vn 0.7396 -0.0456 -0.6715
vn 0.7887 -0.0143 -0.6147
vn -0.6136 0.6381 0.4650
vn -0.2903 0.9426 0.1652
vn 0.8807 -0.0008 -0.4737
vn 0.8818 -0.0552 -0.4683
vn 0.9032 -0.0202 -0.4288
vn 0.9159 -0.0575 -0.3972
vn 0.6063 0.7357 -0.3019
vn 0.6329 0.7297 -0.2588
vn 0.6669 0.6555 -0.3544
vn -0.3682 0.9118 0.1820
vn 0.9384 -0.0438 -0.3429
vn 0.9579 -0.0211 -0.2864
vn 0.6992 0.6839 -0.2085
vn 0.5548 0.8130 -0.1766
vn -0.4670 0.8723 0.1447
vn 0.9876 -0.0527 -0.1479
vn 0.9928 -0.0146 -0.1190
vn 0.9756 -0.0188 -0.2189
vn 0.9751 0.0232 -0.2205
vn 0.7347 0.6777 -0.0294
vn 0.6758 0.7356 -0.0470
vn -0.4123 0.9107 0.0275
vn -0.5708 0.8172 0.0800
vn 0.9922 -0.0221 0.1230
vn 0.9988 -0.0034 0.0493
vn 0.9975 -0.0506 0.0486
vn 0.9994 -0.0195 -0.0288
vn 0.9993 0.0237 -0.0305
vn 0.9826 -0.0515 0.1783
vn 0.5802 0.8130 0.0491
vn 0.6936 0.7125 0.1057
vn -0.4878 0.8718 -0.0449
vn 0.9696 -0.0424 0.2412
vn 0.9494 -0.0208 0.3133
vn 0.9506 0.0261 0.3094
vn 0.9291 -0.0518 0.3661
vn 0.5792 0.7927 0.1900
vn -0.1917 0.9754 -0.1090
vn 0.8804 -0.0548 0.4711
vn 0.9046 -0.0448 0.4238
vn 0.8812 -0.0012 0.4728
vn 0.8437 -0.0177 0.5365
vn 0.6469 0.6767 0.3515
vn 0.5140 0.8063 0.2926
vn -0.4029 0.8887 -0.2190
vn 0.7875 -0.0156 0.6161
vn 0.7240 -0.0133 0.6897
vn 0.8030 -0.0525 0.5936
vn -0.3759 0.8859 -0.2717
vn -0.5103 0.7688 -0.3854
vn 0.5926 -0.0511 0.8039
vn 0.5359 -0.0195 0.8440
vn 0.6715 -0.0456 0.7396
vn 0.6147 -0.0143 0.7887
vn 0.3171 0.8792 0.3557
vn 0.3730 0.7805 0.5017
vn 0.4225 0.6520 0.6296
vn 0.0408 0.9987 0.0320
vn -0.4651 0.6381 -0.6136
vn 0.4737 -0.0008 0.8807
vn 0.4683 -0.0552 0.8818
vn 0.4288 -0.0202 0.9032
vn 0.3972 -0.0575 0.9159
vn 0.3019 0.7357 0.6062
vn 0.2588 0.7297 0.6329
vn 0.3544 0.6555 0.6669
vn -0.1821 0.9118 -0.3682
vn 0.3429 -0.0438 0.9384
vn 0.2864 -0.0211 0.9579
vn 0.1766 0.8131 0.5547
vn -0.1448 0.8725 -0.4668
vn 0.1479 -0.0527 0.9876
vn 0.1190 -0.0146 0.9928
vn 0.2189 -0.0188 0.9756
vn 0.2205 0.0232 0.9751
vn 0.0470 0.7356 0.6757
vn -0.0274 0.9105 -0.4126
vn -0.0748 -0.0155 0.9971
vn -0.1712 -0.0133 0.9851
vn -0.0476 -0.0527 0.9975
vn 0.0270 -0.0183 0.9995
vn 0.0278 0.0226 0.9994
vn -0.0491 0.8130 0.5801
vn -0.1057 0.7127 0.6935
vn 0.0450 0.8714 -0.4885
vn -0.3369 -0.0518 0.9401
vn -0.4057 -0.0207 0.9138
vn -0.2417 -0.0432 0.9694
vn -0.3148 -0.0146 0.9490
vn -0.1806 0.8177 0.5465
vn 0.1359 0.8814 -0.4524
vn -0.3508 0.6795 0.6444
vn -0.2876 0.8126 0.5070
vn 0.2137 0.8924 -0.3974
vn -0.6162 -0.0155 0.7875
vn -0.6897 -0.0133 0.7240
vn -0.5917 -0.0574 0.8041
vn -0.5360 -0.0195 0.8440
vn -0.5340 0.0227 0.8452
vn 0.2721 0.8855 -0.3765
vn -0.8039 -0.0511 0.5926
vn -0.8440 -0.0195 0.5359
vn -0.7396 -0.0456 0.6715
vn -0.7887 -0.0143 0.6147
vn -0.3548 0.8798 0.3164
vn -0.0319 0.9986 0.0410
vn 0.6136 0.6381 -0.4650
vn -0.8807 -0.0008 0.4737
vn -0.8815 -0.0541 0.4690
vn -0.9032 -0.0202 0.4288
vn -0.6465 0.6836 0.3386
vn -0.5137 0.8182 0.2583
vn 0.4158 0.8815 -0.2237
vn -0.9403 -0.0227 0.3396
vn -0.9646 -0.0240 0.2626
vn -0.9754 0.0230 0.2194
vn -0.9839 -0.0294 0.1764
vn -0.7155 0.6770 0.1723
vn -0.6534 0.7358 0.1778
vn -0.6714 0.7295 0.1304
vn 0.3967 0.9118 -0.1066
vn -0.9946 0.0632 0.0823
vn -0.9930 -0.0145 0.1172
vn -0.9995 -0.0208 0.0257
vn 0.4603 0.8864 -0.0488
vn 0.2186 0.9754 -0.0274
vn -0.5856 0.8072 0.0737
vn 0.6844 0.7207 -0.1106
vn -0.9949 -0.0216 -0.0985
vn -0.9883 -0.0268 -0.1502
vn -0.9988 -0.0138 -0.0461
vn -0.9993 0.0235 0.0297
vn 0.3694 0.9287 0.0339
vn -0.7338 0.6695 -0.1156
vn -0.6738 0.7340 -0.0848
vn -0.9634 -0.0245 -0.2671
vn -0.9501 0.0276 -0.3106
vn -0.9403 -0.0226 -0.3397
vn -0.5597 0.8128 -0.1615
vn 0.4682 0.8726 0.1390
vn -0.8443 -0.0167 -0.5356
vn -0.8906 -0.0118 -0.4546
vn -0.8812 -0.0561 -0.4694
vn -0.6407 0.6837 -0.3493
vn -0.4997 0.8186 -0.2832
vn 0.4199 0.8797 0.2233
vn -0.7875 -0.0156 -0.6161
vn -0.7240 -0.0133 -0.6897
vn -0.8030 -0.0525 -0.5936
vn -0.4912 0.7722 -0.4030
vn -0.4024 0.8398 -0.3644
vn -0.5371 0.6881 -0.4878
vn 0.3422 0.9085 0.2398
vn -0.5926 -0.0511 -0.8039
vn -0.5359 -0.0195 -0.8440
vn -0.6715 -0.0456 -0.7396
vn -0.6147 -0.0143 -0.7887
vn -0.4699 0.6726 -0.5716
vn -0.3799 0.7994 -0.4655
vn -0.4132 0.7145 -0.5645
vn -0.4795 0.6994 -0.5300
vn -0.4529 0.7652 -0.4575
vn 0.4783 0.6092 0.6325
vn 0.2267 0.9045 0.3612
vn -0.4718 -0.0017 -0.8817
vn -0.4676 -0.0543 -0.8823
vn -0.4036 -0.0165 -0.9148
vn -0.4040 -0.0658 -0.9124
vn -0.2627 0.7913 -0.5521
vn -0.3099 0.8257 -0.4713
vn 0.3382 0.6753 0.6555
vn -0.3412 -0.0453 -0.9389
vn -0.2864 -0.0211 -0.9579
vn -0.1530 0.8185 -0.5537
vn 0.1386 0.8811 0.4522
vn -0.0963 0.1907 0.9769
vn -0.0956 0.2619 0.9603
vn -0.1752 0.1903 0.9660
vn -0.0196 0.1908 0.9814
vn 0.0220 0.2607 0.9652
vn -0.0860 0.4640 0.8816
vn 0.0143 0.7463 0.6655
vn -0.2201 0.4598 0.8603
vn 0.1724 0.1898 0.9666
vn 0.2355 0.2612 0.9361
vn 0.1172 0.2597 0.9586
vn 0.1484 0.4566 0.8772
vn 0.1463 0.7462 0.6495
vn 0.0251 0.4507 0.8923
vn 0.0748 0.1909 0.9787
vn -0.2863 0.1921 0.9387
vn -0.2047 0.2579 0.9442
vn -0.3045 0.2594 0.9165
vn -0.3105 0.4625 0.8305
vn -0.3930 0.2560 0.8832
vn -0.4275 0.4568 0.7801
vn -0.4811 0.1916 0.8555
vn -0.4966 0.2590 0.8284
vn -0.5615 0.1906 0.8052
vn -0.5967 0.2609 0.7589
vn -0.7590 0.1920 0.6221
vn -0.7905 0.2606 0.5543
vn -0.8266 0.1901 0.5298
vn -0.8657 0.1905 0.4629
vn -0.8528 0.2613 0.4521
vn -0.9004 0.1908 0.3910
vn -0.8365 0.4582 0.3007
vn -0.6495 0.7462 0.1463
vn -0.8775 0.4559 0.1489
vn -0.9394 0.1912 0.2845
vn -0.9408 0.2587 0.2189
vn -0.9666 0.1896 0.1725
vn -0.9583 0.2632 0.1114
vn -0.6683 0.7437 0.0190
vn -0.8884 0.4586 -0.0206
vn -0.9787 0.1909 0.0748
vn -0.9650 0.2608 0.0274
vn -0.9814 0.1908 -0.0196
vn -0.9769 0.1907 -0.0963
vn -0.9606 0.2608 -0.0961
vn -0.9660 0.1903 -0.1752
vn -0.8803 0.4517 -0.1454
vn -0.9435 0.2576 -0.2087
vn -0.9387 0.1921 -0.2863
vn -0.9151 0.2604 -0.3079
vn -0.8459 0.4645 -0.2619
vn -0.8047 0.4518 -0.3852
vn -0.8397 0.2611 -0.4761
vn -0.7279 0.4599 -0.5086
vn -0.7912 0.2528 -0.5569
vn -0.6460 0.4494 -0.6170
vn -0.7321 0.2594 -0.6299
vn -0.6649 0.2563 -0.7016
vn -0.5664 0.4646 -0.6807
vn -0.3799 0.7454 -0.5477
vn -0.4664 0.4579 -0.7568
vn -0.6050 0.1914 -0.7729
vn -0.5760 0.2579 -0.7757
vn -0.5252 0.1899 -0.8295
vn -0.4777 0.2608 -0.8389
vn -0.3633 0.4562 -0.8123
vn -0.3919 0.2543 -0.8842
vn -0.4423 0.1907 -0.8764
vn -0.3533 0.1896 -0.9161
vn -0.3034 0.2628 -0.9159
vn -0.2188 0.4649 -0.8579
vn -0.2076 0.2586 -0.9434
vn -0.2644 0.1908 -0.9453
vn -0.1695 0.1900 -0.9670
vn -0.1218 0.2609 -0.9577
vn -0.0817 0.4575 -0.8855
vn -0.0210 0.2577 -0.9660
vn -0.0730 0.1909 -0.9789
vn 0.0243 0.1899 -0.9815
vn 0.0953 0.2590 -0.9612
vn 0.0157 0.4575 -0.8891
vn 0.1306 0.4585 -0.8790
vn 0.2087 0.2564 -0.9438
vn 0.2851 0.1912 -0.9392
vn 0.3043 0.2599 -0.9164
vn 0.3584 0.1899 -0.9140
vn 0.2458 0.4587 -0.8539
vn 0.3634 0.4576 -0.8115
vn 0.4172 0.2610 -0.8706
vn 0.4613 0.1911 -0.8664
vn 0.5091 0.2604 -0.8204
vn 0.5590 0.1900 -0.8071
vn 0.5987 0.2592 -0.7579
vn 0.7286 0.2593 -0.6339
vn 0.6888 0.4636 -0.5574
vn 0.7915 0.2603 -0.5530
vn 0.7800 0.4499 -0.4350
vn 0.7590 0.1920 -0.6221
vn 0.8266 0.1901 -0.5298
vn 0.8657 0.1905 -0.4629
vn 0.8553 0.2597 -0.4484
vn 0.9004 0.1908 -0.3910
vn 0.8358 0.4583 -0.3023
vn 0.6495 0.7462 -0.1463
vn 0.8775 0.4559 -0.1489
vn 0.9394 0.1912 -0.2845
vn 0.9408 0.2587 -0.2189
vn 0.9666 0.1896 -0.1725
vn 0.9583 0.2632 -0.1114
vn 0.6657 0.7460 -0.0180
vn 0.8884 0.4586 0.0206
vn 0.9787 0.1909 -0.0748
vn 0.9650 0.2608 -0.0274
vn 0.9814 0.1908 0.0196
vn 0.9769 0.1907 0.0963
vn 0.9606 0.2608 0.0961
vn 0.9660 0.1903 0.1752
vn 0.8803 0.4517 0.1454
vn 0.9435 0.2576 0.2087
vn 0.9387 0.1921 0.2863
vn 0.9151 0.2604 0.3079
vn 0.8459 0.4645 0.2619
vn 0.8036 0.4566 0.3818
vn 0.8408 0.2581 0.4758
vn 0.7549 0.4576 0.4698
vn 0.7903 0.2563 0.5565
vn 0.6828 0.4618 0.5661
vn 0.6123 0.4515 0.6490
vn 0.5977 0.2583 0.7590
vn 0.5159 0.4589 0.7234
vn 0.5145 0.2564 0.8183
vn 0.4626 0.1914 0.8657
vn 0.4363 0.2622 0.8608
vn 0.3908 0.1900 0.9007
vn 0.2853 0.1912 0.9392
vn 0.3479 0.2576 0.9014
vn 0.2998 0.4579 0.8369
vn 0.2853 0.1844 0.9405
vn 0.3543 0.1780 0.9180
vn 0.2155 0.1780 0.9602
vn 0.4639 0.1859 0.8662
vn 0.5309 0.1783 0.8285
vn 0.4191 0.1850 0.8889
vn 0.3533 0.1926 0.9155
vn 0.6232 0.1874 0.7593
vn 0.6608 0.1851 0.7274
vn 0.6040 0.1923 0.7734
vn 0.5845 0.1850 0.7901
vn 0.5251 0.1926 0.8289
vn 0.7590 0.1860 0.6239
vn 0.7900 0.1851 0.5845
vn 0.7444 0.1925 0.6394
vn 0.7120 0.1779 0.6792
vn 0.8662 0.1859 0.4639
vn 0.8888 0.1851 0.4192
vn 0.8548 0.1925 0.4819
vn 0.8309 0.1779 0.5273
vn 0.9390 0.1841 0.2904
vn 0.9609 0.1782 0.2118
vn 0.9180 0.1780 0.3543
vn 0.9790 0.1846 0.0863
vn 0.9728 0.1792 0.1466
vn 0.9815 0.1904 0.0185
vn 0.9839 0.1778 -0.0174
vn 0.9778 0.1852 -0.0985
vn 0.9723 0.1848 -0.1434
vn 0.9806 0.1917 -0.0401
vn 0.9405 0.1844 -0.2853
vn 0.9180 0.1780 -0.3543
vn 0.9602 0.1780 -0.2155
vn 0.8662 0.1859 -0.4639
vn 0.8270 0.1785 -0.5331
vn 0.8889 0.1850 -0.4191
vn 0.9155 0.1926 -0.3533
vn 0.7590 0.1859 -0.6240
vn 0.7126 0.1780 -0.6786
vn 0.7900 0.1850 -0.5845
vn 0.8290 0.1926 -0.5251
vn 0.6815 0.1914 -0.7064
vn 0.6232 0.1874 -0.7593
vn 0.5844 0.1850 -0.7901
vn 0.6225 0.1915 -0.7588
vn 0.6609 0.1850 -0.7273
vn 0.7106 0.1926 -0.6768
vn 0.4640 0.1859 -0.8661
vn 0.4192 0.1850 -0.8889
vn 0.5266 0.1780 -0.8313
vn 0.2904 0.1841 -0.9390
vn 0.2079 0.1783 -0.9618
vn 0.3615 0.1785 -0.9151
vn 0.1072 0.1846 -0.9770
vn 0.0234 0.1784 -0.9837
vn 0.1191 0.1916 -0.9742
vn 0.3452 0.9353 -0.0783
vn 0.3511 0.9364 0.0002
vn -0.0501 0.1855 -0.9814
vn 0.0246 0.1916 -0.9812
vn -0.1670 0.1904 -0.9674
vn -0.2090 0.1778 -0.9616
vn -0.1063 0.1854 -0.9769
vn -0.2904 0.1841 -0.9390
vn -0.3575 0.1785 -0.9167
vn -0.2343 0.1921 -0.9530
vn -0.4639 0.1859 -0.8661
vn -0.5295 0.1785 -0.8293
vn -0.4191 0.1849 -0.8889
vn -0.3533 0.1926 -0.9155
vn -0.6240 0.1859 -0.7590
vn -0.6811 0.1785 -0.7101
vn -0.5845 0.1850 -0.7901
vn -0.5251 0.1926 -0.8289
vn -0.7594 0.1874 -0.6231
vn -0.7900 0.1851 -0.5845
vn -0.7433 0.1923 -0.6407
vn -0.7274 0.1849 -0.6609
vn -0.6768 0.1926 -0.7106
vn -0.8662 0.1860 -0.4639
vn -0.8888 0.1851 -0.4192
vn -0.8548 0.1925 -0.4819
vn -0.8309 0.1779 -0.5273
vn -0.9390 0.1841 -0.2904
vn -0.9609 0.1782 -0.2118
vn -0.9180 0.1780 -0.3543
vn -0.9790 0.1844 -0.0873
vn -0.9728 0.1792 -0.1466
vn -0.9815 0.1900 -0.0234
vn -0.9839 0.1778 0.0174
vn -0.9778 0.1852 0.0985
vn -0.9723 0.1848 0.1434
vn -0.9806 0.1917 0.0401
vn -0.9405 0.1844 0.2853
vn -0.9180 0.1780 0.3543
vn -0.9602 0.1780 0.2155
vn -0.8662 0.1859 0.4639
vn -0.8270 0.1785 0.5331
vn -0.8889 0.1850 0.4191
vn -0.9155 0.1926 0.3533
vn -0.7590 0.1859 0.6240
vn -0.7126 0.1780 0.6786
vn -0.7900 0.1850 0.5845
vn -0.8290 0.1926 0.5251
vn -0.6815 0.1914 0.7064
vn -0.6232 0.1874 0.7593
vn -0.5844 0.1850 0.7901
vn -0.6225 0.1915 0.7588
vn -0.6609 0.1850 0.7273
vn -0.7106 0.1926 0.6768
vn -0.4639 0.1860 0.8662
vn -0.4191 0.1851 0.8889
vn -0.5273 0.1779 0.8309
vn -0.2904 0.1841 0.9390
vn -0.2118 0.1782 0.9609
vn -0.3543 0.1780 0.9180
vn 0.0985 0.1852 0.9778
vn 0.1434 0.1848 0.9723
vn 0.0401 0.1917 0.9806
vn 0.0174 0.1778 0.9839
vn -0.0234 0.1900 0.9815
vn -0.0873 0.1844 0.9790
vn -0.1466 0.1792 0.9728
vn -0.2822 -0.2165 -0.9346
vn -0.2372 -0.2537 -0.9377
vn -0.3190 -0.2592 -0.9116
vn -0.4592 -0.2164 -0.8616
vn -0.4211 -0.2479 -0.8725
vn -0.4915 -0.2613 -0.8307
vn -0.5095 -0.1899 -0.8392
vn -0.6204 -0.2162 -0.7539
vn -0.5806 -0.2610 -0.7712
vn -0.5381 -0.2528 -0.8041
vn -0.7539 -0.2164 -0.6204
vn -0.7197 -0.2520 -0.6469
vn -0.7716 -0.2615 -0.5798
vn -0.8617 -0.2165 -0.4590
vn -0.8307 -0.2614 -0.4915
vn -0.8988 -0.2085 -0.3856
vn -0.8922 -0.1784 -0.4148
vn -0.8392 -0.1899 -0.5095
vn -0.9378 -0.2547 -0.2358
vn -0.9128 -0.2828 -0.2946
vn -0.9266 -0.2555 -0.2760
vn -0.8719 -0.1818 -0.4547
vn -0.8948 -0.2158 -0.3909
vn -0.9543 -0.1370 -0.2655
vn -0.9311 -0.1482 -0.3332
vn -0.9290 0.0382 -0.3682
vn -0.9106 -0.1909 -0.3665
vn -0.8567 -0.0519 -0.5132
vn -0.8182 0.2537 -0.5159
vn -0.6270 0.2653 -0.7324
vn -0.9717 -0.0856 -0.2200
vn -0.9263 -0.2925 -0.2376
vn -0.8994 -0.2425 -0.3638
vn -0.8991 -0.2144 -0.3815
vn -0.9669 -0.2553 -0.0043
vn -0.9718 -0.2347 -0.0247
vn -0.9219 -0.3259 -0.2095
vn -0.9484 -0.2491 -0.1960
vn -0.9570 -0.2516 -0.1444
vn -0.6805 -0.7324 -0.0243
vn -0.3789 -0.9216 -0.0841
vn -0.7233 -0.6669 -0.1791
vn -0.8919 -0.4431 -0.0905
vn -0.9225 -0.3631 -0.1311
vn -0.9064 -0.4215 0.0270
vn -0.9880 0.0141 -0.1538
vn -0.9713 0.1355 -0.1957
vn -0.9624 0.2514 -0.1032
vn -0.5221 0.8488 -0.0838
vn -0.2842 0.9533 -0.1021
vn -0.2825 0.9553 0.0869
vn -0.9785 -0.1890 -0.0829
vn -0.9899 -0.1383 -0.0301
vn -0.9691 -0.1896 -0.1580
vn -0.9831 -0.1833 -0.0009
vn -0.9718 -0.2287 -0.0568
vn -0.9300 -0.3453 -0.1260
vn -0.7613 -0.6479 -0.0274
vn -0.4788 -0.8738 -0.0849
vn -0.7737 -0.6133 -0.1587
vn -0.9742 -0.2253 0.0091
vn -0.9251 -0.3789 -0.0258
vn -0.4847 -0.8721 0.0662
vn -0.2681 -0.9612 -0.0656
vn -0.9476 -0.2559 0.1911
vn -0.9235 -0.3268 0.2009
vn -0.9688 -0.2356 0.0763
vn -0.9667 -0.2515 0.0467
vn -0.6873 -0.7207 0.0908
vn -0.8895 -0.4302 0.1541
vn -0.9854 -0.0338 0.1668
vn -0.9762 -0.1883 0.1076
vn -0.9854 -0.1492 0.0819
vn -0.9349 -0.3525 0.0418
vn -0.9819 -0.1850 0.0418
vn -0.9303 -0.3412 0.1344
vn -0.7536 -0.6518 0.0849
vn -0.8950 -0.2159 0.3904
vn -0.8872 -0.2549 0.3845
vn -0.9113 -0.2544 0.3236
vn -0.9128 -0.2828 0.2946
vn -0.9380 -0.2559 0.2338
vn -0.9257 -0.2555 0.2789
vn -0.8989 -0.2085 0.3855
vn -0.8719 -0.1818 0.4548
vn -0.9106 -0.1909 0.3665
vn -0.9311 -0.1482 0.3332
vn -0.8567 -0.0519 0.5132
vn -0.9543 -0.1370 0.2655
vn -0.9290 0.0382 0.3682
vn -0.8182 0.2537 0.5159
vn -0.6270 0.2653 0.7324
vn -0.8992 -0.2144 0.3814
vn -0.8994 -0.2425 0.3638
vn -0.9265 -0.2918 0.2374
vn -0.9711 -0.0879 0.2217
vn -0.8616 -0.2164 0.4591
vn -0.8728 -0.2475 0.4206
vn -0.8307 -0.2613 0.4915
vn -0.8392 -0.1899 0.5096
vn -0.8924 -0.1790 0.4142
vn -0.7539 -0.2162 0.6204
vn -0.7712 -0.2610 0.5806
vn -0.8041 -0.2528 0.5381
vn -0.6203 -0.2164 0.7539
vn -0.6469 -0.2520 0.7198
vn -0.5795 -0.2616 0.7718
vn -0.4590 -0.2165 0.8617
vn -0.4916 -0.2614 0.8307
vn -0.4159 -0.1912 0.8891
vn -0.2846 -0.2164 0.9339
vn -0.3238 -0.2537 0.9115
vn -0.2416 -0.2592 0.9351
vn -0.2344 -0.1912 0.9531
vn -0.0968 -0.2164 0.9715
vn -0.1346 -0.2479 0.9594
vn -0.0504 -0.2641 0.9632
vn -0.0038 -0.2538 0.9672
vn 0.1857 -0.2534 0.9494
vn 0.1442 -0.2164 0.9656
vn 0.1053 -0.2586 0.9602
vn 0.0473 -0.2500 0.9671
vn 0.2821 -0.2165 0.9346
vn 0.2372 -0.2540 0.9377
vn 0.3194 -0.2593 0.9115
vn 0.2345 -0.1912 0.9531
vn 0.4592 -0.2164 0.8616
vn 0.4211 -0.2479 0.8725
vn 0.4915 -0.2613 0.8307
vn 0.5096 -0.1899 0.8392
vn 0.6204 -0.2162 0.7539
vn 0.5806 -0.2610 0.7712
vn 0.5381 -0.2528 0.8041
vn 0.7536 -0.2165 0.6206
vn 0.7197 -0.2524 0.6468
vn 0.7718 -0.2616 0.5796
vn 0.8617 -0.2165 0.4590
vn 0.8307 -0.2614 0.4916
vn 0.8891 -0.1912 0.4159
vn 0.8392 -0.1899 0.5095
vn 0.9339 -0.2164 0.2846
vn 0.9115 -0.2537 0.3238
vn 0.9351 -0.2592 0.2416
vn 0.9531 -0.1912 0.2344
vn 0.9715 -0.2164 0.0968
vn 0.9594 -0.2479 0.1346
vn 0.9632 -0.2640 0.0503
vn 0.9494 -0.2534 -0.1856
vn 0.9656 -0.2164 -0.1442
vn 0.9602 -0.2586 -0.1053
vn 0.9672 -0.2498 -0.0472
vn 0.9346 -0.2165 -0.2824
vn 0.9377 -0.2537 -0.2373
vn 0.9115 -0.2593 -0.3194
vn 0.8616 -0.2164 -0.4591
vn 0.8725 -0.2479 -0.4211
vn 0.8307 -0.2613 -0.4915
vn 0.8392 -0.1899 -0.5096
vn 0.7539 -0.2162 -0.6204
vn 0.7712 -0.2610 -0.5806
vn 0.8041 -0.2528 -0.5381
vn 0.6204 -0.2165 -0.7538
vn 0.6468 -0.2521 -0.7197
vn 0.5795 -0.2616 -0.7718
vn 0.4590 -0.2165 -0.8617
vn 0.4916 -0.2614 -0.8307
vn 0.4159 -0.1912 -0.8891
vn 0.5095 -0.1899 -0.8392
vn 0.2359 -0.2164 -0.9474
vn 0.3285 -0.2527 -0.9101
vn -0.0966 -0.2164 -0.9715
vn 0.0060 -0.2532 -0.9674
vn 0.0944 -0.2163 -0.9718
vn -0.0987 0.1979 0.9752
vn -0.1388 0.4917 0.8596
vn -0.1232 0.5567 0.8215
vn -0.1334 0.8266 0.5467
vn -0.1813 0.8427 0.5070
vn -0.0303 -0.1506 0.9881
vn -0.0614 -0.0204 0.9979
vn -0.0522 0.0015 0.9986
vn -0.1806 -0.0507 0.9822
vn -0.3301 0.0284 0.9435
vn -0.1814 0.1429 0.9730
vn -0.0817 -0.6127 0.7861
vn -0.1145 -0.2517 0.9610
vn -0.0550 -0.2570 0.9649
vn 0.0048 -0.3443 0.9389
vn -0.1808 -0.2583 0.9490
vn -0.3153 -0.1634 0.9348
vn -0.0697 -0.0250 0.9973
vn -0.1232 0.0413 0.9915
vn -0.0782 0.1290 0.9886
vn -0.0446 -0.0687 0.9966
vn -0.0508 0.0184 0.9985
vn -0.0504 -0.4949 0.8675
vn -0.0719 -0.2014 0.9769
vn -0.0404 -0.2136 0.9761
vn -0.0407 -0.2370 0.9707
vn -0.0413 -0.1209 0.9918
vn -0.1126 -0.2025 0.9728
vn -0.2128 -0.2027 0.9558
vn -0.0556 -0.0058 -0.9984
vn -0.0920 0.0079 -0.9957
vn -0.0541 -0.1201 -0.9913
vn -0.1006 0.2141 -0.9716
vn -0.1756 0.5695 -0.8030
vn -0.1057 0.1924 -0.9756
vn -0.1304 0.4939 -0.8597
vn -0.1783 0.8195 -0.5446
vn -0.2032 0.4367 -0.8763
vn -0.1145 -0.1283 -0.9851
vn 0.0296 -0.4817 -0.8759
vn -0.0860 -0.3374 -0.9374
vn -0.0347 -0.9311 -0.3630
vn -0.0817 -0.6017 -0.7945
vn -0.1113 -0.8522 -0.5113
vn -0.0559 0.1038 -0.9930
vn -0.1012 0.4174 -0.9031
vn -0.0864 0.0774 -0.9932
vn -0.0171 -0.9939 -0.1091
vn -0.0325 -0.9955 -0.0891
vn -0.0155 -0.9995 -0.0283
vn -0.0778 -0.9935 -0.0825
vn -0.0322 -0.9962 0.0808
vn -0.1296 0.9880 -0.0842
vn -0.1753 0.9807 0.0861
vn -0.1728 0.9801 -0.0979
vn -0.0944 -0.9927 -0.0747
vn -0.1540 -0.9860 -0.0635
vn -0.0980 -0.9933 0.0610
vn -0.0755 -0.9928 0.0930
vn -0.1150 0.9871 0.1116
vn -0.1295 0.9872 0.0935
vn -0.1135 0.9930 0.0313
vn -0.0039 -0.9216 0.3882
vn -0.0627 -0.9737 0.2189
vn -0.0877 -0.8666 0.4912
vn -0.1496 -0.9863 0.0694
vn -0.1682 0.9574 0.2346
vn -0.1605 0.9849 0.0653
vn -0.1365 0.9878 0.0748
vn -0.2021 0.9765 0.0746
vn -0.1614 0.9844 -0.0706
vn -0.1381 0.9885 -0.0619
vn 0.0293 -0.0887 0.9956
vn 0.0734 -0.1246 0.9895
vn 0.0043 -0.0430 0.9991
vn 0.5322 -0.6644 0.5248
vn 0.4931 -0.4444 0.7479
vn 0.3313 -0.5322 0.7791
vn 0.4587 -0.8885 -0.0098
vn 0.4903 -0.8690 -0.0671
vn 0.4606 -0.8876 0.0021
vn 0.4580 -0.8856 -0.0772
vn 0.3981 -0.7382 -0.5445
vn 0.5161 -0.7332 -0.4428
vn 0.4770 -0.8459 -0.2384
vn 0.1289 -0.2475 -0.9603
vn 0.0829 -0.1384 -0.9869
vn 0.2137 -0.2219 -0.9514
vn 0.3182 -0.5157 -0.7955
vn -0.3281 0.6822 -0.6534
vn -0.4625 0.8448 -0.2691
vn -0.4382 0.6325 -0.6387
vn -0.4041 0.9135 0.0472
vn -0.4358 0.8961 0.0838
vn -0.3975 0.9176 0.0016
vn -0.4056 0.9040 0.1351
vn -0.0245 -0.0118 0.9996
vn -0.1348 0.0905 0.9867
vn -0.0883 0.1432 0.9857
vn -0.2472 0.3870 0.8883
vn -0.5318 0.5838 0.6135
vn -0.3589 0.6834 0.6357
vn 0.1275 -0.0197 0.9916
vn 0.1238 0.0181 0.9921
vn 0.0652 0.0069 0.9978
vn 0.1299 0.0706 0.9890
vn 0.2810 0.2125 0.9359
vn 0.1050 0.0441 0.9935
vn 0.0368 -0.1136 0.9928
vn -0.0496 0.0026 0.9988
vn 0.6674 -0.7309 0.1427
vn 0.8008 -0.5965 0.0550
vn 0.7596 -0.5413 0.3607
vn 0.9291 -0.1842 0.3208
vn 0.9951 -0.0452 0.0876
vn 0.9310 0.0414 0.3626
vn 0.9406 0.3243 0.1003
vn 0.9006 0.4334 0.0324
vn 0.8856 0.4326 0.1691
vn 0.9244 0.3728 0.0811
vn 0.9895 0.1439 0.0142
vn 0.9882 0.1056 0.1108
vn 0.5899 -0.6862 -0.4257
vn 0.7958 -0.5909 -0.1326
vn 0.6656 -0.7436 -0.0642
vn 0.9301 0.0395 -0.3652
vn 0.9881 0.1143 -0.1029
vn 0.9945 -0.0320 -0.0999
vn 0.8928 0.2478 -0.3762
vn 0.9387 0.3278 -0.1070
vn 0.9706 0.2148 -0.1084
vn 0.8260 0.5369 -0.1713
vn 0.7850 0.6062 -0.1274
vn 0.8399 0.5414 -0.0372
vn 0.7074 0.5753 -0.4106
vn 0.7348 0.6538 -0.1806
vn 0.6900 0.5916 -0.4169
vn 0.7448 0.6486 -0.1571
vn 0.7937 0.5905 -0.1461
vn 0.8135 0.5808 -0.0314
vn 0.7723 0.6344 -0.0343
vn 0.9522 -0.2728 -0.1376
vn 0.9313 -0.3631 -0.0286
vn 0.9933 -0.1142 -0.0191
vn 0.8070 -0.4758 -0.3499
vn 0.7625 -0.6261 -0.1632
vn 0.5469 -0.8281 -0.1229
vn 0.7867 -0.6165 -0.0312
vn 0.5486 -0.7468 -0.3759
vn 0.2775 -0.8946 -0.3503
vn 0.6043 -0.3011 -0.7377
vn 0.3587 -0.1447 -0.9222
vn 0.7017 -0.1304 -0.7004
vn 0.4751 -0.4405 -0.7617
vn 0.7339 -0.5211 -0.4358
vn 0.1535 -0.0541 -0.9867
vn 0.3653 0.0059 -0.9309
vn 0.3786 0.1212 -0.9176
vn 0.5997 0.2937 -0.7443
vn 0.6805 0.1748 -0.7116
vn 0.3033 0.1846 -0.9348
vn 0.5027 0.3967 -0.7681
vn 0.5523 0.3410 -0.7607
vn 0.1263 0.0628 -0.9900
vn 0.2689 0.2098 -0.9400
vn 0.0100 -0.0302 -0.9995
vn 0.1054 0.0435 -0.9935
vn 0.3370 0.1915 -0.9218
vn 0.2739 0.2058 -0.9395
vn 0.0047 -0.0369 -0.9993
vn 0.1177 -0.0076 -0.9930
vn 0.4123 0.0337 -0.9104
vn 0.6192 -0.0115 -0.7851
vn 0.7174 0.2125 -0.6634
vn 0.3782 0.1638 -0.9111
vn -0.0330 -0.0495 -0.9982
vn 0.1059 -0.0831 -0.9909
vn 0.4244 -0.0830 -0.9017
vn 0.3230 -0.2343 -0.9169
vn 0.5519 -0.2238 -0.8033
vn 0.4191 -0.3968 -0.8166
vn -0.0525 -0.0323 -0.9981
vn 0.0368 -0.1206 -0.9920
vn 0.6418 -0.5800 -0.5017
vn 0.8500 -0.2945 -0.4367
vn 0.9290 -0.1976 -0.3129
vn 0.1994 -0.3002 -0.9328
vn 0.2119 -0.4853 -0.8483
vn 0.0466 -0.2850 -0.9574
vn 0.1410 -0.9254 -0.3518
vn 0.0288 -0.6414 -0.7666
vn 0.0070 -0.9321 -0.3622
vn 0.3500 -0.7726 -0.5297
vn -0.0150 -0.0242 -0.9996
vn -0.1560 0.0129 -0.9877
vn -0.0159 -0.0473 -0.9988
vn -0.3425 0.3228 -0.8823
vn -0.6112 0.4516 -0.6501
vn -0.4094 0.0687 -0.9098
vn -0.2292 -0.0748 -0.9705
vn -0.5216 -0.0380 -0.8523
vn -0.2513 0.0476 -0.9667
vn -0.0622 0.0102 -0.9980
vn -0.5412 0.1137 -0.8332
vn -0.7610 0.3072 -0.5714
vn -0.4381 0.2678 -0.8581
vn -0.1802 0.1871 -0.9657
vn -0.9931 0.0805 -0.0851
vn -0.9999 0.0079 0.0119
vn -0.9873 -0.0918 -0.1293
vn -0.8580 -0.4992 -0.1209
vn -0.8013 -0.5966 -0.0437
vn -0.7906 -0.5925 -0.1544
vn -0.7003 -0.6283 -0.3388
vn -0.7407 -0.6553 -0.1481
vn -0.7079 -0.6233 -0.3321
vn -0.2905 0.8417 -0.4551
vn -0.1789 0.9593 -0.2185
vn -0.1530 0.8284 -0.5389
vn -0.7287 0.6120 0.3073
vn -0.8847 0.4538 0.1065
vn -0.7979 0.5972 0.0823
vn -0.5872 0.8064 0.0696
vn -0.6048 0.7939 -0.0630
vn -0.5031 0.8617 -0.0660
vn -0.9922 0.0753 0.0992
vn -0.8623 -0.3516 0.3646
vn -0.6616 -0.3396 0.6685
vn -0.7936 -0.4975 0.3503
vn -0.7899 -0.5946 0.1502
vn -0.7747 -0.6314 0.0335
vn -0.8201 -0.5714 0.0313
vn -0.7405 -0.6568 0.1421
vn -0.7451 -0.6576 0.1113
vn -0.7490 -0.6618 0.0325
vn -0.7380 -0.5929 0.3223
vn -0.6443 -0.4677 0.6051
vn -0.7982 -0.5135 0.3149
vn -0.9183 -0.2552 0.3026
vn -0.9686 -0.2275 0.1006
vn -0.9350 -0.3398 0.1015
vn -0.9544 -0.0498 0.2943
vn -0.9961 0.0089 0.0880
vn -0.9876 -0.1243 0.0962
vn -0.8926 0.3498 0.2844
vn -0.8993 0.4291 0.0846
vn -0.9542 0.2861 0.0871
vn -0.3956 0.7546 0.5236
vn -0.2830 0.8465 0.4510
vn -0.4666 0.8493 0.2469
vn -0.3565 0.2718 0.8939
vn 0.1050 -0.0716 0.9919
vn -0.0117 -0.0447 0.9989
vn -0.1510 -0.0216 0.9883
vn -0.4179 -0.1050 0.9024
vn -0.4011 0.1052 0.9100
vn 0.0214 -0.0318 0.9993
vn -0.1647 -0.1075 0.9805
vn -0.1146 -0.1314 0.9847
vn -0.3498 -0.2830 0.8930
vn -0.3265 -0.3199 0.8894
vn -0.3374 -0.3297 0.8817
vn -0.1586 -0.1592 0.9744
vn -0.3794 -0.2931 0.8775
vn -0.4283 -0.2478 0.8690
vn -0.2044 -0.1106 0.9726
vn -0.4960 -0.1579 0.8539
vn -0.0449 -0.0305 0.9985
vn -0.2349 0.0387 0.9712
vn -0.2286 -0.0410 0.9727
vn -0.4540 0.2742 0.8477
vn -0.6673 0.4820 0.5678
vn -0.7581 0.3083 0.5747
vn -0.5279 0.1127 0.8418
vn -0.8129 0.1247 0.5690
vn -0.1446 0.1915 0.9708
vn -0.2014 0.1082 0.9735
vn -0.0994 0.2308 0.9679
vn -0.1955 0.5284 0.8262
vn -0.3337 0.4433 0.8319
vn -0.5572 0.5994 0.5747
vn -0.9654 -0.2599 0.0212
vn -0.9542 -0.2934 0.0579
vn -0.9549 -0.2833 0.0886
vn -0.9260 -0.3535 0.1326
vn -0.8386 -0.5137 0.1815
vn -0.7418 -0.6649 0.0872
vn -0.7334 -0.6784 0.0436
vn -0.7747 -0.6226 0.1108
vn -0.9546 -0.2777 -0.1077
vn -0.9574 -0.2878 -0.0212
vn -0.8464 -0.5001 -0.1833
vn -0.8295 -0.5435 -0.1289
vn -0.7344 -0.6773 -0.0437
vn -0.7376 -0.6718 -0.0671
vn -0.7747 -0.6225 -0.1109
vn 0.1562 0.9876 -0.0183
vn -0.1468 0.9882 -0.0448
vn -0.1220 0.9880 -0.0949
vn -0.0764 0.9878 -0.1356
vn -0.2063 0.9352 -0.2878
vn 0.0204 0.9882 0.1518
vn -0.0419 0.9883 0.1463
vn 0.0020 0.9357 0.3528
vn -0.0204 0.9878 -0.1546
vn 0.0724 0.9881 0.1354
vn -0.0984 0.9877 0.1217
vn 0.0277 0.9895 -0.1418
vn 0.0784 0.9367 0.3412
vn 0.0689 0.9880 -0.1384
vn -0.1350 0.9879 0.0763
vn 0.1182 0.9878 -0.1017
vn -0.1518 0.9882 0.0194
vn -0.3412 0.9367 0.0784
vn -0.3528 0.9357 0.0020
vn 0.1336 0.9894 -0.0564
vn 0.2827 -0.5806 -0.7636
vn 0.5375 -0.2528 -0.8044
vn 0.5838 -0.4823 -0.6531
vn 0.8965 -0.2462 -0.3683
vn 0.9670 -0.2546 0.0038
vn 0.9500 -0.2461 0.1923
vn 0.7636 -0.5806 0.2827
vn 0.8044 -0.2528 0.5375
vn 0.6531 -0.4824 0.5838
vn 0.3683 -0.2462 0.8965
vn -0.1923 -0.2461 0.9500
vn -0.2827 -0.5806 0.7636
vn -0.5375 -0.2528 0.8044
vn -0.5838 -0.4823 0.6531
vn -0.8969 -0.2487 0.3656
vn -0.9103 -0.2558 -0.3253
vn -0.7636 -0.5806 -0.2827
vn -0.8044 -0.2528 -0.5377
vn -0.6531 -0.4823 -0.5838
vn -0.3681 -0.2462 -0.8966
vn -0.1887 -0.2533 -0.9488
vn 0.0490 0.0495 -0.9976
vn 0.0913 0.0565 -0.9942
vn 0.0498 0.0236 -0.9985
vn 0.0032 0.0513 -0.9987
vn 0.1617 0.5541 -0.8166
vn 0.2783 0.0503 -0.9592
vn 0.3187 0.5535 -0.7695
vn 0.4622 0.5533 -0.6930
vn 0.4281 0.5536 -0.7144
vn 0.3925 0.5539 -0.7343
vn 0.2866 0.7313 -0.6189
vn 0.3564 0.5537 -0.7526
vn 0.5285 0.5539 -0.6433
vn 0.6175 0.5537 -0.5587
vn 0.5507 0.7017 -0.4521
vn 0.7695 0.5535 -0.3187
vn 0.9669 0.0504 -0.2500
vn 0.8078 0.5534 -0.2031
vn 0.7969 0.5537 -0.2417
vn 0.6419 0.7295 -0.2362
vn 0.7844 0.5536 -0.2798
vn 0.9971 0.0540 -0.0528
vn 0.9943 0.0656 -0.0839
vn 0.8167 0.5536 0.1625
vn 0.8239 0.5536 0.1214
vn 0.9592 0.0502 0.2783
vn 0.7846 0.5534 0.2795
vn 0.7395 0.5748 0.3503
vn 0.7519 0.5548 0.3560
vn 0.5884 0.6781 0.4405
vn 0.6686 0.5540 0.4961
vn 0.5413 0.7121 0.4471
vn 0.6433 0.5541 0.5283
vn 0.5270 0.7024 0.4785
vn 0.6173 0.5539 0.5586
vn 0.5130 0.6941 0.5051
vn 0.5881 0.5542 0.5890
vn 0.5583 0.5547 0.6169
vn 0.4692 0.6705 0.5747
vn 0.5285 0.5546 0.6427
vn 0.4960 0.5543 0.6684
vn 0.3187 0.5535 0.7695
vn 0.2500 0.0504 0.9669
vn 0.2362 0.7295 0.6419
vn 0.2419 0.5536 0.7969
vn 0.2798 0.5536 0.7844
vn 0.0529 0.0540 0.9971
vn 0.0839 0.0655 0.9943
vn -0.1625 0.5536 0.8168
vn -0.1214 0.5536 0.8239
vn -0.2802 0.5538 0.7841
vn -0.5094 0.0533 0.8589
vn -0.4710 0.0253 0.8818
vn -0.4703 0.0502 0.8811
vn -0.4622 0.5533 0.6930
vn -0.3496 0.5756 0.7392
vn -0.3561 0.5546 0.7521
vn -0.6169 0.5547 0.5583
vn -0.5749 0.6702 0.4694
vn -0.9669 0.0503 0.2501
vn -0.8078 0.5534 0.2028
vn -0.7706 0.5741 0.2768
vn -0.9971 0.0539 0.0529
vn -0.9943 0.0654 0.0839
vn -0.8289 0.5534 0.0816
vn -0.8167 0.5536 -0.1625
vn -0.8239 0.5536 -0.1214
vn -0.9592 0.0502 -0.2783
vn -0.7846 0.5534 -0.2795
vn -0.7387 0.5764 -0.3494
vn -0.7520 0.5548 -0.3560
vn -0.5871 0.6825 -0.4353
vn -0.6683 0.5541 -0.4963
vn -0.6432 0.5543 -0.5282
vn -0.6172 0.5542 -0.5585
vn -0.5886 0.5541 -0.5886
vn -0.5587 0.5541 -0.6171
vn -0.5283 0.5541 -0.6433
vn -0.4961 0.5540 -0.6686
vn -0.3945 0.7126 -0.5801
vn -0.3766 0.0500 -0.9250
vn -0.2506 0.0499 -0.9668
vn -0.0528 0.0540 -0.9971
vn -0.0839 0.0656 -0.9943
vn -0.2858 0.1967 0.9379
vn -0.2343 0.1921 0.9530
vn -0.2332 0.1985 0.9519
vn -0.4677 0.1959 0.8619
vn -0.4151 0.1961 0.8884
vn -0.4336 0.7870 0.4388
vn -0.6620 0.1961 0.7234
vn -0.6222 0.1948 0.7582
vn -0.5804 0.1961 0.7904
vn -0.6968 0.1967 0.6898
vn -0.7904 0.1961 0.5803
vn -0.7541 0.1959 0.6268
vn -0.7253 0.1964 0.6598
vn -0.8179 0.1966 0.5407
vn -0.6435 0.7196 0.2608
vn -0.8884 0.1961 0.4150
vn -0.8619 0.1959 0.4677
vn -0.8400 0.1964 0.5057
vn -0.9077 0.1967 0.3707
vn -0.9382 0.1969 0.2846
vn -0.9226 0.1964 0.3320
vn -0.9379 0.1967 -0.2858
vn -0.9530 0.1921 -0.2344
vn -0.9519 0.1985 -0.2333
vn -0.8619 0.1959 -0.4678
vn -0.8883 0.1960 -0.4154
vn -0.7234 0.1961 -0.6620
vn -0.7582 0.1948 -0.6222
vn -0.7904 0.1961 -0.5803
vn -0.6899 0.1966 -0.6966
vn -0.3361 0.7996 -0.4977
vn -0.4496 0.6564 -0.6058
vn -0.5803 0.1961 -0.7904
vn -0.6269 0.1959 -0.7541
vn -0.6600 0.1964 -0.7252
vn -0.5406 0.1967 -0.8179
vn -0.2886 0.6564 -0.6970
vn -0.4150 0.1961 -0.8884
vn -0.4677 0.1959 -0.8619
vn -0.5056 0.1964 -0.8401
vn -0.3707 0.1967 -0.9077
vn -0.2332 0.1985 -0.9520
vn -0.2858 0.1967 -0.9379
vn -0.3321 0.1964 -0.9226
vn -0.1913 0.1985 -0.9612
vn 0.2858 0.1967 -0.9379
vn 0.2343 0.1921 -0.9530
vn 0.2332 0.1985 -0.9519
vn 0.4677 0.1959 -0.8619
vn 0.4151 0.1961 -0.8884
vn 0.5104 0.7016 -0.4972
vn 0.6620 0.1961 -0.7234
vn 0.6222 0.1948 -0.7582
vn 0.5804 0.1961 -0.7904
vn 0.6968 0.1967 -0.6898
vn 0.7904 0.1961 -0.5803
vn 0.7541 0.1959 -0.6268
vn 0.7253 0.1964 -0.6598
vn 0.8179 0.1966 -0.5407
vn 0.5543 0.7991 -0.2328
vn 0.8884 0.1961 -0.4150
vn 0.8619 0.1959 -0.4677
vn 0.8400 0.1964 -0.5057
vn 0.9077 0.1967 -0.3707
vn 0.9382 0.1969 -0.2846
vn 0.9226 0.1964 -0.3320
vn 0.6727 0.7266 0.1396
vn 0.9761 0.1961 0.0940
vn 0.9798 0.1951 0.0428
vn 0.9379 0.1967 0.2858
vn 0.9530 0.1921 0.2343
vn 0.9519 0.1985 0.2332
vn 0.8619 0.1958 0.4677
vn 0.8884 0.1961 0.4151
vn 0.7541 0.1959 0.6269
vn 0.7904 0.1961 0.5804
vn 0.4190 0.6564 0.6273
vn 0.4496 0.6564 0.6058
vn 0.5803 0.1961 0.7904
vn 0.6222 0.1949 0.7582
vn 0.6619 0.1961 0.7235
vn 0.5407 0.1967 0.8179
vn 0.2322 0.8001 0.5531
vn 0.4150 0.1961 0.8885
vn 0.4677 0.1959 0.8619
vn 0.5057 0.1964 0.8400
vn 0.3707 0.1967 0.9077
vn 0.2846 0.1969 0.9382
vn 0.3320 0.1964 0.9226
vn -0.0001 -1.0000 -0.0001
vn 0.6912 -0.0567 -0.7204
vn 0.7204 -0.0567 0.6912
vn -0.1725 -0.0551 0.9835
vn -0.5349 -0.0624 0.8426
vn -0.6912 -0.0567 0.7204
vn -0.7662 0.4946 0.4102
vn -0.8922 -0.1814 0.4137
vn -0.4647 0.6491 0.6022
vn -0.7367 0.2775 0.6167
vn -0.8499 -0.0445 0.5250
vn -0.7553 0.6479 0.0987
vn -0.5884 0.8034 0.0910
vn -0.6532 0.7150 0.2492
vn -0.8113 0.5386 0.2274
vn -0.9818 0.1700 0.0853
vn -0.3173 0.9139 0.2531
vn -0.9974 0.0711 0.0070
vn -0.7336 0.6792 -0.0240
vn -0.5904 0.7973 -0.1257
vn -0.7546 0.6433 -0.1294
vn -0.6555 0.7104 -0.2563
vn -0.8109 0.5363 -0.2343
vn -0.7662 0.4946 -0.4102
vn -0.4641 0.6492 -0.6026
vn -0.3178 0.9133 -0.2547
vn -0.7367 0.2775 -0.6167
vn -0.8921 -0.1814 -0.4138
vn -0.8499 -0.0445 -0.5250
vn -0.7204 -0.0567 -0.6912
vn 0.0420 0.9428 0.3306
vn -0.3306 0.9429 0.0414
vn -0.3212 0.9432 -0.0851
vn -0.2946 0.9501 -0.1031
vn 0.4919 0.7967 0.3511
vn -0.0415 0.9429 -0.3305
vn 0.0882 0.9430 -0.3209
vn 0.1484 0.9430 -0.2978
vn -0.4714 -0.0227 0.8816
vn -0.3508 0.7971 0.4916
vn 0.3164 0.9428 -0.1053
vn 0.2975 0.9430 0.1490
vn -0.5003 0.7920 -0.3499
vn 0.3523 0.8760 0.3294
vn 0.1915 0.9476 0.2557
vn 0.1789 0.9511 0.2519
vn 0.1042 0.9436 0.3144
vn -0.3948 0.1914 0.8986
vn -0.5300 0.4587 0.7133
vn -0.6637 0.2576 0.7023
vn -0.6430 0.4575 0.6142
vn -0.7210 0.4578 0.5202
vn -0.7327 0.2595 0.6291
vn -0.7910 0.4533 0.4108
vn -0.9076 0.2626 0.3277
vn -0.8857 0.2567 -0.3869
vn -0.8991 0.1910 -0.3940
vn -0.8033 0.1914 -0.5640
vn -0.6759 0.1915 -0.7117
vn 0.2107 0.1919 -0.9585
vn 0.5081 0.4562 -0.7306
vn 0.6665 0.2595 -0.6989
vn 0.6065 0.4562 -0.6512
vn 0.9070 0.2637 -0.3285
vn 0.8857 0.2567 0.3869
vn 0.8991 0.1910 0.3940
vn 0.8033 0.1914 0.5640
vn 0.7302 0.2581 0.6326
vn 0.6655 0.2596 0.6998
vn 0.6779 0.1914 0.7098
vn 0.5269 0.1915 0.8281
vn 0.3965 0.4572 0.7961
vn -0.8876 -0.2547 -0.3838
vn -0.7936 -0.4217 -0.4385
vn -0.7829 -0.5489 -0.2927
vn -0.6341 -0.5735 -0.5188
vn -0.5256 -0.7333 -0.4312
vn -0.5326 -0.5199 -0.6678
vn -0.3101 -0.7173 -0.6240
vn -0.7587 -0.3420 -0.5544
vn -0.8550 -0.2462 -0.4565
vn -0.6645 -0.2281 -0.7116
vn -0.7004 -0.3138 -0.6411
vn -0.4542 -0.3862 -0.8028
vn -0.4107 -0.2214 -0.8845
vn -0.2293 -0.4376 -0.8694
vn -0.2130 -0.2033 -0.9557
vn -0.4373 -0.0528 -0.8977
vn -0.2347 0.0098 -0.9720
vn -0.5122 0.1141 -0.8512
vn -0.7109 -0.1129 -0.6942
vn -0.2715 0.2713 -0.9234
vn -0.4045 0.5958 -0.6938
vn -0.6839 0.5393 -0.4913
vn -0.9203 0.2278 -0.3180
vn -0.9082 -0.2711 -0.3190
vn -0.7154 -0.5520 -0.4284
vn -0.8361 -0.3943 -0.3814
vn -0.8145 -0.5260 -0.2448
vn -0.6221 -0.7012 -0.3483
vn -0.6346 -0.5503 -0.5426
vn -0.4146 -0.7495 -0.5162
vn -0.7940 -0.3389 -0.5047
vn -0.8768 -0.2405 -0.4164
vn -0.7644 -0.2453 -0.5963
vn -0.5742 -0.4335 -0.6945
vn -0.5467 -0.2611 -0.7956
vn -0.3482 -0.5139 -0.7840
vn -0.3284 -0.3185 -0.8892
vn -0.7820 -0.1527 -0.6043
vn -0.5713 -0.0671 -0.8180
vn -0.6307 0.1354 -0.7642
vn -0.3174 -0.1671 -0.9335
vn -0.3354 0.0269 -0.9417
vn -0.3728 0.3275 -0.8682
vn -0.1989 -0.9346 -0.2949
vn -0.4444 -0.8533 -0.2726
vn -0.1766 -0.9807 -0.0834
vn -0.9629 0.2682 -0.0292
vn -0.9631 0.2680 -0.0239
vn -0.6561 0.7546 -0.0088
vn -0.6845 0.7133 -0.1507
vn -0.5861 0.7542 -0.2961
vn -0.7438 0.6138 -0.2648
vn -0.3004 0.8996 -0.3170
vn -0.2966 -0.9261 -0.2331
vn -0.5475 -0.8066 -0.2228
vn -0.7361 -0.6451 0.2047
vn -0.4387 -0.8592 0.2633
vn -0.3859 -0.9175 0.0958
vn -0.7841 -0.5479 0.2914
vn -0.5268 -0.7305 0.4345
vn -0.3101 -0.7173 0.6240
vn -0.1998 -0.9332 0.2986
vn -0.1746 -0.9799 0.0962
vn -0.6823 0.7237 0.1037
vn -0.5303 0.8418 0.1009
vn -0.5842 0.7562 0.2946
vn -0.7400 0.6195 0.2620
vn -0.9691 0.2314 0.0858
vn -0.9687 0.2348 0.0800
vn -0.9729 0.1533 0.1731
vn -0.3016 0.8995 0.3160
vn -0.4045 0.5958 0.6938
vn -0.6839 0.5393 0.4913
vn -0.9201 0.2239 0.3215
vn -0.7864 -0.5905 0.1814
vn -0.5386 -0.8156 0.2116
vn -0.8165 -0.5226 0.2455
vn -0.6235 -0.6987 0.3509
vn -0.4146 -0.7495 0.5162
vn -0.2956 -0.9261 0.2344
vn -0.2724 -0.9589 0.0798
vn -0.7936 -0.4217 0.4385
vn -0.8557 -0.2455 0.4556
vn -0.7587 -0.3420 0.5544
vn -0.6341 -0.5735 0.5188
vn -0.5326 -0.5199 0.6678
vn -0.4543 -0.3860 0.8029
vn -0.7004 -0.3138 0.6411
vn -0.6645 -0.2281 0.7116
vn -0.4107 -0.2214 0.8845
vn -0.2293 -0.4368 0.8698
vn -0.5124 0.1134 0.8512
vn -0.7109 -0.1129 0.6942
vn -0.4373 -0.0530 0.8978
vn -0.2723 0.2676 0.9242
vn -0.2318 0.0071 0.9727
vn -0.9082 -0.2711 0.3190
vn -0.8361 -0.3943 0.3814
vn -0.8768 -0.2405 0.4164
vn -0.7940 -0.3389 0.5047
vn -0.7154 -0.5520 0.4284
vn -0.6346 -0.5503 0.5426
vn -0.5742 -0.4335 0.6945
vn -0.7644 -0.2453 0.5963
vn -0.5466 -0.2612 0.7956
vn -0.3487 -0.5126 0.7846
vn -0.3278 -0.3147 0.8908
vn -0.5712 -0.0672 0.8180
vn -0.7820 -0.1527 0.6043
vn -0.6308 0.1350 0.7641
vn -0.3735 0.3278 0.8678
vn -0.1967 0.4443 0.8740
vn -0.1102 -0.0298 0.9935
vn -0.1954 0.7924 0.5779
vn -0.1877 -0.5509 0.8132
vn 0.0327 -0.6299 0.7760
vn -0.1835 -0.8277 0.5303
vn -0.1518 0.3439 0.9267
vn -0.0995 0.4125 0.9055
vn -0.1202 0.7601 0.6387
vn -0.1092 0.8278 0.5503
vn -0.0903 0.5388 0.8376
vn -0.0655 0.2158 0.9742
vn -0.1838 0.7132 0.6764
vn -0.1115 -0.4574 0.8822
vn -0.0358 -0.4815 0.8757
vn -0.0276 -0.8023 0.5963
vn -0.0518 -0.7870 0.6148
vn -0.1096 -0.7625 0.6377
vn -0.1816 0.0879 -0.9794
vn -0.1712 -0.1358 -0.9758
vn -0.1767 -0.3085 -0.9347
vn -0.1866 -0.5634 -0.8048
vn -0.1848 -0.8310 -0.5247
vn -0.1530 0.3476 -0.9251
vn -0.1251 0.0566 -0.9905
vn -0.0595 -0.1052 -0.9927
vn -0.0446 -0.0434 -0.9981
vn -0.0501 0.0231 -0.9985
vn -0.0627 0.1941 -0.9790
vn -0.0656 0.2394 -0.9687
vn -0.1223 0.7616 -0.6364
vn -0.0967 0.6295 -0.7710
vn -0.1098 0.8303 -0.5463
vn -0.1842 0.7142 -0.6753
vn -0.1097 -0.1921 -0.9752
vn -0.1115 -0.4602 -0.8808
vn -0.0516 -0.4990 -0.8650
vn -0.0631 -0.2527 -0.9655
vn -0.0502 -0.7889 -0.6124
vn -0.0269 -0.8033 -0.5950
vn -0.0352 -0.5013 -0.8646
vn -0.0410 -0.2381 -0.9704
vn -0.0448 -0.1074 -0.9932
vn -0.1092 -0.7634 -0.6367
vn -0.0347 -0.9551 -0.2942
vn -0.0860 -0.9496 -0.3013
vn -0.0147 -0.9999 -0.0003
vn -0.0193 -0.9586 -0.2842
vn -0.1805 0.9306 -0.3185
vn -0.1302 0.9431 -0.3060
vn -0.1143 0.9561 -0.2698
vn -0.1156 0.9872 -0.1098
vn -0.1153 0.9928 -0.0325
vn -0.1128 0.9936 -0.0000
vn -0.0448 -0.9958 -0.0798
vn -0.0943 -0.9681 -0.2323
vn -0.1614 -0.9588 -0.2337
vn -0.0413 -0.9971 0.0642
vn 0.0195 -0.9976 0.0663
vn 0.0244 -0.9964 -0.0817
vn -0.1678 0.9566 -0.2384
vn -0.2048 0.9769 -0.0608
vn -0.0874 -0.9487 0.3038
vn -0.0341 -0.9565 0.2897
vn -0.0194 -0.9602 0.2787
vn -0.0177 -0.9941 0.1069
vn -0.0171 -0.9994 0.0289
vn -0.1311 0.9418 0.3095
vn -0.1791 0.9320 0.3152
vn -0.1141 0.9547 0.2747
vn -0.1595 -0.9590 0.2343
vn -0.1698 0.9543 0.2461
vn 0.1098 -0.2372 0.9652
vn 0.1332 -0.2489 0.9593
vn 0.2481 -0.4932 0.8338
vn 0.4070 -0.7338 0.5439
vn 0.3858 -0.7474 0.5408
vn 0.2264 -0.2299 0.9465
vn 0.4751 -0.8447 0.2463
vn 0.4485 -0.8628 0.2332
vn 0.4867 -0.8714 0.0615
vn 0.5461 -0.8193 0.1749
vn 0.4585 -0.8854 0.0763
vn 0.4595 -0.8881 0.0122
vn 0.5613 -0.8244 -0.0724
vn 0.4488 -0.8629 -0.2326
vn 0.3860 -0.7483 -0.5396
vn 0.2475 -0.4933 -0.8339
vn 0.1091 -0.2370 -0.9654
vn 0.0295 -0.0887 -0.9956
vn 0.0013 -0.0387 -0.9992
vn -0.1188 0.1365 -0.9835
vn -0.0322 0.0270 -0.9991
vn -0.1063 0.1823 -0.9775
vn -0.2317 0.3673 -0.9008
vn -0.2309 0.4566 -0.8592
vn -0.3404 0.7187 -0.6062
vn -0.3948 0.8650 -0.3096
vn -0.4181 0.9033 -0.0965
vn -0.4056 0.9048 -0.1295
vn -0.4000 0.9156 -0.0419
vn -0.3954 0.8668 0.3037
vn -0.4311 0.8486 0.3066
vn -0.3469 0.7291 0.5900
vn -0.6000 0.7502 0.2778
vn -0.2308 0.4547 0.8602
vn -0.1020 0.1746 0.9793
vn -0.0316 0.0268 0.9991
vn 0.3653 -0.1390 0.9205
vn 0.6204 -0.3079 0.7213
vn 0.8630 -0.3809 0.3318
vn 0.7104 -0.1342 0.6909
vn 0.7114 0.0262 0.7023
vn 0.3667 -0.0018 0.9303
vn 0.3887 0.1251 0.9128
vn 0.6833 0.1742 0.7091
vn 0.8959 0.2455 0.3703
vn 0.8233 0.3976 0.4050
vn 0.6043 0.3008 0.7378
vn 0.2841 0.1682 0.9439
vn 0.5435 0.3642 0.7563
vn 0.7511 0.5198 0.4069
vn 0.5060 0.4169 0.7551
vn 0.2621 0.2000 0.9441
vn 0.6851 0.5845 0.4348
vn 0.5129 0.4224 0.7474
vn 0.6896 0.5917 0.4175
vn 0.0019 -0.0375 0.9993
vn 0.5752 0.3908 0.7186
vn 0.3327 0.1864 0.9244
vn 0.7451 0.5418 0.3890
vn 0.3754 0.1075 0.9206
vn 0.1452 0.0092 0.9894
vn 0.6436 0.3355 0.6879
vn 0.8187 0.4535 0.3522
vn -0.0129 -0.0436 0.9990
vn 0.4177 -0.0199 0.9084
vn 0.1116 -0.0623 0.9918
vn 0.7635 0.0094 0.6457
vn 0.7249 0.1933 0.6612
vn 0.8947 0.3092 0.3222
vn 0.9482 0.0592 0.3122
vn 0.3823 -0.1951 0.9032
vn 0.3138 -0.2757 0.9086
vn 0.6899 -0.2644 0.6739
vn 0.5139 -0.4916 0.7030
vn 0.8970 -0.2879 0.3355
vn 0.7026 -0.6066 0.3719
vn 0.1149 -0.3365 0.9346
vn 0.2601 -0.6226 0.7380
vn 0.5156 -0.7853 0.3427
vn 0.2685 -0.8982 0.3481
vn 0.1400 -0.9252 0.3526
vn 0.9125 -0.4054 0.0537
vn 0.9772 -0.2086 0.0382
vn 0.9893 0.1098 0.0958
vn 0.9719 0.2121 0.1017
vn 0.8400 0.5412 0.0384
vn 0.8320 0.5293 0.1662
vn 0.7885 0.6137 0.0393
vn 0.7708 0.6125 0.1755
vn 0.7520 0.6579 0.0405
vn 0.7424 0.6459 0.1779
vn 0.7489 0.6616 0.0391
vn 0.7427 0.6495 0.1628
vn 0.7483 0.6624 -0.0369
vn 0.7493 0.6611 -0.0390
vn 0.7960 0.6044 0.0334
vn 0.7932 0.5897 0.1518
vn 0.8560 0.5165 -0.0227
vn 0.8563 0.5077 0.0951
vn 0.9241 0.3818 -0.0149
vn 0.9676 0.2526 -0.0044
vn 0.9921 0.1097 -0.0615
vn 0.8036 -0.5938 0.0396
vn 0.7779 -0.6112 0.1458
vn 0.8660 -0.4821 0.1325
vn 0.9721 -0.2327 0.0295
vn 0.9917 -0.0577 0.1151
vn 0.3082 -0.9491 0.0651
vn 0.5606 -0.8261 0.0574
vn 0.1343 -0.9885 0.0698
vn 0.9081 -0.4013 -0.1197
vn 0.8346 -0.3707 -0.4075
vn 0.9742 -0.1960 -0.1119
vn 0.9105 -0.1748 -0.3747
vn 0.8855 0.4338 -0.1665
vn 0.8255 0.3966 -0.4016
vn 0.8994 0.4357 -0.0352
vn 0.7589 0.4967 -0.4211
vn 0.7480 0.5384 -0.3882
vn 0.8607 0.4946 -0.1204
vn 0.8227 0.4461 -0.3523
vn 0.9320 0.3459 -0.1078
vn 0.8992 0.3018 -0.3169
vn 0.9517 0.0566 -0.3016
vn 0.1346 -0.9879 -0.0774
vn 0.3152 -0.9472 -0.0581
vn 0.7069 0.0283 -0.7068
vn 0.1258 0.0167 -0.9919
vn 0.0130 -0.0358 -0.9993
vn 0.5161 0.4231 -0.7447
vn 0.5707 0.3872 -0.7241
vn 0.6519 0.3201 -0.6874
vn 0.9062 0.0172 -0.4226
vn 0.0495 -0.5157 -0.8554
vn -0.7370 -0.1302 -0.6633
vn -0.4366 -0.0871 -0.8954
vn -0.7221 0.1191 -0.6815
vn -0.1398 -0.0817 -0.9868
vn -0.3787 -0.2277 -0.8971
vn -0.6672 -0.3429 -0.6613
vn -0.1288 -0.1339 -0.9826
vn -0.3241 -0.2930 -0.8995
vn -0.6106 -0.4586 -0.6457
vn -0.1594 -0.1600 -0.9742
vn -0.5687 -0.5253 -0.6330
vn -0.3410 -0.3310 -0.8799
vn -0.5812 -0.5241 -0.6225
vn -0.3874 -0.2981 -0.8724
vn -0.6377 -0.4661 -0.6132
vn -0.1691 -0.1209 -0.9782
vn -0.4379 -0.2418 -0.8659
vn -0.7130 -0.3628 -0.6001
vn -0.4974 -0.1671 -0.8513
vn -0.7813 -0.2226 -0.5831
vn -0.8176 -0.0406 -0.5744
vn -0.8136 0.1236 -0.5682
vn -0.6685 0.4817 -0.5666
vn -0.3316 0.4686 -0.8188
vn -0.5582 0.5995 -0.5737
vn -0.3900 0.7507 -0.5332
vn -0.8871 0.4556 -0.0738
vn -0.8474 0.4081 -0.3398
vn -0.7298 0.6094 -0.3099
vn -0.7987 0.5949 -0.0908
vn -0.9278 -0.1295 -0.3498
vn -0.9432 0.0234 -0.3314
vn -0.9284 -0.3511 -0.1220
vn -0.8661 -0.3478 -0.3591
vn -0.9369 -0.3484 0.0282
vn -0.9666 -0.2549 0.0283
vn -0.8658 -0.4995 0.0287
vn -0.7959 -0.4961 -0.3470
vn -0.7424 -0.5755 -0.3430
vn -0.7494 -0.6607 -0.0431
vn -0.7490 -0.6619 -0.0276
vn -0.7428 -0.6533 -0.1466
vn -0.7718 -0.6193 -0.1441
vn -0.7770 -0.5449 -0.3152
vn -0.7824 -0.6222 -0.0255
vn -0.8874 -0.4391 -0.1403
vn -0.8540 -0.4138 -0.3153
vn -0.8306 -0.5403 -0.1350
vn -0.8927 -0.4499 -0.0270
vn -0.8318 -0.5545 -0.0250
vn -0.9870 -0.1396 -0.0793
vn -0.9564 -0.0525 -0.2872
vn -0.9189 -0.2548 -0.3011
vn -0.9496 -0.2808 -0.1394
vn -0.9380 -0.3460 -0.0231
vn -0.9708 -0.2399 -0.0095
vn -0.9973 0.0018 -0.0730
vn -0.9570 0.2813 -0.0713
vn -0.8965 0.3465 -0.2761
vn -0.9486 0.1476 -0.2799
vn -0.9866 0.1429 -0.0787
vn -0.9037 0.4225 -0.0697
vn -0.8242 0.5613 -0.0751
vn -0.7922 0.5457 -0.2730
vn -0.4886 0.8699 -0.0676
vn -0.4693 0.8498 -0.2398
vn -0.6544 0.7092 -0.2621
vn -0.6854 0.7249 -0.0688
vn -0.3121 0.9475 -0.0694
vn -0.6949 0.2270 0.6824
vn -0.9289 -0.1173 0.3514
vn -0.9441 0.0507 0.3257
vn -0.7327 -0.1197 0.6700
vn -0.9835 -0.0953 0.1537
vn -0.9207 -0.3577 0.1559
vn -0.8520 -0.5012 0.1512
vn -0.7412 -0.5770 0.3430
vn -0.5998 -0.4691 0.6482
vn -0.7001 -0.6300 0.3361
vn -0.5657 -0.5198 0.6402
vn -0.7072 -0.6245 0.3314
vn -0.5756 -0.5213 0.6300
vn -0.7798 -0.6167 0.1077
vn -0.8902 -0.4427 0.1072
vn -0.8297 -0.5480 0.1066
vn -0.8550 -0.4128 0.3139
vn -0.7106 -0.3604 0.6043
vn -0.7808 -0.2222 0.5839
vn -0.8164 -0.0397 0.5761
vn -0.9844 0.1478 0.0952
vn -0.9459 0.1506 0.2873
vn -0.7888 0.5473 0.2798
vn -0.8200 0.5651 0.0909
vn -0.4838 0.8714 0.0815
vn -0.6804 0.7281 0.0835
vn -0.6516 0.7097 0.2678
vn -0.3083 0.9476 0.0836
vn -0.3894 -0.2162 0.8954
vn -0.5277 -0.0417 0.8484
vn -0.9638 -0.2435 0.1088
vn -0.8872 -0.4291 0.1694
vn -0.9538 -0.2790 0.1115
vn -0.8825 -0.4552 0.1186
vn -0.8410 -0.5297 0.1100
vn -0.7276 -0.6807 0.0848
vn -0.7918 -0.6054 0.0808
vn -0.7372 -0.6723 0.0670
vn -0.8045 -0.5758 0.1458
vn -0.8871 -0.4301 -0.1675
vn -0.9299 -0.3432 -0.1326
vn -0.9662 -0.2361 -0.1038
vn -0.9489 -0.3011 -0.0944
vn -0.9659 -0.2452 -0.0828
vn -0.8817 -0.4567 -0.1185
vn -0.7984 -0.5961 -0.0855
vn -0.8633 -0.5007 -0.0635
vn -0.7273 -0.6811 -0.0843
vn -0.8045 -0.5758 -0.1459
vn -0.7418 -0.6649 -0.0871
vt 0.566775 0.262991
vt 0.544662 0.261748
vt 0.548760 0.253684
vt 0.566228 0.273153
vt 0.526173 0.247001
vt 0.521262 0.254902
vt 0.411626 0.475868
vt 0.422822 0.472541
vt 0.434172 0.492547
vt 0.452900 0.490976
vt 0.431748 0.465692
vt 0.469845 0.484972
vt 0.457190 0.503071
vt 0.557815 0.457258
vt 0.495832 0.475104
vt 0.591726 0.412405
vt 0.478193 0.498538
vt 0.481738 0.508922
vt 0.468197 0.247966
vt 0.449659 0.263605
vt 0.438194 0.259533
vt 0.472777 0.255851
vt 0.594206 0.468787
vt 0.600972 0.445090
vt 0.612840 0.443482
vt 0.586055 0.463688
vt 0.501593 0.500388
vt 0.510030 0.509559
vt 0.428550 0.275840
vt 0.416208 0.274058
vt 0.612102 0.423854
vt 0.623587 0.419925
vt 0.524910 0.497657
vt 0.532383 0.505987
vt 0.410287 0.292040
vt 0.399963 0.290251
vt 0.618989 0.400754
vt 0.628867 0.397897
vt 0.395579 0.311529
vt 0.385023 0.311848
vt 0.439376 0.297620
vt 0.482671 0.278358
vt 0.404076 0.387921
vt 0.405908 0.345265
vt 0.621325 0.376649
vt 0.630094 0.368660
vt 0.384979 0.333505
vt 0.374606 0.335926
vt 0.618972 0.352455
vt 0.626872 0.345408
vt 0.378860 0.357085
vt 0.369072 0.361514
vt 0.377414 0.381334
vt 0.368993 0.390803
vt 0.380645 0.405315
vt 0.373091 0.413763
vt 0.442337 0.454479
vt 0.415219 0.430352
vt 0.589640 0.280769
vt 0.585100 0.288637
vt 0.571773 0.310929
vt 0.591609 0.363537
vt 0.522221 0.282039
vt 0.979304 0.528661
vt 0.985986 0.516297
vt 0.992180 0.528300
vt 0.976527 0.516417
vt 0.995985 0.515387
vt 0.999934 0.516934
vt 0.773162 0.485168
vt 0.753122 0.472664
vt 0.755767 0.485805
vt 0.796501 0.467776
vt 0.751920 0.462968
vt 0.793430 0.458502
vt 0.951452 0.516451
vt 0.964837 0.515455
vt 0.964914 0.518061
vt 0.955909 0.528861
vt 0.968747 0.529794
vt 0.818421 0.475554
vt 0.801736 0.480467
vt 0.838094 0.454520
vt 0.833272 0.446023
vt 0.920204 0.516451
vt 0.933603 0.515455
vt 0.933673 0.518061
vt 0.929688 0.529247
vt 0.937500 0.529869
vt 0.906250 0.516485
vt 0.914063 0.515449
vt 0.862569 0.460601
vt 0.847000 0.468922
vt 0.876301 0.433404
vt 0.869914 0.426011
vt 0.901492 0.434593
vt 0.892402 0.442054
vt 0.881158 0.446291
vt 0.909655 0.405240
vt 0.915227 0.384872
vt 0.857704 0.516451
vt 0.871103 0.515455
vt 0.871173 0.518062
vt 0.867188 0.529292
vt 0.875000 0.529818
vt 0.843750 0.516485
vt 0.851562 0.515449
vt 0.932667 0.399911
vt 0.922431 0.414256
vt 0.936873 0.371110
vt 0.958403 0.361394
vt 0.952819 0.371584
vt 0.949514 0.383311
vt 0.956909 0.332326
vt 0.947491 0.329727
vt 0.911582 0.356935
vt 0.795204 0.516451
vt 0.781250 0.516485
vt 0.789062 0.515449
vt 0.804688 0.516426
vt 0.816397 0.515455
vt 0.816327 0.518061
vt 0.978515 0.319319
vt 0.975102 0.330573
vt 0.967128 0.346257
vt 0.968995 0.290378
vt 0.959250 0.289666
vt 0.985168 0.273162
vt 0.983908 0.284714
vt 0.981541 0.296056
vt 0.972664 0.246878
vt 0.962202 0.228537
vt 0.736046 0.516451
vt 0.746103 0.515455
vt 0.756040 0.516611
vt 0.987648 0.226594
vt 0.983890 0.244234
vt 0.967777 0.203499
vt 0.710938 0.516426
vt 0.722647 0.515455
vt 0.722577 0.518061
vt 0.975554 0.181579
vt 0.979387 0.192558
vt 0.984013 0.209405
vt 0.954520 0.161906
vt 0.946023 0.166728
vt 0.939871 0.211358
vt 0.670204 0.516451
vt 0.683603 0.515455
vt 0.683673 0.518061
vt 0.679688 0.529247
vt 0.687500 0.529869
vt 0.656250 0.516485
vt 0.664063 0.515449
vt 0.960601 0.137432
vt 0.968922 0.153000
vt 0.933404 0.123699
vt 0.926011 0.130086
vt 0.934593 0.098508
vt 0.942054 0.107599
vt 0.946291 0.118842
vt 0.905240 0.090346
vt 0.899234 0.098052
vt 0.607704 0.516451
vt 0.621103 0.515455
vt 0.621173 0.518062
vt 0.617188 0.529292
vt 0.625000 0.529818
vt 0.593750 0.516485
vt 0.601563 0.515449
vt 0.899911 0.067333
vt 0.914256 0.077569
vt 0.871110 0.063128
vt 0.866723 0.071858
vt 0.861394 0.041597
vt 0.871584 0.047182
vt 0.883311 0.050486
vt 0.832326 0.043091
vt 0.829727 0.052509
vt 0.545204 0.516451
vt 0.531250 0.516485
vt 0.539062 0.515449
vt 0.554688 0.516426
vt 0.566397 0.515455
vt 0.566327 0.518061
vt 0.819319 0.021485
vt 0.830573 0.024898
vt 0.846257 0.032872
vt 0.790378 0.031006
vt 0.789666 0.040750
vt 0.773162 0.014832
vt 0.784714 0.016092
vt 0.796057 0.018459
vt 0.746879 0.027336
vt 0.748081 0.037032
vt 0.486046 0.516451
vt 0.496103 0.515455
vt 0.506041 0.516611
vt 0.726594 0.012352
vt 0.744234 0.016110
vt 0.703499 0.032224
vt 0.706570 0.041498
vt 0.460938 0.516426
vt 0.472647 0.515455
vt 0.472577 0.518061
vt 0.681579 0.024446
vt 0.692558 0.020613
vt 0.709405 0.015987
vt 0.661907 0.045480
vt 0.666728 0.053978
vt 0.420204 0.516451
vt 0.433603 0.515455
vt 0.433673 0.518061
vt 0.429688 0.529247
vt 0.437500 0.529869
vt 0.406250 0.516485
vt 0.414063 0.515449
vt 0.637432 0.039399
vt 0.653000 0.031078
vt 0.623699 0.066596
vt 0.630086 0.073990
vt 0.598508 0.065407
vt 0.607599 0.057946
vt 0.618842 0.053709
vt 0.590346 0.094760
vt 0.598052 0.100766
vt 0.357704 0.516451
vt 0.371103 0.515455
vt 0.371173 0.518062
vt 0.367188 0.529292
vt 0.375000 0.529818
vt 0.343750 0.516485
vt 0.351563 0.515449
vt 0.567333 0.100089
vt 0.577569 0.085744
vt 0.563128 0.128890
vt 0.571858 0.133277
vt 0.541597 0.138606
vt 0.547182 0.128416
vt 0.550486 0.116689
vt 0.543091 0.167674
vt 0.545737 0.188623
vt 0.295204 0.516451
vt 0.281250 0.516485
vt 0.289062 0.515449
vt 0.304688 0.516426
vt 0.316397 0.515455
vt 0.316327 0.518061
vt 0.521485 0.180681
vt 0.524899 0.169427
vt 0.532872 0.153743
vt 0.531006 0.209622
vt 0.265625 0.528249
vt 0.267296 0.516451
vt 0.273438 0.528624
vt 0.514832 0.226838
vt 0.516092 0.215286
vt 0.518459 0.203944
vt 0.527336 0.253122
vt 0.537032 0.251919
vt 0.559795 0.213040
vt 0.234375 0.528249
vt 0.236046 0.516451
vt 0.242188 0.528624
vt 0.246103 0.515455
vt 0.256040 0.516611
vt 0.512352 0.273406
vt 0.516110 0.255766
vt 0.532224 0.296501
vt 0.541499 0.293430
vt 0.210938 0.516426
vt 0.222647 0.515455
vt 0.222577 0.518061
vt 0.524446 0.318421
vt 0.520613 0.307442
vt 0.515987 0.290595
vt 0.545480 0.338094
vt 0.553978 0.333272
vt 0.170204 0.516451
vt 0.183603 0.515455
vt 0.183673 0.518061
vt 0.179688 0.529247
vt 0.187500 0.529199
vt 0.156250 0.516485
vt 0.164063 0.515449
vt 0.539399 0.362568
vt 0.531078 0.347000
vt 0.566596 0.376301
vt 0.573990 0.369914
vt 0.565407 0.401492
vt 0.557946 0.392401
vt 0.553709 0.381158
vt 0.594760 0.409654
vt 0.615128 0.415227
vt 0.107704 0.516451
vt 0.121103 0.515455
vt 0.121173 0.518062
vt 0.117188 0.529292
vt 0.125000 0.529766
vt 0.093750 0.516485
vt 0.101563 0.515449
vt 0.600089 0.432667
vt 0.585744 0.422431
vt 0.628890 0.436873
vt 0.638606 0.458403
vt 0.628416 0.452819
vt 0.616689 0.449514
vt 0.667674 0.456909
vt 0.670274 0.447491
vt 0.643065 0.411583
vt 0.045207 0.516451
vt 0.031268 0.516485
vt 0.039072 0.515449
vt 0.054688 0.516426
vt 0.066397 0.515455
vt 0.066327 0.518061
vt 0.680681 0.478515
vt 0.669427 0.475102
vt 0.653743 0.467128
vt 0.709622 0.468994
vt 0.710334 0.459250
vt 0.010543 0.528255
vt 0.017350 0.516407
vt 0.023443 0.529273
vt 0.006123 0.516190
vt 0.726594 0.487648
vt 0.715287 0.483908
vt 0.703944 0.481541
vt 0.828758 0.869011
vt 0.845695 0.853408
vt 0.847039 0.853851
vt 0.792853 0.897729
vt 0.774017 0.910800
vt 0.790169 0.903729
vt 0.811095 0.883790
vt 0.825449 0.875629
vt 0.808604 0.889311
vt 0.863270 0.837015
vt 0.862009 0.836985
vt 0.893123 0.802504
vt 0.908320 0.784919
vt 0.908781 0.784186
vt 0.877726 0.819951
vt 0.889057 0.809076
vt 0.842999 0.860290
vt 0.858660 0.843603
vt 0.873931 0.826473
vt 0.932135 0.743266
vt 0.920043 0.764442
vt 0.931458 0.743937
vt 0.942495 0.723059
vt 0.950124 0.712295
vt 0.920676 0.763516
vt 0.975305 0.645669
vt 0.963080 0.679602
vt 0.970079 0.657834
vt 0.952722 0.701830
vt 0.961854 0.680109
vt 0.977256 0.635145
vt 0.983267 0.612106
vt 0.985334 0.611618
vt 0.947728 0.709267
vt 0.957258 0.687468
vt 0.977890 0.620652
vt 0.964859 0.665859
vt 0.971661 0.643530
vt 0.955819 0.688332
vt 0.992003 0.564929
vt 0.994620 0.541006
vt 0.996023 0.540052
vt 0.996189 0.516801
vt 0.999215 0.503193
vt 0.991756 0.576280
vt 0.988243 0.588643
vt 0.988820 0.550564
vt 0.990545 0.526559
vt 0.983249 0.597077
vt 0.980784 0.602088
vt 0.996430 0.467128
vt 0.996420 0.492521
vt 0.995382 0.468254
vt 0.993328 0.443787
vt 0.995419 0.442210
vt 0.989901 0.419528
vt 0.992152 0.418166
vt 0.987660 0.454520
vt 0.990768 0.502480
vt 0.984178 0.381553
vt 0.985328 0.395264
vt 0.979435 0.371254
vt 0.966892 0.359432
vt 0.958689 0.336222
vt 0.964129 0.323921
vt 0.951105 0.288841
vt 0.954499 0.300907
vt 0.949189 0.313325
vt 0.931928 0.255917
vt 0.913915 0.247786
vt 0.918889 0.234263
vt 0.943800 0.278154
vt 0.938579 0.291111
vt 0.882556 0.180546
vt 0.905857 0.211446
vt 0.889266 0.193016
vt 0.904573 0.213393
vt 0.872893 0.173407
vt 0.855411 0.154755
vt 0.857209 0.151979
vt 0.899824 0.227113
vt 0.884634 0.207136
vt 0.838616 0.133824
vt 0.836991 0.136814
vt 0.797261 0.103927
vt 0.776065 0.089124
vt 0.777436 0.086053
vt 0.817548 0.119931
vt 0.813728 0.135077
vt 0.851205 0.169268
vt 0.832838 0.151613
vt 0.793670 0.119304
vt 0.772764 0.104563
vt 0.731902 0.060581
vt 0.754122 0.075226
vt 0.731354 0.062740
vt 0.708016 0.051050
vt 0.697232 0.041336
vt 0.755398 0.071882
vt 0.705482 0.067186
vt 0.681783 0.057000
vt 0.684036 0.040735
vt 0.622186 0.017445
vt 0.660022 0.029256
vt 0.634441 0.024099
vt 0.659450 0.031909
vt 0.609032 0.017614
vt 0.583284 0.012633
vt 0.583730 0.008988
vt 0.531126 0.006522
vt 0.504863 0.005622
vt 0.504835 0.002847
vt 0.478585 0.005821
vt 0.464938 0.001987
vt 0.544982 0.004246
vt 0.557301 0.008811
vt 0.426134 0.008700
vt 0.452374 0.007646
vt 0.426309 0.011003
vt 0.400427 0.015302
vt 0.399874 0.011599
vt 0.374878 0.021256
vt 0.374220 0.017672
vt 0.401640 0.031953
vt 0.452801 0.024409
vt 0.336693 0.029258
vt 0.349675 0.028336
vt 0.324936 0.036884
vt 0.327050 0.053200
vt 0.303096 0.062770
vt 0.300676 0.046573
vt 0.279710 0.073540
vt 0.277004 0.057514
vt 0.243216 0.073150
vt 0.254062 0.069875
vt 0.231757 0.083138
vt 0.213703 0.112984
vt 0.210208 0.097521
vt 0.256876 0.085657
vt 0.193240 0.128223
vt 0.189501 0.112998
vt 0.234990 0.098819
vt 0.140486 0.153552
vt 0.168756 0.127354
vt 0.150903 0.147083
vt 0.169784 0.129676
vt 0.132986 0.165411
vt 0.116170 0.184709
vt 0.114256 0.182105
vt 0.173690 0.144558
vt 0.155070 0.161846
vt 0.085694 0.225392
vt 0.072158 0.246832
vt 0.070822 0.245003
vt 0.059649 0.268672
vt 0.051069 0.277538
vt 0.091738 0.212066
vt 0.100350 0.204631
vt 0.090585 0.239064
vt 0.120676 0.198808
vt 0.105007 0.218687
vt 0.077143 0.260104
vt 0.064829 0.281710
vt 0.048461 0.291182
vt 0.038471 0.314173
vt 0.035082 0.349621
vt 0.029605 0.337485
vt 0.006776 0.419848
vt 0.014281 0.383745
vt 0.010548 0.409273
vt 0.021967 0.361147
vt 0.015713 0.385188
vt 0.006605 0.433538
vt 0.003972 0.457942
vt 0.001729 0.456761
vt 0.016173 0.420465
vt 0.027519 0.372941
vt 0.021243 0.396613
vt 0.009607 0.468442
vt 0.012271 0.444403
vt 0.002284 0.506593
vt 0.003272 0.530849
vt 0.001883 0.529931
vt 0.005313 0.554845
vt 0.004194 0.566238
vt 0.000585 0.492566
vt 0.002479 0.482253
vt 0.009088 0.540537
vt 0.010892 0.564117
vt 0.012231 0.601465
vt 0.008663 0.578669
vt 0.013220 0.602294
vt 0.018709 0.625463
vt 0.016831 0.624761
vt 0.025434 0.648356
vt 0.023437 0.648018
vt 0.024071 0.633871
vt 0.014190 0.587798
vt 0.030636 0.656431
vt 0.035989 0.681034
vt 0.033113 0.670774
vt 0.041687 0.692901
vt 0.046722 0.700511
vt 0.078664 0.763890
vt 0.060087 0.736616
vt 0.073318 0.756023
vt 0.077717 0.763080
vt 0.090849 0.782192
vt 0.103817 0.800695
vt 0.100452 0.794003
vt 0.117876 0.819572
vt 0.114840 0.812276
vt 0.153278 0.854454
vt 0.129125 0.829642
vt 0.146014 0.846548
vt 0.130091 0.829811
vt 0.162662 0.862528
vt 0.180043 0.877687
vt 0.178817 0.878214
vt 0.149403 0.852901
vt 0.133392 0.836495
vt 0.196899 0.892156
vt 0.198022 0.891963
vt 0.235811 0.917910
vt 0.255527 0.929535
vt 0.254645 0.930178
vt 0.216655 0.905370
vt 0.219345 0.911099
vt 0.182526 0.884346
vt 0.200736 0.898006
vt 0.238217 0.923705
vt 0.257412 0.935734
vt 0.295966 0.949779
vt 0.275685 0.940201
vt 0.296339 0.949934
vt 0.317320 0.958703
vt 0.327291 0.963832
vt 0.274854 0.940555
vt 0.318979 0.964085
vt 0.339936 0.972369
vt 0.338675 0.966523
vt 0.393117 0.981762
vt 0.360016 0.973476
vt 0.382317 0.979093
vt 0.360378 0.973303
vt 0.404482 0.983915
vt 0.426838 0.987715
vt 0.426572 0.988597
vt 0.471914 0.992214
vt 0.494553 0.992961
vt 0.494567 0.993181
vt 0.517201 0.992694
vt 0.528443 0.993327
vt 0.460015 0.991598
vt 0.449322 0.990480
vt 0.562456 0.988907
vt 0.539812 0.991344
vt 0.562341 0.988995
vt 0.584771 0.985637
vt 0.596074 0.984749
vt 0.606182 0.986984
vt 0.607029 0.981287
vt 0.539404 0.996215
vt 0.561755 0.993844
vt 0.639920 0.973043
vt 0.629065 0.975873
vt 0.650853 0.969469
vt 0.670834 0.967444
vt 0.672370 0.962106
vt 0.628214 0.981023
vt 0.692022 0.959745
vt 0.693547 0.953775
vt 0.649424 0.974536
vt 0.724003 0.939819
vt 0.714297 0.944426
vt 0.712472 0.949910
vt 0.754601 0.922917
vt 0.771604 0.916964
vt 0.734676 0.934124
vt 0.732446 0.939559
vt 0.822206 0.871644
vt 0.813262 0.824133
vt 0.838344 0.855780
vt 0.787195 0.900103
vt 0.748474 0.876425
vt 0.765443 0.864379
vt 0.804526 0.885603
vt 0.789269 0.847097
vt 0.789044 0.842580
vt 0.785670 0.798900
vt 0.869943 0.823407
vt 0.855038 0.777081
vt 0.883688 0.805214
vt 0.867595 0.760187
vt 0.897339 0.787014
vt 0.854134 0.839592
vt 0.841802 0.793409
vt 0.827815 0.809039
vt 0.837789 0.740282
vt 0.921675 0.748322
vt 0.900069 0.705602
vt 0.932735 0.728248
vt 0.909945 0.767975
vt 0.890055 0.724314
vt 0.909282 0.686442
vt 0.942804 0.707572
vt 0.879167 0.742472
vt 0.878287 0.672275
vt 0.960474 0.664891
vt 0.951674 0.686250
vt 0.924667 0.646524
vt 0.930968 0.626007
vt 0.966617 0.642378
vt 0.917375 0.666649
vt 0.981595 0.573957
vt 0.978243 0.597244
vt 0.943868 0.562556
vt 0.936388 0.605200
vt 0.940556 0.583962
vt 0.946086 0.540939
vt 0.947302 0.519187
vt 0.984961 0.526857
vt 0.984035 0.479381
vt 0.985090 0.503148
vt 0.946331 0.475359
vt 0.944218 0.453441
vt 0.982010 0.455620
vt 0.947297 0.497281
vt 0.968228 0.384878
vt 0.924773 0.366908
vt 0.961418 0.361662
vt 0.974088 0.408297
vt 0.931290 0.388249
vt 0.941121 0.431596
vt 0.936669 0.409830
vt 0.917242 0.345843
vt 0.953341 0.338746
vt 0.893260 0.354616
vt 0.921703 0.272512
vt 0.876078 0.265594
vt 0.909052 0.251376
vt 0.933253 0.294171
vt 0.908408 0.325135
vt 0.894880 0.295968
vt 0.891142 0.294779
vt 0.865076 0.191238
vt 0.818759 0.194507
vt 0.849959 0.171395
vt 0.895054 0.230948
vt 0.863079 0.246863
vt 0.880232 0.211000
vt 0.843838 0.221028
vt 0.839837 0.220302
vt 0.805021 0.211288
vt 0.768520 0.110771
vt 0.787799 0.126727
vt 0.747344 0.136018
vt 0.826423 0.158565
vt 0.802029 0.178640
vt 0.784574 0.163537
vt 0.766268 0.149375
vt 0.807113 0.142643
vt 0.739908 0.155088
vt 0.719268 0.094188
vt 0.686195 0.102290
vt 0.696936 0.083534
vt 0.664718 0.093094
vt 0.681172 0.059447
vt 0.741805 0.104844
vt 0.707172 0.112504
vt 0.727449 0.123901
vt 0.664000 0.113088
vt 0.631306 0.046521
vt 0.642683 0.085150
vt 0.620275 0.078273
vt 0.597513 0.072583
vt 0.606389 0.040506
vt 0.574477 0.068035
vt 0.581259 0.035554
vt 0.556013 0.031026
vt 0.551203 0.064759
vt 0.530398 0.029089
vt 0.527785 0.062660
vt 0.428091 0.034040
vt 0.453517 0.030888
vt 0.433968 0.066517
vt 0.410822 0.070536
vt 0.402840 0.038314
vt 0.480764 0.062078
vt 0.457311 0.063757
vt 0.353305 0.050982
vt 0.377863 0.043903
vt 0.365366 0.082108
vt 0.329203 0.059353
vt 0.321465 0.098306
vt 0.305490 0.068711
vt 0.300206 0.108010
vt 0.282348 0.079309
vt 0.343190 0.089637
vt 0.217203 0.118324
vt 0.221610 0.157391
vt 0.196891 0.133301
vt 0.259964 0.091279
vt 0.279641 0.118937
vt 0.238292 0.104371
vt 0.248729 0.137038
vt 0.250642 0.138684
vt 0.141763 0.184390
vt 0.155457 0.221237
vt 0.125152 0.203011
vt 0.177648 0.149477
vt 0.203887 0.172175
vt 0.159336 0.166583
vt 0.178055 0.195502
vt 0.179928 0.197216
vt 0.185802 0.219835
vt 0.095166 0.242619
vt 0.115672 0.276737
vt 0.080831 0.262983
vt 0.104313 0.296367
vt 0.066443 0.283465
vt 0.109781 0.222539
vt 0.127969 0.257626
vt 0.141298 0.239138
vt 0.136049 0.288718
vt 0.053238 0.330092
vt 0.076956 0.357991
vt 0.044020 0.352537
vt 0.062403 0.307636
vt 0.085033 0.337061
vt 0.069876 0.379229
vt 0.029331 0.374361
vt 0.094222 0.316517
vt 0.101685 0.365307
vt 0.021499 0.421862
vt 0.025452 0.398129
vt 0.059318 0.422388
vt 0.055650 0.444215
vt 0.017856 0.445603
vt 0.064119 0.400711
vt 0.012876 0.516944
vt 0.012806 0.493210
vt 0.051232 0.509948
vt 0.052973 0.466144
vt 0.051646 0.488041
vt 0.051946 0.531776
vt 0.053669 0.553493
vt 0.016413 0.563988
vt 0.024121 0.610194
vt 0.019705 0.587227
vt 0.060421 0.596251
vt 0.065322 0.617250
vt 0.029425 0.632921
vt 0.056588 0.574962
vt 0.052162 0.698543
vt 0.094628 0.697554
vt 0.061595 0.719574
vt 0.043494 0.677144
vt 0.085888 0.678111
vt 0.071109 0.637988
vt 0.078107 0.658205
vt 0.104190 0.716566
vt 0.072057 0.740032
vt 0.125095 0.681953
vt 0.108537 0.798120
vt 0.151103 0.786704
vt 0.123104 0.815543
vt 0.096088 0.778903
vt 0.114816 0.734867
vt 0.131771 0.762768
vt 0.134136 0.760096
vt 0.153030 0.849649
vt 0.194238 0.832343
vt 0.169896 0.864623
vt 0.138039 0.832586
vt 0.164867 0.802522
vt 0.179213 0.817792
vt 0.220814 0.806010
vt 0.209836 0.846248
vt 0.241442 0.918773
vt 0.278104 0.893527
vt 0.260638 0.930281
vt 0.222741 0.906430
vt 0.204484 0.893398
vt 0.242983 0.871390
vt 0.226184 0.859125
vt 0.260361 0.882744
vt 0.283601 0.851928
vt 0.300674 0.949975
vt 0.334149 0.920047
vt 0.321165 0.958741
vt 0.353492 0.927286
vt 0.342044 0.966477
vt 0.280444 0.940597
vt 0.296441 0.903113
vt 0.315116 0.911996
vt 0.353390 0.885307
vt 0.384809 0.978560
vt 0.363302 0.973002
vt 0.393099 0.938677
vt 0.406484 0.983378
vt 0.433494 0.946670
vt 0.428344 0.987246
vt 0.373193 0.933349
vt 0.413228 0.943014
vt 0.427834 0.905283
vt 0.472455 0.992217
vt 0.450378 0.989829
vt 0.474435 0.950673
vt 0.453931 0.949031
vt 0.538963 0.990692
vt 0.516828 0.992101
vt 0.536088 0.949864
vt 0.556550 0.947721
vt 0.576897 0.944643
vt 0.582968 0.985096
vt 0.647743 0.969451
vt 0.656373 0.923156
vt 0.669147 0.963218
vt 0.626339 0.975553
vt 0.597116 0.940776
vt 0.617090 0.935683
vt 0.675595 0.915628
vt 0.690600 0.956986
vt 0.636867 0.929869
vt 0.655030 0.881560
vt 0.747343 0.919960
vt 0.769859 0.914756
vt 0.727737 0.930397
vt 0.694378 0.906948
vt 0.722919 0.893286
vt 0.721334 0.889977
vt 0.818389 0.386375
vt 0.731553 0.408183
vt 0.898292 0.283613
vt 0.853827 0.143115
vt 0.761313 0.092940
vt 0.674035 0.111577
vt 0.621939 0.168712
vt 0.611453 0.312755
vt 0.996105 0.988559
vt 0.984375 0.992068
vt 0.984375 0.978621
vt 0.972646 0.987425
vt 1.000000 0.975442
vt 0.992188 0.975276
vt 0.968750 0.975260
vt 0.976563 0.975191
vt 0.027354 0.987425
vt 0.015625 0.992068
vt 0.015625 0.978632
vt 0.007813 0.982208
vt 0.031250 0.975265
vt 0.023438 0.975206
vt 0.960938 0.981828
vt 0.953125 0.991718
vt 0.953125 0.978555
vt 0.941396 0.987412
vt 0.937500 0.975268
vt 0.945313 0.975202
vt 0.929688 0.987139
vt 0.916864 0.988199
vt 0.921875 0.978571
vt 0.910150 0.994847
vt 0.902354 0.987412
vt 0.890625 0.991717
vt 0.890625 0.978570
vt 0.878896 0.987412
vt 0.906250 0.975263
vt 0.898438 0.975198
vt 0.875000 0.975261
vt 0.882813 0.975193
vt 0.867188 0.981787
vt 0.859375 0.991717
vt 0.859375 0.978602
vt 0.847646 0.987412
vt 0.843750 0.975263
vt 0.851562 0.975185
vt 0.833137 0.988199
vt 0.816396 0.987412
vt 0.828125 0.978559
vt 0.839850 0.994847
vt 0.812500 0.975263
vt 0.820312 0.975198
vt 0.804688 0.981846
vt 0.796875 0.991717
vt 0.796875 0.978608
vt 0.789062 0.981828
vt 0.785150 0.994847
vt 0.777354 0.987412
vt 0.765625 0.991717
vt 0.765625 0.978554
vt 0.757812 0.981787
vt 0.781250 0.975275
vt 0.773438 0.975205
vt 0.753900 0.994847
vt 0.746104 0.987412
vt 0.734375 0.991718
vt 0.734375 0.978567
vt 0.722646 0.987411
vt 0.750000 0.975254
vt 0.742188 0.975195
vt 0.718750 0.975264
vt 0.726563 0.975203
vt 0.710938 0.987139
vt 0.703125 0.991718
vt 0.703125 0.978555
vt 0.691396 0.987412
vt 0.687500 0.975268
vt 0.695312 0.975202
vt 0.679688 0.987139
vt 0.666864 0.988199
vt 0.671875 0.978571
vt 0.660150 0.994847
vt 0.652354 0.987412
vt 0.640625 0.991717
vt 0.640625 0.978570
vt 0.628896 0.987412
vt 0.656250 0.975263
vt 0.648438 0.975198
vt 0.625000 0.975261
vt 0.632813 0.975185
vt 0.617188 0.981787
vt 0.609375 0.991717
vt 0.609375 0.978570
vt 0.597646 0.987412
vt 0.593750 0.975263
vt 0.601563 0.975185
vt 0.583137 0.988199
vt 0.566396 0.987412
vt 0.578125 0.978559
vt 0.589850 0.994847
vt 0.562500 0.975263
vt 0.570313 0.975206
vt 0.554688 0.981846
vt 0.546875 0.991717
vt 0.546875 0.978608
vt 0.539062 0.987139
vt 0.535150 0.994847
vt 0.527354 0.987412
vt 0.515625 0.991717
vt 0.515625 0.978554
vt 0.507813 0.981787
vt 0.531250 0.975275
vt 0.523438 0.975205
vt 0.503900 0.994847
vt 0.496104 0.987412
vt 0.484375 0.991718
vt 0.484375 0.978567
vt 0.472646 0.987411
vt 0.500000 0.975271
vt 0.492188 0.975195
vt 0.468750 0.975264
vt 0.476563 0.975203
vt 0.460938 0.987139
vt 0.453125 0.991718
vt 0.453125 0.978555
vt 0.441396 0.987412
vt 0.437500 0.975268
vt 0.445313 0.975202
vt 0.429688 0.987139
vt 0.421875 0.991717
vt 0.421875 0.978571
vt 0.410146 0.987412
vt 0.433600 0.994847
vt 0.406250 0.975263
vt 0.414062 0.975199
vt 0.398438 0.981787
vt 0.390625 0.991717
vt 0.390625 0.978570
vt 0.378896 0.987412
vt 0.375000 0.975261
vt 0.382813 0.975198
vt 0.367188 0.981787
vt 0.359375 0.991717
vt 0.359375 0.978570
vt 0.347646 0.987412
vt 0.343750 0.975263
vt 0.351562 0.975185
vt 0.333137 0.988199
vt 0.320313 0.987139
vt 0.328125 0.978559
vt 0.339850 0.994847
vt 0.315356 0.995607
vt 0.310478 0.986061
vt 0.300619 0.992215
vt 0.296859 0.979375
vt 0.289037 0.985654
vt 0.288987 0.976444
vt 0.278478 0.990263
vt 0.281197 0.983843
vt 0.273379 0.984001
vt 0.237936 0.990169
vt 0.234424 0.984178
vt 0.245513 0.984261
vt 0.245176 0.977959
vt 0.237565 0.971733
vt 0.260662 0.971780
vt 0.222074 0.990099
vt 0.218803 0.983843
vt 0.226621 0.984001
vt 0.210963 0.985654
vt 0.203141 0.979375
vt 0.211013 0.976444
vt 0.199381 0.992215
vt 0.189521 0.986061
vt 0.218750 0.996479
vt 0.179688 0.987139
vt 0.166864 0.988199
vt 0.171875 0.978571
vt 0.184644 0.995607
vt 0.160150 0.994847
vt 0.152354 0.987412
vt 0.140625 0.991717
vt 0.140625 0.978570
vt 0.128896 0.987412
vt 0.156250 0.975263
vt 0.148438 0.975193
vt 0.125000 0.975257
vt 0.132813 0.975198
vt 0.117188 0.981787
vt 0.109375 0.991717
vt 0.109375 0.978592
vt 0.097646 0.987412
vt 0.093750 0.975263
vt 0.101563 0.975185
vt 0.083137 0.988199
vt 0.066396 0.987412
vt 0.078125 0.978574
vt 0.089850 0.994847
vt 0.062500 0.975264
vt 0.070313 0.975204
vt 0.054688 0.981797
vt 0.046875 0.991717
vt 0.046875 0.978563
vt 0.039063 0.981802
vt 0.035150 0.994847
vt 0.789967 0.901999
vt 0.980464 0.999977
vt 0.968750 1.000000
vt 0.964456 0.999813
vt 0.971606 0.995626
vt 0.980620 0.998528
vt 0.731763 0.938776
vt 0.752315 0.928654
vt 0.711217 0.948401
vt 0.731104 0.937798
vt 0.000000 1.000000
vt 0.007812 0.997740
vt 0.000000 1.000000
vt 0.023438 0.995713
vt 0.018939 0.999034
vt 0.035126 0.998422
vt 0.035293 0.999970
vt 0.019929 0.999992
vt 0.004043 0.999993
vt 0.960938 0.996436
vt 0.949370 0.998392
vt 0.949214 0.999975
vt 0.937500 1.000000
vt 0.933514 0.999816
vt 0.940356 0.995607
vt 0.881186 0.815169
vt 0.904114 0.791606
vt 0.921875 0.995726
vt 0.929688 0.996567
vt 0.921875 0.999645
vt 0.910307 0.998449
vt 0.910118 0.999972
vt 0.921875 1.000000
vt 0.926789 0.750882
vt 0.925200 0.750601
vt 0.937632 0.730272
vt 0.893938 0.998896
vt 0.886714 0.999975
vt 0.879365 0.998933
vt 0.898438 0.995664
vt 0.898438 1.000000
vt 0.875000 1.000000
vt 0.851563 0.995812
vt 0.839889 0.998383
vt 0.867188 0.996436
vt 0.856111 0.998897
vt 0.863440 0.999973
vt 0.851563 1.000000
vt 0.839734 0.999969
vt 0.983502 0.550416
vt 0.828125 0.999645
vt 0.828125 0.995726
vt 0.820312 0.998383
vt 0.816781 0.999814
vt 0.815356 0.995607
vt 0.828125 1.000000
vt 0.815356 0.995607
vt 0.986466 0.466403
vt 0.984329 0.430483
vt 0.989777 0.478605
vt 0.804688 0.996567
vt 0.796875 0.998396
vt 0.800786 0.999975
vt 0.973887 0.382939
vt 0.972666 0.386525
vt 0.773438 0.995664
vt 0.768939 0.998896
vt 0.785126 0.998422
vt 0.785293 0.999970
vt 0.769929 0.999990
vt 0.926821 0.269174
vt 0.930218 0.280948
vt 0.943892 0.316237
vt 0.730620 0.998392
vt 0.742188 0.999575
vt 0.730464 0.999975
vt 0.742188 0.995664
vt 0.753876 0.998422
vt 0.754043 0.999970
vt 0.742188 1.000000
vt 0.718750 1.000000
vt 0.714456 0.999813
vt 0.721606 0.995607
vt 0.884716 0.211027
vt 0.868433 0.187803
vt 0.710938 0.996436
vt 0.699370 0.998392
vt 0.699214 0.999975
vt 0.687500 1.000000
vt 0.683514 0.999816
vt 0.690356 0.995607
vt 0.812519 0.136647
vt 0.812316 0.137745
vt 0.792601 0.121709
vt 0.750526 0.090637
vt 0.671875 0.995726
vt 0.679688 0.996567
vt 0.671875 0.999645
vt 0.660307 0.998449
vt 0.660118 0.999972
vt 0.671875 1.000000
vt 0.728573 0.078582
vt 0.725424 0.079598
vt 0.750196 0.093562
vt 0.727470 0.081687
vt 0.643938 0.998896
vt 0.636714 0.999975
vt 0.629365 0.998933
vt 0.648438 0.995664
vt 0.648438 1.000000
vt 0.625000 1.000000
vt 0.660654 0.051680
vt 0.656193 0.052948
vt 0.601563 0.995812
vt 0.589889 0.998383
vt 0.617188 0.996436
vt 0.606111 0.998897
vt 0.613440 0.999973
vt 0.601563 1.000000
vt 0.589734 0.999969
vt 0.557501 0.026456
vt 0.504795 0.022741
vt 0.478839 0.022594
vt 0.608583 0.037298
vt 0.504731 0.028748
vt 0.578125 0.999645
vt 0.578125 0.995726
vt 0.570313 0.998383
vt 0.566781 0.999814
vt 0.565356 0.995607
vt 0.578125 1.000000
vt 0.413768 0.032980
vt 0.376376 0.037655
vt 0.427190 0.027581
vt 0.554688 0.996567
vt 0.546875 0.998396
vt 0.550786 0.999975
vt 0.330258 0.054908
vt 0.523438 0.995664
vt 0.518939 0.998896
vt 0.535126 0.998422
vt 0.535293 0.999970
vt 0.519929 0.999990
vt 0.224779 0.109105
vt 0.487688 0.998896
vt 0.480464 0.999975
vt 0.473116 0.998933
vt 0.492188 0.995664
vt 0.503876 0.998422
vt 0.504043 0.999970
vt 0.492188 1.000000
vt 0.468750 1.000000
vt 0.158348 0.162147
vt 0.137369 0.179912
vt 0.445313 0.995798
vt 0.433639 0.998383
vt 0.460938 0.996436
vt 0.449919 0.998888
vt 0.457190 0.999973
vt 0.445313 1.000000
vt 0.433484 0.999969
vt 0.093626 0.238686
vt 0.043854 0.326638
vt 0.045269 0.327932
vt 0.055335 0.305684
vt 0.046025 0.328503
vt 0.393938 0.998896
vt 0.386714 0.999975
vt 0.379365 0.998933
vt 0.398438 0.995664
vt 0.410126 0.998422
vt 0.410293 0.999970
vt 0.398438 1.000000
vt 0.375000 1.000000
vt 0.023601 0.394096
vt 0.351563 0.995812
vt 0.339889 0.998383
vt 0.367188 0.996436
vt 0.356111 0.998897
vt 0.363440 0.999973
vt 0.351563 1.000000
vt 0.339734 0.999969
vt 0.008694 0.491801
vt 0.014351 0.444094
vt 0.014422 0.540498
vt 0.328125 0.999645
vt 0.328125 0.995726
vt 0.320312 0.998383
vt 0.316781 0.999814
vt 0.328125 1.000000
vt 0.018602 0.610953
vt 0.019901 0.608835
vt 0.304688 0.998340
vt 0.292979 0.998416
vt 0.300786 0.999975
vt 0.285293 0.999970
vt 0.277362 0.997620
vt 0.055644 0.722177
vt 0.053838 0.711766
vt 0.064663 0.743893
vt 0.262064 0.990169
vt 0.268939 0.998896
vt 0.253876 0.998422
vt 0.269929 0.999990
vt 0.091288 0.779600
vt 0.083612 0.759794
vt 0.234375 0.998396
vt 0.230464 0.999975
vt 0.226563 0.997520
vt 0.242188 0.998767
vt 0.254043 0.999970
vt 0.242188 1.000000
vt 0.218750 1.000000
vt 0.214456 0.999813
vt 0.160471 0.861651
vt 0.165748 0.868892
vt 0.206876 0.998379
vt 0.199214 0.999975
vt 0.195313 0.998340
vt 0.187500 1.000000
vt 0.183514 0.999816
vt 0.184644 0.995607
vt 0.218521 0.908743
vt 0.160307 0.998449
vt 0.176031 0.998977
vt 0.160118 0.999972
vt 0.171875 0.995726
vt 0.171875 1.000000
vt 0.298238 0.955185
vt 0.296904 0.953041
vt 0.143938 0.998896
vt 0.136714 0.999975
vt 0.129365 0.998933
vt 0.148438 0.995664
vt 0.148438 1.000000
vt 0.125000 1.000000
vt 0.383511 0.983841
vt 0.410312 0.988528
vt 0.405356 0.988978
vt 0.352634 0.973771
vt 0.101563 0.995812
vt 0.089682 0.998381
vt 0.117188 0.996436
vt 0.106111 0.998897
vt 0.113439 0.999973
vt 0.101563 1.000000
vt 0.089902 0.999969
vt 0.472171 0.997032
vt 0.472484 0.996259
vt 0.494618 0.997999
vt 0.449748 0.995553
vt 0.427468 0.993117
vt 0.494652 0.992267
vt 0.533177 0.994766
vt 0.078125 0.999645
vt 0.078125 0.995726
vt 0.066335 0.998450
vt 0.066522 0.999972
vt 0.066400 0.994847
vt 0.078125 1.000000
vt 0.583967 0.990561
vt 0.561010 0.988265
vt 0.054688 0.996436
vt 0.046875 0.998396
vt 0.646673 0.974001
vt 0.609303 0.520190
vt 0.596920 0.496804
vt 0.618136 0.511257
vt 0.599361 0.527426
vt 0.582620 0.507903
vt 0.590235 0.485168
vt 0.572954 0.487182
vt 0.604336 0.470921
vt 0.571614 0.544128
vt 0.554005 0.522974
vt 0.570275 0.515424
vt 0.559132 0.505641
vt 0.550776 0.499460
vt 0.576933 0.495543
vt 0.585656 0.536791
vt 0.631605 0.496075
vt 0.609918 0.484133
vt 0.619159 0.472836
vt 0.614810 0.457187
vt 0.627284 0.460680
vt 0.623315 0.442394
vt 0.651093 0.465395
vt 0.635733 0.444311
vt 0.657627 0.449773
vt 0.642263 0.427174
vt 0.667704 0.405034
vt 0.649108 0.383352
vt 0.668337 0.384344
vt 0.667897 0.371729
vt 0.648088 0.364754
vt 0.665642 0.358907
vt 0.633741 0.341831
vt 0.620503 0.326189
vt 0.625457 0.318974
vt 0.660640 0.338686
vt 0.638183 0.324928
vt 0.653233 0.319009
vt 0.631940 0.311289
vt 0.608247 0.302978
vt 0.611433 0.294917
vt 0.645794 0.304203
vt 0.624369 0.298301
vt 0.636306 0.289624
vt 0.628708 0.279289
vt 0.613096 0.283269
vt 0.619659 0.269779
vt 0.597849 0.278588
vt 0.600155 0.269640
vt 0.603911 0.255640
vt 0.588579 0.259998
vt 0.584805 0.266996
vt 0.567686 0.255438
vt 0.562831 0.244437
vt 0.545514 0.245345
vt 0.548920 0.238684
vt 0.525076 0.239598
vt 0.534479 0.234366
vt 0.519692 0.231538
vt 0.507769 0.237497
vt 0.496869 0.244074
vt 0.490336 0.237457
vt 0.505952 0.219058
vt 0.500842 0.230218
vt 0.488487 0.219351
vt 0.482120 0.231134
vt 0.469351 0.240654
vt 0.467258 0.233646
vt 0.471807 0.221200
vt 0.454783 0.225029
vt 0.452746 0.237650
vt 0.446118 0.247961
vt 0.438697 0.243110
vt 0.438820 0.230220
vt 0.422948 0.237406
vt 0.425289 0.249954
vt 0.427724 0.257349
vt 0.412625 0.258121
vt 0.408364 0.245705
vt 0.394297 0.255924
vt 0.398124 0.270092
vt 0.413374 0.267277
vt 0.400278 0.279231
vt 0.385116 0.283669
vt 0.361704 0.289940
vt 0.376036 0.295670
vt 0.354964 0.300825
vt 0.389019 0.292200
vt 0.377927 0.309575
vt 0.366544 0.311781
vt 0.345284 0.319425
vt 0.358913 0.328990
vt 0.337848 0.339062
vt 0.354450 0.343282
vt 0.349803 0.372765
vt 0.360272 0.372959
vt 0.349648 0.387667
vt 0.361466 0.396805
vt 0.330339 0.384884
vt 0.330956 0.405545
vt 0.332164 0.418403
vt 0.351547 0.406122
vt 0.335135 0.430564
vt 0.366498 0.420395
vt 0.380076 0.432470
vt 0.375526 0.442559
vt 0.341204 0.450160
vt 0.363119 0.444939
vt 0.349503 0.468915
vt 0.369799 0.458007
vt 0.392870 0.454795
vt 0.390070 0.465571
vt 0.357485 0.483005
vt 0.377689 0.470349
vt 0.367337 0.496486
vt 0.375123 0.506423
vt 0.389168 0.484504
vt 0.384168 0.514792
vt 0.403775 0.481013
vt 0.402114 0.497232
vt 0.399720 0.527714
vt 0.413531 0.506170
vt 0.416703 0.491877
vt 0.433473 0.502640
vt 0.438573 0.520483
vt 0.448895 0.509923
vt 0.451966 0.525739
vt 0.464837 0.515040
vt 0.481236 0.518314
vt 0.494229 0.533434
vt 0.501554 0.519330
vt 0.508567 0.533233
vt 0.521776 0.559602
vt 0.522839 0.531641
vt 0.533807 0.556933
vt 0.553015 0.551661
vt 0.536884 0.528675
vt 0.537297 0.514086
vt 0.623492 0.870411
vt 0.587770 0.767719
vt 0.611983 0.759857
vt 0.550989 0.886571
vt 0.528576 0.778619
vt 0.569113 0.881752
vt 0.600598 0.899043
vt 0.476853 0.889251
vt 0.458482 0.885752
vt 0.493095 0.560591
vt 0.495426 0.887808
vt 0.524498 0.910640
vt 0.403426 0.878380
vt 0.385855 0.871573
vt 0.461181 0.556308
vt 0.434004 0.773337
vt 0.333047 0.854221
vt 0.316844 0.844268
vt 0.430609 0.545981
vt 0.376332 0.755848
vt 0.268015 0.817402
vt 0.301718 0.713103
vt 0.322654 0.727899
vt 0.212480 0.764648
vt 0.276256 0.692461
vt 0.180151 0.764639
vt 0.234673 0.643936
vt 0.162836 0.710029
vt 0.153888 0.692513
vt 0.162002 0.740631
vt 0.126756 0.642582
vt 0.193749 0.566115
vt 0.203694 0.590438
vt 0.104030 0.568678
vt 0.178205 0.505377
vt 0.109781 0.586616
vt 0.102279 0.627418
vt 0.095984 0.490858
vt 0.174680 0.442073
vt 0.098007 0.509794
vt 0.084128 0.548940
vt 0.332150 0.364083
vt 0.103486 0.411997
vt 0.109255 0.392168
vt 0.334103 0.351566
vt 0.101568 0.431187
vt 0.081606 0.467438
vt 0.126827 0.335232
vt 0.136429 0.316712
vt 0.194852 0.342878
vt 0.165601 0.263846
vt 0.239515 0.261515
vt 0.223771 0.284358
vt 0.220531 0.202513
vt 0.284539 0.212962
vt 0.381684 0.266961
vt 0.388378 0.428120
vt 0.400278 0.448904
vt 0.267544 0.162045
vt 0.231599 0.175713
vt 0.303605 0.127811
vt 0.373812 0.157269
vt 0.286519 0.150971
vt 0.359160 0.113109
vt 0.400476 0.147491
vt 0.333663 0.113796
vt 0.440662 0.092392
vt 0.466484 0.133808
vt 0.420175 0.096752
vt 0.384493 0.095516
vt 0.524869 0.088935
vt 0.533997 0.133985
vt 0.503759 0.088952
vt 0.470666 0.080544
vt 0.607897 0.102924
vt 0.627546 0.109800
vt 0.539817 0.223889
vt 0.587138 0.098579
vt 0.558164 0.083696
vt 0.685938 0.133611
vt 0.703501 0.144313
vt 0.571983 0.235474
vt 0.636128 0.162235
vt 0.755525 0.179375
vt 0.715430 0.214161
vt 0.693659 0.196424
vt 0.811509 0.239042
vt 0.741259 0.239309
vt 0.844733 0.260430
vt 0.781093 0.294693
vt 0.858322 0.306237
vt 0.865816 0.324430
vt 0.861504 0.287601
vt 0.887844 0.381274
vt 0.815266 0.380333
vt 0.807766 0.354110
vt 0.901595 0.459694
vt 0.824017 0.443811
vt 0.898198 0.439465
vt 0.909884 0.413975
vt 0.899610 0.538284
vt 0.820203 0.507080
vt 0.900114 0.518025
vt 0.917998 0.495799
vt 0.664669 0.425510
vt 0.882540 0.614055
vt 0.874698 0.631071
vt 0.661998 0.438090
vt 0.886776 0.594493
vt 0.909956 0.576587
vt 0.851545 0.684329
vt 0.840579 0.699356
vt 0.790027 0.600718
vt 0.808191 0.746809
vt 0.740663 0.672869
vt 0.757238 0.653022
vt 0.692032 0.841159
vt 0.674773 0.847745
vt 0.715764 0.850587
vt 0.666528 0.733757
vt 0.740791 0.835247
vt 0.751737 0.795996
vt 0.717651 0.696830
vt 0.046875 0.539317
vt 0.039064 0.529308
vt 0.051968 0.528944
vt 0.078125 0.539329
vt 0.070312 0.529309
vt 0.083212 0.528919
vt 0.085938 0.975197
vt 0.109375 0.539340
vt 0.104331 0.528731
vt 0.093750 0.529828
vt 0.140625 0.539328
vt 0.132813 0.529292
vt 0.145705 0.528888
vt 0.171875 0.539327
vt 0.166786 0.528927
vt 0.187500 0.683282
vt 0.180620 0.975347
vt 0.164062 0.975198
vt 0.210938 0.528625
vt 0.207677 0.593253
vt 0.203125 0.528249
vt 0.195301 0.678036
vt 0.187500 0.621324
vt 0.210941 0.706288
vt 0.203132 0.702286
vt 0.210980 0.696136
vt 0.195315 0.694960
vt 0.203143 0.686393
vt 0.211046 0.687957
vt 0.210899 0.679708
vt 0.218757 0.706034
vt 0.214660 0.881155
vt 0.195314 0.893042
vt 0.187500 0.906290
vt 0.250000 0.529198
vt 0.246016 0.583837
vt 0.219416 0.590048
vt 0.218750 0.529199
vt 0.226562 0.528624
vt 0.244618 0.599503
vt 0.238236 0.606763
vt 0.228266 0.599729
vt 0.237029 0.591822
vt 0.228136 0.590242
vt 0.254505 0.591815
vt 0.229491 0.704251
vt 0.226639 0.696325
vt 0.234440 0.696504
vt 0.239681 0.689356
vt 0.237557 0.682986
vt 0.260744 0.683034
vt 0.234966 0.712315
vt 0.245747 0.704275
vt 0.226562 0.712385
vt 0.250000 0.712258
vt 0.242188 0.872757
vt 0.229735 0.880041
vt 0.245059 0.888437
vt 0.236626 0.895729
vt 0.228592 0.888655
vt 0.250000 0.872767
vt 0.245720 0.880749
vt 0.261198 0.895686
vt 0.238820 0.902005
vt 0.281250 0.529198
vt 0.280584 0.590048
vt 0.262161 0.583837
vt 0.257813 0.528624
vt 0.263760 0.599568
vt 0.271358 0.591842
vt 0.273430 0.705816
vt 0.265625 0.712320
vt 0.262498 0.704269
vt 0.257810 0.879132
vt 0.257812 0.712276
vt 0.270265 0.880041
vt 0.263283 0.888497
vt 0.312500 0.620319
vt 0.301596 0.601802
vt 0.304688 0.528625
vt 0.292322 0.593254
vt 0.289063 0.528624
vt 0.296875 0.528250
vt 0.312500 0.683284
vt 0.304699 0.678036
vt 0.304685 0.694961
vt 0.296868 0.702286
vt 0.296857 0.686393
vt 0.289059 0.706287
vt 0.289020 0.696136
vt 0.288954 0.687957
vt 0.289101 0.679708
vt 0.312500 0.906290
vt 0.304686 0.893041
vt 0.285340 0.881155
vt 0.281243 0.706034
vt 0.328125 0.539308
vt 0.320313 0.529286
vt 0.333212 0.528919
vt 0.335938 0.975197
vt 0.319291 0.975368
vt 0.359375 0.539324
vt 0.354331 0.528731
vt 0.343750 0.529828
vt 0.390625 0.539328
vt 0.382813 0.529292
vt 0.395714 0.528928
vt 0.421875 0.539327
vt 0.416784 0.528936
vt 0.429688 0.975191
vt 0.453125 0.539298
vt 0.445313 0.529303
vt 0.458208 0.528899
vt 0.460938 0.975194
vt 0.484375 0.539321
vt 0.476563 0.529308
vt 0.489460 0.528909
vt 0.500000 0.529881
vt 0.531250 0.529897
vt 0.523438 0.539571
vt 0.518410 0.528861
vt 0.507812 0.529292
vt 0.546875 0.539349
vt 0.539062 0.529237
vt 0.551978 0.528988
vt 0.539062 0.975190
vt 0.578125 0.539308
vt 0.570313 0.529314
vt 0.583212 0.528919
vt 0.585938 0.975197
vt 0.609375 0.539325
vt 0.604331 0.528731
vt 0.593750 0.529828
vt 0.640625 0.539328
vt 0.632812 0.529150
vt 0.645714 0.528928
vt 0.671875 0.539327
vt 0.666784 0.528936
vt 0.679688 0.975191
vt 0.664063 0.975199
vt 0.703125 0.539298
vt 0.695312 0.529303
vt 0.708208 0.528899
vt 0.710938 0.975194
vt 0.734375 0.539321
vt 0.726563 0.529308
vt 0.739460 0.528909
vt 0.781250 0.529897
vt 0.773438 0.539571
vt 0.768410 0.528861
vt 0.757813 0.529292
vt 0.796875 0.539349
vt 0.789063 0.529326
vt 0.801978 0.528988
vt 0.828125 0.539308
vt 0.820312 0.529286
vt 0.833212 0.528919
vt 0.835938 0.975197
vt 0.859375 0.539344
vt 0.854331 0.528731
vt 0.843750 0.529828
vt 0.890625 0.539328
vt 0.882813 0.529264
vt 0.895714 0.528928
vt 0.921875 0.539327
vt 0.916784 0.528936
vt 0.929688 0.975191
vt 0.914063 0.975199
vt 0.960937 0.539576
vt 0.945312 0.529303
vt 0.968750 0.975260
vt 0.015626 0.539266
vt 0.000000 0.527050
vt 0.984374 0.539260
vt 1.000000 0.527050
vt 0.278207 0.948376
vt 0.277119 0.954208
vt 0.274777 0.947325
vt 0.274010 0.957529
vt 0.272166 0.950265
vt 0.276186 0.925723
vt 0.277447 0.939424
vt 0.275970 0.930419
vt 0.281607 0.942840
vt 0.285152 0.949838
vt 0.281092 0.950718
vt 0.276873 0.919373
vt 0.278690 0.926006
vt 0.277208 0.925986
vt 0.276026 0.920447
vt 0.281219 0.925136
vt 0.285465 0.930568
vt 0.277537 0.652988
vt 0.280731 0.658817
vt 0.277181 0.660150
vt 0.273854 0.648447
vt 0.273889 0.653080
vt 0.276042 0.630716
vt 0.277662 0.637671
vt 0.275578 0.640275
vt 0.273776 0.638779
vt 0.273815 0.643613
vt 0.280632 0.636167
vt 0.284901 0.636467
vt 0.223818 0.932801
vt 0.221386 0.942403
vt 0.222823 0.929928
vt 0.224382 0.939487
vt 0.225600 0.944066
vt 0.221756 0.948436
vt 0.222881 0.954208
vt 0.223813 0.961658
vt 0.220340 0.957085
vt 0.220973 0.931276
vt 0.224001 0.920243
vt 0.221970 0.924279
vt 0.227389 0.916727
vt 0.223209 0.919454
vt 0.225487 0.914979
vt 0.224415 0.657983
vt 0.223884 0.665462
vt 0.222277 0.658660
vt 0.238152 0.629111
vt 0.238362 0.623198
vt 0.244077 0.629111
vt 0.238949 0.618249
vt 0.260572 0.623226
vt 0.239517 0.672880
vt 0.260912 0.677851
vt 0.237599 0.677789
vt 0.237825 0.911423
vt 0.239013 0.907173
vt 0.260809 0.911370
vt 0.262427 0.618309
vt 0.261997 0.666979
vt 0.261591 0.672921
vt 0.255998 0.666979
vt 0.274072 0.918046
vt 0.269515 0.914137
vt 0.274279 0.915781
vt 0.262592 0.907238
vt 0.268217 0.953116
vt 0.261330 0.966452
vt 0.261589 0.957986
vt 0.261483 0.953375
vt 0.237884 0.966288
vt 0.239848 0.958021
vt 0.273923 0.670760
vt 0.269915 0.657231
vt 0.272260 0.665742
vt 0.272320 0.651997
vt 0.240117 0.640998
vt 0.250002 0.629111
vt 0.229651 0.643616
vt 0.230930 0.651574
vt 0.233478 0.641865
vt 0.226556 0.655291
vt 0.226081 0.670123
vt 0.226529 0.669398
vt 0.227661 0.651639
vt 0.225941 0.677563
vt 0.231904 0.688901
vt 0.225858 0.691370
vt 0.260988 0.683980
vt 0.249998 0.666979
vt 0.274054 0.680151
vt 0.274103 0.687153
vt 0.273997 0.669519
vt 0.274096 0.684804
vt 0.274183 0.698310
vt 0.274098 0.684096
vt 0.274125 0.702013
vt 0.274215 0.718091
vt 0.274466 0.747946
vt 0.274426 0.752135
vt 0.274746 0.801488
vt 0.274948 0.825992
vt 0.275505 0.910136
vt 0.275497 0.920521
vt 0.264050 0.656362
vt 0.259245 0.662229
vt 0.269046 0.664712
vt 0.269169 0.677873
vt 0.263863 0.682594
vt 0.270067 0.687630
vt 0.264104 0.702310
vt 0.260476 0.710856
vt 0.266471 0.711953
vt 0.267038 0.849751
vt 0.262433 0.862993
vt 0.268894 0.862680
vt 0.230933 0.658173
vt 0.235845 0.662935
vt 0.240611 0.655664
vt 0.229933 0.687764
vt 0.235428 0.689243
vt 0.235490 0.682672
vt 0.229864 0.700905
vt 0.235373 0.702377
vt 0.235392 0.695811
vt 0.233473 0.725097
vt 0.235272 0.737855
vt 0.239042 0.723974
vt 0.229612 0.748180
vt 0.233338 0.755824
vt 0.225614 0.792942
vt 0.231570 0.793722
vt 0.231321 0.818097
vt 0.238253 0.823447
vt 0.238408 0.810492
vt 0.231047 0.875153
vt 0.238793 0.878646
vt 0.238435 0.872079
vt 0.224691 0.881006
vt 0.230985 0.888122
vt 0.233709 0.898346
vt 0.238578 0.888111
vt 0.224596 0.895866
vt 0.226069 0.904913
vt 0.227688 0.674703
vt 0.226452 0.681940
vt 0.227649 0.681270
vt 0.230933 0.658173
vt 0.227741 0.665599
vt 0.230053 0.665167
vt 0.225939 0.692192
vt 0.226373 0.694849
vt 0.226259 0.713364
vt 0.227439 0.717115
vt 0.227516 0.703972
vt 0.226100 0.739256
vt 0.227236 0.751360
vt 0.227362 0.730088
vt 0.225581 0.750952
vt 0.225947 0.764037
vt 0.225454 0.760595
vt 0.225057 0.825190
vt 0.225034 0.828385
vt 0.225235 0.802204
vt 0.225042 0.834308
vt 0.224817 0.863804
vt 0.224812 0.863774
vt 0.224781 0.867775
vt 0.224863 0.854918
vt 0.224919 0.846598
vt 0.224834 0.871041
vt 0.224661 0.888668
vt 0.224719 0.878468
vt 0.224645 0.890371
vt 0.224703 0.880150
vt 0.224619 0.893437
vt 0.224691 0.894905
vt 0.224496 0.912265
vt 0.224748 0.872079
vt 0.224546 0.905012
vt 0.224514 0.905675
vt 0.224333 0.917178
vt 0.226052 0.911479
vt 0.224236 0.916194
vt 0.226060 0.918046
vt 0.225919 0.684035
vt 0.225828 0.698478
vt 0.225847 0.696357
vt 0.225842 0.695177
vt 0.225781 0.704402
vt 0.225781 0.705326
vt 0.225243 0.882038
vt 0.226429 0.894508
vt 0.225110 0.904437
vt 0.224515 0.919541
vt 0.226356 0.907504
vt 0.228764 0.916526
vt 0.226282 0.920731
vt 0.224935 0.926851
vt 0.240101 0.712946
vt 0.254538 0.721403
vt 0.239380 0.721669
vt 0.239344 0.748194
vt 0.243851 0.767221
vt 0.237703 0.767142
vt 0.231443 0.792125
vt 0.237627 0.792572
vt 0.232199 0.830234
vt 0.229297 0.945647
vt 0.231832 0.952874
vt 0.227763 0.950650
vt 0.268191 0.710478
vt 0.260664 0.712946
vt 0.260764 0.706379
vt 0.260880 0.698288
vt 0.239298 0.699812
vt 0.239649 0.692065
vt 0.268303 0.735626
vt 0.274426 0.739055
vt 0.268363 0.748992
vt 0.262297 0.767527
vt 0.254501 0.774700
vt 0.254473 0.761813
vt 0.262373 0.792982
vt 0.260677 0.831274
vt 0.254534 0.792753
vt 0.267048 0.847431
vt 0.270926 0.853125
vt 0.267091 0.860611
vt 0.267197 0.886530
vt 0.260693 0.889943
vt 0.260666 0.883377
vt 0.267248 0.899214
vt 0.260779 0.903074
vt 0.260731 0.896509
vt 0.267326 0.918450
vt 0.260867 0.922772
vt 0.260852 0.916205
vt 0.271445 0.939371
vt 0.270867 0.945569
vt 0.267496 0.941184
vt 0.274158 0.695177
vt 0.274041 0.688076
vt 0.274176 0.700127
vt 0.274208 0.704348
vt 0.274289 0.717060
vt 0.274220 0.705461
vt 0.274431 0.741774
vt 0.274362 0.729785
vt 0.274575 0.765065
vt 0.274559 0.761967
vt 0.274711 0.787220
vt 0.274099 0.825378
vt 0.274583 0.838982
vt 0.273327 0.849924
vt 0.273423 0.867995
vt 0.274695 0.871715
vt 0.273496 0.881106
vt 0.275304 0.893094
vt 0.274887 0.903997
vt 0.274809 0.890881
vt 0.273719 0.920881
vt 0.271285 0.926558
vt 0.271236 0.916720
vt 0.273644 0.907544
vt 0.271187 0.906858
vt 0.275105 0.929686
vt 0.274966 0.917261
vt 0.275636 0.939643
vt 0.274198 0.942182
vt 0.273846 0.933223
vt 0.271330 0.933085
vt 0.000000 0.000000
vt 0.403543 0.433106
vt 0.568771 0.289069
vt 0.529808 0.268584
vt 0.485980 0.265065
vt 0.496971 0.252908
vt 0.552726 0.475105
vt 0.585449 0.447328
vt 0.567934 0.478985
vt 0.444286 0.279099
vt 0.512220 0.488260
vt 0.605462 0.408845
vt 0.418091 0.299402
vt 0.547297 0.490440
vt 0.399806 0.327261
vt 0.609539 0.365253
vt 0.388745 0.369856
vt 0.596748 0.323129
vt 0.611969 0.329114
vt 0.600541 0.307550
vt 0.391022 0.402724
vt 0.784714 0.483908
vt 0.945312 0.515449
vt 0.830573 0.475102
vt 0.906250 0.529837
vt 0.872940 0.455057
vt 0.892296 0.516451
vt 0.882813 0.516426
vt 0.910582 0.427133
vt 0.898438 0.515449
vt 0.942054 0.392401
vt 0.829796 0.516451
vt 0.812500 0.529828
vt 0.835938 0.515449
vt 0.981929 0.308066
vt 0.767296 0.516451
vt 0.988801 0.261703
vt 0.750000 0.529622
vt 0.773438 0.515449
vt 0.718750 0.529846
vt 0.701454 0.516451
vt 0.695313 0.515449
vt 0.975102 0.169427
vt 0.656250 0.529837
vt 0.955057 0.127060
vt 0.642296 0.516451
vt 0.632813 0.516426
vt 0.927133 0.089418
vt 0.648438 0.515449
vt 0.892401 0.057947
vt 0.579796 0.516451
vt 0.562500 0.529828
vt 0.585938 0.515449
vt 0.808066 0.018071
vt 0.517296 0.516451
vt 0.761703 0.011200
vt 0.523438 0.515449
vt 0.468750 0.529846
vt 0.451454 0.516451
vt 0.445313 0.515449
vt 0.669427 0.024898
vt 0.406250 0.529837
vt 0.627060 0.044943
vt 0.392296 0.516451
vt 0.382812 0.516426
vt 0.589418 0.072867
vt 0.398438 0.515449
vt 0.557947 0.107599
vt 0.329796 0.516451
vt 0.312500 0.529033
vt 0.335938 0.515449
vt 0.518071 0.191934
vt 0.511200 0.238297
vt 0.273438 0.515449
vt 0.201454 0.516451
vt 0.195313 0.528624
vt 0.195312 0.515449
vt 0.524898 0.330573
vt 0.156250 0.529837
vt 0.544943 0.372940
vt 0.142296 0.516451
vt 0.132813 0.516426
vt 0.572867 0.410582
vt 0.148438 0.515449
vt 0.607599 0.442054
vt 0.079796 0.516451
vt 0.062500 0.529837
vt 0.085938 0.515449
vt 0.031253 0.529837
vt 0.691934 0.481929
vt 0.738297 0.488801
vt 0.023480 0.515447
vt 0.820970 0.876333
vt 0.793866 0.897984
vt 0.765323 0.918001
vt 0.886104 0.810480
vt 0.915494 0.771225
vt 0.986461 0.574115
vt 0.972399 0.347423
vt 0.971328 0.333770
vt 0.979705 0.406635
vt 0.928367 0.242517
vt 0.808606 0.108941
vt 0.657521 0.048179
vt 0.632796 0.040625
vt 0.607696 0.034237
vt 0.582265 0.029239
vt 0.530738 0.023304
vt 0.287743 0.047499
vt 0.351498 0.044810
vt 0.198141 0.101079
vt 0.022975 0.346792
vt 0.037005 0.312205
vt 0.053691 0.304062
vt 0.007925 0.516523
vt 0.050755 0.714801
vt 0.054605 0.724326
vt 0.038309 0.678730
vt 0.105403 0.803267
vt 0.086685 0.775177
vt 0.225421 0.911716
vt 0.277779 0.945820
vt 0.361588 0.978531
vt 0.517061 0.998300
vt 0.683522 0.959196
vt 0.806296 0.777217
vt 0.972610 0.619883
vt 0.978782 0.431899
vt 0.781391 0.188551
vt 0.479087 0.029026
vt 0.504283 0.061801
vt 0.387905 0.075662
vt 0.165621 0.244898
vt 0.015134 0.469374
vt 0.035812 0.655295
vt 0.186793 0.879537
vt 0.244016 0.824138
vt 0.515559 0.951203
vt 0.494991 0.951337
vt 0.604775 0.980932
vt 0.708162 0.940903
vt 0.000000 0.989275
vt 0.750000 0.250000
vt 0.996100 0.998205
vt 0.000000 0.975442
vt 0.877856 0.995607
vt 0.627856 0.995607
vt 0.471606 0.995607
vt 0.410150 0.994847
vt 0.377856 0.995607
vt 0.377856 0.995607
vt 0.281063 0.976492
vt 0.304703 0.966272
vt 0.280695 0.967632
vt 0.289168 0.968465
vt 0.296884 0.970291
vt 0.262326 0.984210
vt 0.261958 0.977817
vt 0.273202 0.977134
vt 0.272574 0.970478
vt 0.250000 0.990134
vt 0.234558 0.977711
vt 0.226798 0.977134
vt 0.218937 0.976492
vt 0.219305 0.967632
vt 0.227426 0.970478
vt 0.237565 0.971733
vt 0.210832 0.968465
vt 0.195297 0.966273
vt 0.203116 0.970291
vt 0.127856 0.995607
vt 0.127856 0.995607
vt 0.992188 0.999985
vt 0.996140 0.999561
vt 1.000000 1.000000
vt 0.750992 0.927195
vt 0.812500 1.000000
vt 0.831826 0.154111
vt 0.772987 0.105507
vt 0.704711 0.069777
vt 0.562500 1.000000
vt 0.421875 0.998396
vt 0.421875 0.999978
vt 0.036715 0.351323
vt 0.312500 1.000000
vt 0.050940 0.999973
vt 0.643218 0.479435
vt 0.631103 0.423668
vt 0.645949 0.412845
vt 0.636689 0.400290
vt 0.638547 0.379340
vt 0.648239 0.398202
vt 0.637549 0.362040
vt 0.643997 0.342803
vt 0.576107 0.251572
vt 0.586640 0.243519
vt 0.555827 0.228811
vt 0.522647 0.220631
vt 0.369980 0.279756
vt 0.366956 0.335141
vt 0.351404 0.357934
vt 0.361903 0.355694
vt 0.356609 0.427633
vt 0.425712 0.513937
vt 0.416516 0.538638
vt 0.446007 0.551809
vt 0.465801 0.529673
vt 0.479920 0.532243
vt 0.477379 0.559077
vt 0.509522 0.560211
vt 0.521244 0.517750
vt 0.198404 0.601803
vt 0.207556 0.603474
vt 0.218822 0.599926
vt 0.211051 0.608135
vt 0.219005 0.608096
vt 0.210908 0.616390
vt 0.219502 0.617266
vt 0.203101 0.616068
vt 0.195295 0.620985
vt 0.202712 0.633501
vt 0.202919 0.624109
vt 0.210184 0.624496
vt 0.209476 0.635040
vt 0.216477 0.625610
vt 0.215107 0.636283
vt 0.209496 0.662106
vt 0.215094 0.660268
vt 0.210174 0.671610
vt 0.202855 0.669587
vt 0.216451 0.670520
vt 0.219478 0.678840
vt 0.218996 0.687998
vt 0.218819 0.696165
vt 0.203135 0.887946
vt 0.211016 0.897070
vt 0.207744 0.892204
vt 0.218804 0.888861
vt 0.218942 0.897031
vt 0.210837 0.905325
vt 0.219319 0.906201
vt 0.203048 0.906378
vt 0.195290 0.910514
vt 0.202678 0.922290
vt 0.210083 0.913431
vt 0.209358 0.923861
vt 0.216222 0.914545
vt 0.214983 0.922065
vt 0.202698 0.953631
vt 0.209395 0.951497
vt 0.210077 0.960476
vt 0.214536 0.930420
vt 0.214860 0.950051
vt 0.216207 0.959404
vt 0.227623 0.614377
vt 0.226873 0.607445
vt 0.238547 0.613082
vt 0.245344 0.696589
vt 0.226862 0.688647
vt 0.227596 0.681721
vt 0.227442 0.903311
vt 0.226804 0.896380
vt 0.273358 0.599766
vt 0.273128 0.607445
vt 0.263599 0.606803
vt 0.281178 0.599926
vt 0.280996 0.608096
vt 0.280498 0.617266
vt 0.272378 0.614377
vt 0.263046 0.613139
vt 0.263046 0.613139
vt 0.262431 0.696536
vt 0.262167 0.689333
vt 0.273138 0.688647
vt 0.273361 0.696325
vt 0.272404 0.681721
vt 0.280522 0.678840
vt 0.281004 0.687998
vt 0.281181 0.696165
vt 0.273377 0.888701
vt 0.273196 0.896380
vt 0.281196 0.888861
vt 0.281058 0.897031
vt 0.280681 0.906201
vt 0.272559 0.903311
vt 0.263024 0.902066
vt 0.292444 0.603474
vt 0.304705 0.620984
vt 0.296899 0.616068
vt 0.288949 0.608135
vt 0.289092 0.616390
vt 0.289816 0.624496
vt 0.297081 0.624109
vt 0.297288 0.633501
vt 0.290524 0.635040
vt 0.283523 0.625610
vt 0.289826 0.671610
vt 0.297145 0.669587
vt 0.290504 0.662106
vt 0.283549 0.670520
vt 0.284931 0.659828
vt 0.296865 0.887946
vt 0.292256 0.892204
vt 0.304710 0.910514
vt 0.296952 0.906378
vt 0.288984 0.897070
vt 0.289163 0.905325
vt 0.289917 0.913431
vt 0.297322 0.922290
vt 0.290643 0.923861
vt 0.283778 0.914545
vt 0.285017 0.922065
vt 0.285465 0.930568
vt 0.290605 0.951496
vt 0.297302 0.953631
vt 0.289923 0.960476
vt 0.283793 0.959404
vt 0.279660 0.957085
vt 0.279038 0.941679
vt 0.283793 0.959404
vt 0.276539 0.962277
vt 0.279654 0.916816
vt 0.275773 0.916365
vt 0.276539 0.911584
vt 0.283778 0.914545
vt 0.285017 0.922065
vt 0.279175 0.668245
vt 0.276048 0.665380
vt 0.273519 0.669358
vt 0.273997 0.666979
vt 0.273961 0.662346
vt 0.273925 0.657713
vt 0.283549 0.670520
vt 0.276132 0.673466
vt 0.279118 0.627924
vt 0.273737 0.633945
vt 0.273697 0.629111
vt 0.273513 0.626524
vt 0.276071 0.622664
vt 0.283523 0.625610
vt 0.218771 0.948876
vt 0.218405 0.931013
vt 0.218924 0.923226
vt 0.220346 0.916816
vt 0.223461 0.911584
vt 0.220825 0.668245
vt 0.219332 0.660082
vt 0.222484 0.643322
vt 0.226146 0.648447
vt 0.226111 0.653080
vt 0.226075 0.657713
vt 0.226039 0.662346
vt 0.226433 0.669468
vt 0.226003 0.666979
vt 0.223868 0.673466
vt 0.219305 0.637363
vt 0.220882 0.627924
vt 0.224073 0.630854
vt 0.222909 0.636169
vt 0.226555 0.626671
vt 0.226302 0.629111
vt 0.226263 0.633945
vt 0.226224 0.638779
vt 0.226185 0.643613
vt 0.223929 0.622664
vt 0.231077 0.624437
vt 0.229270 0.619721
vt 0.232227 0.629111
vt 0.227623 0.614377
vt 0.229213 0.676385
vt 0.230939 0.671752
vt 0.232002 0.666979
vt 0.238001 0.666979
vt 0.243999 0.666979
vt 0.227596 0.681721
vt 0.238243 0.914911
vt 0.230176 0.912621
vt 0.228884 0.908654
vt 0.260459 0.914880
vt 0.260137 0.918046
vt 0.238639 0.918046
vt 0.226060 0.918046
vt 0.227442 0.903311
vt 0.229028 0.964725
vt 0.240091 0.953442
vt 0.227426 0.970478
vt 0.270730 0.619721
vt 0.268948 0.624359
vt 0.267774 0.629111
vt 0.261850 0.629111
vt 0.255926 0.629111
vt 0.272378 0.614377
vt 0.269047 0.671705
vt 0.270787 0.676385
vt 0.267997 0.666979
vt 0.272404 0.681721
vt 0.271116 0.908654
vt 0.274072 0.918046
vt 0.272559 0.903311
vt 0.261483 0.953375
vt 0.271125 0.965190
vt 0.272574 0.970478
vt 0.273436 0.655888
vt 0.270338 0.643720
vt 0.273472 0.669655
vt 0.266529 0.641783
vt 0.260402 0.640981
vt 0.264058 0.649778
vt 0.240501 0.649095
vt 0.240611 0.655664
vt 0.225943 0.679460
vt 0.225909 0.684064
vt 0.241310 0.681259
vt 0.268074 0.684218
vt 0.268137 0.698414
vt 0.273548 0.681987
vt 0.272313 0.674703
vt 0.269002 0.671239
vt 0.272351 0.681270
vt 0.272407 0.690778
vt 0.273627 0.694879
vt 0.273740 0.713294
vt 0.272484 0.703809
vt 0.270136 0.700704
vt 0.270205 0.713838
vt 0.272561 0.716938
vt 0.273900 0.739296
vt 0.272667 0.734979
vt 0.270300 0.731668
vt 0.272818 0.760252
vt 0.274057 0.764626
vt 0.270437 0.756893
vt 0.274597 0.796795
vt 0.274286 0.792329
vt 0.274957 0.834791
vt 0.274933 0.822729
vt 0.274963 0.827964
vt 0.274903 0.817585
vt 0.275132 0.854822
vt 0.275159 0.859766
vt 0.275050 0.841182
vt 0.275023 0.836272
vt 0.275151 0.867850
vt 0.275244 0.872578
vt 0.275308 0.883632
vt 0.275217 0.867496
vt 0.275134 0.854406
vt 0.275107 0.849548
vt 0.275191 0.862591
vt 0.275321 0.884869
vt 0.275403 0.897938
vt 0.275297 0.880109
vt 0.275383 0.893669
vt 0.275270 0.874916
vt 0.275354 0.888037
vt 0.275526 0.910269
vt 0.275488 0.905846
vt 0.274123 0.898346
vt 0.274040 0.904913
vt 0.274067 0.911480
vt 0.259430 0.668802
vt 0.259734 0.675381
vt 0.263985 0.689170
vt 0.264059 0.695742
vt 0.260605 0.723814
vt 0.266527 0.724918
vt 0.260696 0.736989
vt 0.266585 0.738088
vt 0.260802 0.753874
vt 0.266660 0.754949
vt 0.261532 0.792590
vt 0.268352 0.792339
vt 0.238629 0.793635
vt 0.239047 0.755512
vt 0.261833 0.817666
vt 0.268677 0.817449
vt 0.238029 0.837053
vt 0.266790 0.836405
vt 0.238020 0.850346
vt 0.238440 0.858946
vt 0.233126 0.863793
vt 0.261165 0.887789
vt 0.269015 0.887915
vt 0.268953 0.874899
vt 0.262023 0.875161
vt 0.260400 0.904913
vt 0.260795 0.898346
vt 0.260201 0.911479
vt 0.235720 0.669515
vt 0.230018 0.671734
vt 0.235585 0.676096
vt 0.229983 0.678301
vt 0.233529 0.712167
vt 0.229794 0.714046
vt 0.239064 0.711042
vt 0.229726 0.726980
vt 0.225093 0.818236
vt 0.231230 0.837096
vt 0.224973 0.837032
vt 0.231166 0.850329
vt 0.224888 0.850204
vt 0.224806 0.863009
vt 0.238680 0.911479
vt 0.238694 0.904913
vt 0.227593 0.690854
vt 0.225787 0.717815
vt 0.225698 0.720967
vt 0.225353 0.797514
vt 0.225063 0.823300
vt 0.224946 0.841790
vt 0.225678 0.721628
vt 0.225710 0.717158
vt 0.225730 0.712946
vt 0.225688 0.721655
vt 0.225606 0.734551
vt 0.225575 0.738946
vt 0.225432 0.763897
vt 0.225400 0.768810
vt 0.225410 0.766617
vt 0.225409 0.838924
vt 0.225267 0.790773
vt 0.225863 0.825255
vt 0.227214 0.828681
vt 0.226672 0.850244
vt 0.229074 0.853218
vt 0.225346 0.864694
vt 0.226576 0.868205
vt 0.228991 0.871054
vt 0.226503 0.881250
vt 0.228925 0.884446
vt 0.228859 0.897657
vt 0.228813 0.906858
vt 0.228714 0.926558
vt 0.226156 0.933089
vt 0.228670 0.933085
vt 0.228555 0.939371
vt 0.231797 0.712946
vt 0.231834 0.704574
vt 0.239573 0.706379
vt 0.231757 0.721894
vt 0.239392 0.734923
vt 0.231697 0.735387
vt 0.254370 0.734588
vt 0.254401 0.748325
vt 0.231637 0.748677
vt 0.231552 0.767912
vt 0.243813 0.792737
vt 0.245551 0.831264
vt 0.237788 0.831169
vt 0.237982 0.847759
vt 0.232923 0.856016
vt 0.245603 0.848026
vt 0.237912 0.873880
vt 0.232855 0.873508
vt 0.237949 0.860932
vt 0.245610 0.874181
vt 0.245600 0.861305
vt 0.240962 0.896568
vt 0.232752 0.899063
vt 0.232803 0.886394
vt 0.237874 0.887015
vt 0.245625 0.883646
vt 0.245630 0.890213
vt 0.240914 0.903134
vt 0.240861 0.916266
vt 0.232674 0.918213
vt 0.232713 0.908643
vt 0.240872 0.909699
vt 0.240871 0.922834
vt 0.240873 0.929401
vt 0.232633 0.928344
vt 0.240601 0.942251
vt 0.232503 0.941184
vt 0.232597 0.934874
vt 0.240800 0.935931
vt 0.240357 0.948156
vt 0.274254 0.710295
vt 0.268243 0.722091
vt 0.274323 0.721745
vt 0.262161 0.721890
vt 0.262201 0.735191
vt 0.262240 0.748530
vt 0.268450 0.768355
vt 0.274592 0.766992
vt 0.268562 0.793525
vt 0.274743 0.792393
vt 0.267732 0.831102
vt 0.272630 0.829111
vt 0.260511 0.847994
vt 0.260632 0.873981
vt 0.260523 0.861168
vt 0.267144 0.873599
vt 0.271008 0.871033
vt 0.271075 0.884452
vt 0.271141 0.897732
vt 0.260823 0.909639
vt 0.267286 0.908644
vt 0.267366 0.928344
vt 0.260891 0.929338
vt 0.261090 0.942187
vt 0.260970 0.935866
vt 0.267403 0.934874
vt 0.261250 0.948092
vt 0.272166 0.950265
vt 0.274393 0.734365
vt 0.273571 0.894474
s 1
f 261/1/1 287/2/2 13/3/3
f 261/1/1 288/4/4 287/2/2
f 262/5/5 287/2/2 292/6/6
f 275/7/7 294/8/8 276/9/9
f 296/10/10 293/11/11 303/12/12
f 276/9/9 296/10/10 277/13/13
f 276/9/9 294/8/8 296/10/10
f 299/14/14 14/15/15 317/16/16
f 277/13/13 304/17/17 278/18/18
f 277/13/13 296/10/10 304/17/17
f 264/19/19 305/20/20 265/21/21
f 264/19/19 298/22/22 305/20/20
f 252/23/23 307/24/24 253/25/25
f 252/23/23 300/26/26 307/24/24
f 278/18/18 308/27/27 279/28/28
f 278/18/18 304/17/17 308/27/27
f 265/21/21 310/29/29 266/30/30
f 265/21/21 305/20/20 310/29/29
f 253/25/25 311/31/31 254/32/32
f 253/25/25 307/24/24 311/31/31
f 279/28/28 313/33/33 280/34/34
f 279/28/28 308/27/27 313/33/33
f 266/30/30 316/35/35 267/36/36
f 266/30/30 310/29/29 316/35/35
f 254/32/32 319/37/37 255/38/38
f 254/32/32 311/31/31 319/37/37
f 267/36/36 321/39/39 268/40/40
f 267/36/36 316/35/35 321/39/39
f 314/41/41 338/42/42 337/43/43
f 314/41/41 337/43/43 327/44/44
f 255/38/38 322/45/45 256/46/46
f 255/38/38 319/37/37 322/45/45
f 268/40/40 324/47/47 269/48/48
f 268/40/40 321/39/39 324/47/47
f 256/46/46 326/49/49 257/50/50
f 256/46/46 322/45/45 326/49/49
f 269/48/48 328/51/51 270/52/52
f 269/48/48 324/47/47 328/51/51
f 270/52/52 331/53/53 271/54/54
f 270/52/52 328/51/51 331/53/53
f 271/54/54 335/55/55 272/56/56
f 271/54/54 331/53/53 335/55/55
f 337/43/43 16/57/57 283/58/58
f 260/59/59 288/4/4 261/1/1
f 260/59/59 336/60/60 288/4/4
f 290/61/61 282/62/62 15/63/63
f 317/16/16 14/15/15 282/62/62
f 16/57/57 338/42/42 14/15/15
f 338/42/42 15/63/63 282/62/62
f 341/64/64 1757/65/65 340/66/66
f 341/64/64 1758/67/67 1757/65/65
f 1757/65/65 344/68/68 339/69/69
f 1757/70/65 345/71/70 344/72/68
f 351/73/71 17/74/72 345/71/70
f 351/73/71 346/75/73 17/74/72
f 1759/76/74 343/77/75 342/78/76
f 2223/79/77 342/78/76 1168/80/78
f 1759/81/74 351/73/71 343/82/75
f 357/83/79 346/75/73 351/73/71
f 357/83/79 352/84/80 346/75/73
f 1760/85/81 349/86/82 348/87/83
f 353/88/84 348/87/83 1172/89/85
f 1760/85/81 355/90/86 356/91/87
f 1760/92/81 357/83/79 349/93/82
f 364/94/88 352/84/80 357/83/79
f 364/94/88 358/95/89 352/84/80
f 1761/96/90 364/94/88 363/97/91
f 363/97/91 364/94/88 355/98/86
f 370/99/92 358/95/89 364/94/88
f 370/99/92 365/100/93 358/95/89
f 1763/101/94 362/102/95 361/103/96
f 366/104/97 361/103/96 1178/105/98
f 1763/101/94 368/106/99 369/107/100
f 1763/108/94 370/99/92 362/109/95
f 377/110/101 365/100/93 370/99/92
f 1764/111/102 377/110/101 376/112/103
f 376/112/103 377/110/101 368/113/99
f 383/114/104 365/100/93 377/110/101
f 383/114/104 378/115/105 365/100/93
f 365/100/93 378/115/105 371/116/106
f 1766/117/107 381/118/108 382/119/109
f 1765/120/110 375/121/111 374/122/112
f 1766/123/107 383/114/104 1765/124/110
f 1765/124/110 383/114/104 375/125/111
f 389/126/113 378/115/105 383/114/104
f 389/126/113 384/127/114 378/115/105
f 1767/128/115 389/126/113 388/129/116
f 388/129/116 389/126/113 381/130/108
f 395/131/117 384/127/114 389/126/113
f 395/131/117 390/132/118 384/127/114
f 1768/133/119 387/134/120 386/135/121
f 1768/136/119 395/131/117 387/137/120
f 402/138/122 390/132/118 395/131/117
f 1769/139/123 394/140/124 393/141/125
f 1770/142/126 402/138/122 1769/143/123
f 1769/143/123 402/138/122 394/144/124
f 408/145/127 390/132/118 402/138/122
f 408/145/127 403/146/128 390/132/118
f 390/132/118 403/146/128 396/147/129
f 1771/148/130 400/149/131 399/150/132
f 404/151/133 399/150/132 1194/152/134
f 1771/148/130 406/153/135 407/154/136
f 1771/155/130 408/145/127 400/156/131
f 415/157/137 403/146/128 408/145/127
f 415/157/137 409/158/138 403/146/128
f 1772/159/139 415/157/137 414/160/140
f 414/160/140 415/157/137 406/161/135
f 421/162/141 409/158/138 415/157/137
f 421/162/141 416/163/142 409/158/138
f 1774/164/143 413/165/144 412/166/145
f 417/167/146 412/166/145 1200/168/147
f 1774/164/143 419/169/148 420/170/149
f 1774/171/143 421/162/141 413/172/144
f 428/173/150 416/163/142 421/162/141
f 428/173/150 422/174/151 416/163/142
f 1775/175/152 428/173/150 427/176/153
f 427/176/153 428/173/150 419/177/148
f 434/178/154 422/174/151 428/173/150
f 434/178/154 429/179/155 422/174/151
f 1777/180/156 432/181/157 433/182/158
f 1776/183/159 426/184/160 425/185/161
f 1777/186/156 434/178/154 1776/187/159
f 1776/187/159 434/178/154 426/188/160
f 441/189/162 429/179/155 434/178/154
f 441/189/162 435/190/163 429/179/155
f 1778/191/164 441/189/162 440/192/165
f 440/192/165 441/189/162 432/193/157
f 447/194/166 435/190/163 441/189/162
f 447/194/166 442/195/167 435/190/163
f 1779/196/168 439/197/169 438/198/170
f 1779/199/168 447/194/166 439/200/169
f 454/201/171 442/195/167 447/194/166
f 454/201/171 448/202/172 442/195/167
f 1780/203/173 446/204/174 445/205/175
f 1781/206/176 454/201/171 1780/207/173
f 1780/207/173 454/201/171 446/208/174
f 461/209/177 448/202/172 454/201/171
f 461/209/177 455/210/178 448/202/172
f 1782/211/179 452/212/180 451/213/181
f 457/214/182 451/213/181 1216/215/183
f 1782/211/179 459/216/184 460/217/185
f 1782/218/179 461/209/177 452/219/180
f 468/220/186 455/210/178 461/209/177
f 468/220/186 462/221/187 455/210/178
f 1783/222/188 468/220/186 467/223/189
f 467/223/189 468/220/186 459/224/184
f 474/225/190 462/221/187 468/220/186
f 474/225/190 469/226/191 462/221/187
f 1785/227/192 466/228/193 465/229/194
f 470/230/195 465/229/194 1222/231/196
f 1785/227/192 472/232/197 473/233/198
f 1785/234/192 474/225/190 466/235/193
f 481/236/199 469/226/191 474/225/190
f 481/236/199 475/237/200 469/226/191
f 1786/238/201 481/236/199 480/239/202
f 480/239/202 481/236/199 472/240/197
f 488/241/203 475/237/200 481/236/199
f 488/241/203 482/242/204 475/237/200
f 1788/243/205 486/244/206 487/245/207
f 1787/246/208 479/247/209 478/248/210
f 1788/249/205 488/241/203 1787/250/208
f 1787/250/208 488/241/203 479/251/209
f 496/252/211 482/242/204 488/241/203
f 491/253/212 1789/254/213 490/255/214
f 1789/256/213 496/252/211 495/257/215
f 495/257/215 496/252/211 486/258/206
f 503/259/216 482/242/204 496/252/211
f 503/259/216 497/260/217 482/242/204
f 482/242/204 497/260/217 489/261/218
f 499/262/219 1790/263/220 498/264/221
f 1790/263/220 494/265/222 493/266/223
f 1790/267/220 503/259/216 494/268/222
f 511/269/224 497/260/217 503/259/216
f 511/269/224 504/270/225 497/260/217
f 1791/271/226 502/272/227 501/273/228
f 1792/274/229 511/269/224 1791/275/226
f 1791/275/226 511/269/224 502/276/227
f 518/277/230 504/270/225 511/269/224
f 518/277/230 512/278/231 504/270/225
f 1793/279/232 509/280/233 508/281/234
f 514/282/235 508/281/234 1282/283/236
f 1793/279/232 516/284/237 517/285/238
f 1793/286/232 518/277/230 509/287/233
f 525/288/239 512/278/231 518/277/230
f 525/288/239 519/289/240 512/278/231
f 1794/290/241 525/288/239 524/291/242
f 524/291/242 525/288/239 516/292/237
f 531/293/243 519/289/240 525/288/239
f 531/293/243 526/294/244 519/289/240
f 1796/295/245 523/296/246 522/297/247
f 527/298/248 522/297/247 1288/299/249
f 1796/295/245 529/300/250 530/301/251
f 1796/302/245 531/293/243 523/303/246
f 538/304/252 526/294/244 531/293/243
f 1797/305/253 538/304/252 537/306/254
f 537/306/254 538/304/252 529/307/250
f 544/308/255 526/294/244 538/304/252
f 544/308/255 539/309/256 526/294/244
f 526/294/244 539/309/256 532/310/257
f 1799/311/258 542/312/259 543/313/260
f 1798/314/261 536/315/262 535/316/263
f 1799/317/258 544/308/255 1798/318/261
f 1798/318/261 544/308/255 536/319/262
f 549/320/264 539/309/256 544/308/255
f 549/320/264 545/321/265 539/309/256
f 547/322/266 1800/323/267 546/324/268
f 547/322/266 339/325/69 1800/323/267
f 1800/326/267 549/320/264 548/327/269
f 548/327/269 549/320/264 542/328/259
f 345/71/70 545/321/265 549/320/264
f 345/71/70 17/74/72 545/321/265
f 1801/329/270 22/330/271 550/331/272
f 1803/332/273 553/333/274 554/334/275
f 1802/335/276 933/336/277 1801/329/278
f 1802/335/276 554/334/275 2016/337/279
f 935/338/280 550/331/272 1806/339/281
f 1804/340/282 24/341/283 555/342/284
f 1805/343/285 1807/344/286 1804/340/287
f 1806/339/288 21/345/289 557/346/290
f 1805/343/285 557/346/290 1808/347/291
f 558/348/292 1810/349/293 1811/350/294
f 558/348/292 1809/351/295 26/352/296
f 559/353/297 555/342/284 1810/349/293
f 561/354/298 562/355/299 1816/356/300
f 562/355/299 27/357/301 1817/358/302
f 1815/359/303 563/360/304 560/361/305
f 1817/358/306 25/362/307 564/363/308
f 1815/359/309 28/364/310 563/360/311
f 1815/359/309 565/365/312 1818/366/313
f 564/363/308 25/362/307 944/367/314
f 1819/368/315 1821/369/316 566/370/317
f 566/370/317 568/371/318 574/372/319
f 567/373/320 1820/374/321 1819/368/315
f 567/373/320 560/361/305 1820/374/321
f 1819/368/322 571/375/323 1821/369/324
f 571/375/323 29/376/325 568/371/326
f 569/377/327 28/364/310 947/378/328
f 573/379/329 1823/380/330 1824/381/331
f 573/379/329 1822/382/332 950/383/333
f 574/372/319 568/371/318 1823/380/330
f 1822/382/332 31/384/334 572/385/335
f 1824/381/336 1825/386/337 1822/382/338
f 1823/380/339 568/371/326 949/387/340
f 576/388/341 1828/389/342 1827/390/343
f 576/388/341 572/385/335 1828/389/342
f 1829/391/344 32/392/345 34/393/346
f 577/394/347 34/393/348 1834/395/349
f 1834/395/350 34/393/346 954/396/351
f 1832/397/352 35/398/353 578/399/354
f 1833/400/355 954/396/351 1836/401/356
f 580/402/357 581/403/358 1838/404/359
f 581/403/358 578/399/360 1839/405/361
f 1837/406/362 38/407/363 579/408/364
f 1839/405/365 578/399/354 582/409/366
f 1838/404/367 582/409/366 1841/410/368
f 957/411/369 579/408/364 1844/412/370
f 1842/413/371 585/414/372 583/415/373
f 1843/416/374 1844/412/375 1846/417/376
f 1844/412/375 37/418/377 959/419/378
f 1845/420/379 39/421/380 585/414/381
f 586/422/382 1848/423/383 1849/424/384
f 586/422/382 1847/425/385 41/426/386
f 587/427/387 583/415/373 1848/423/383
f 1849/424/388 589/428/389 1847/425/390
f 589/428/389 40/429/391 588/430/392
f 592/431/393 593/432/394 1851/433/395
f 593/432/394 588/430/396 1852/434/397
f 1850/435/398 594/436/399 591/437/400
f 1853/438/401 1855/439/402 598/440/403
f 598/440/403 600/441/404 606/442/405
f 599/443/406 1854/444/407 1853/438/401
f 599/443/406 591/437/400 1854/444/407
f 605/445/408 1857/446/409 1858/447/410
f 605/445/408 1856/448/411 969/449/412
f 606/442/405 600/441/404 1857/446/409
f 1856/448/411 45/450/413 604/451/414
f 1858/447/415 1859/452/416 1856/448/417
f 1857/446/418 600/441/419 968/453/420
f 608/454/421 1862/455/422 1861/456/423
f 608/454/421 604/451/414 1862/455/422
f 1863/457/424 609/458/425 1860/459/426
f 609/458/425 46/460/427 48/461/428
f 610/462/429 48/461/430 1867/463/431
f 1866/464/432 1868/465/433 1865/466/434
f 1867/463/435 48/461/428 973/467/436
f 1868/465/433 49/468/437 611/469/438
f 1866/464/432 973/467/436 1869/470/439
f 613/471/440 614/472/441 1871/473/442
f 614/472/441 611/469/443 1872/474/444
f 1870/475/445 52/476/446 612/477/447
f 1872/474/448 611/469/438 615/478/449
f 1871/473/450 615/478/449 1874/479/451
f 1875/480/452 1877/481/453 616/482/454
f 616/482/454 618/483/455 620/484/456
f 617/485/457 1876/486/458 1875/480/452
f 617/485/457 612/477/447 1876/486/458
f 1875/480/459 1876/486/460 1879/487/461
f 1876/486/460 51/488/462 978/489/463
f 1878/490/464 53/491/465 618/483/466
f 620/484/456 618/483/455 1882/492/467
f 1881/493/468 1883/494/469 1880/495/470
f 623/496/471 624/497/472 1885/498/473
f 624/497/472 56/499/474 1886/500/475
f 1884/501/476 625/502/477 622/503/478
f 1886/500/479 1887/504/480 1885/498/481
f 1886/500/479 54/505/482 626/506/483
f 1884/501/484 57/507/485 625/502/486
f 1884/501/484 1887/504/480 1888/508/487
f 1889/509/488 1891/510/489 627/511/490
f 627/511/490 629/512/491 635/513/492
f 628/514/493 1890/515/494 1889/509/488
f 628/514/493 622/503/478 1890/515/494
f 1889/509/495 632/516/496 1891/510/497
f 632/516/496 58/517/498 629/512/499
f 634/518/500 1893/519/501 1894/520/502
f 634/518/500 1892/521/503 988/522/504
f 635/513/492 629/512/491 1893/519/501
f 1892/521/503 60/523/505 633/524/506
f 1894/520/507 1895/525/508 1892/521/509
f 1893/519/510 629/512/499 987/526/511
f 1895/525/508 59/527/512 60/523/513
f 637/528/514 1898/529/515 1897/530/516
f 637/528/514 633/524/506 1898/529/515
f 1898/529/517 1900/531/518 1897/530/519
f 638/532/520 63/533/521 1903/534/522
f 1903/534/523 63/533/524 639/535/525
f 640/536/526 994/537/527 1901/538/528
f 994/537/527 64/539/529 641/540/530
f 643/541/531 644/542/532 1905/543/533
f 644/542/532 641/540/534 1906/544/535
f 1904/545/536 67/546/537 642/547/538
f 1905/543/539 1906/544/540 1908/548/541
f 1906/544/540 64/539/529 645/549/542
f 995/550/543 642/547/538 1911/551/544
f 1909/552/545 648/553/546 646/554/547
f 1910/555/548 1911/551/549 1913/556/550
f 1911/551/549 66/557/551 649/558/552
f 1912/559/553 68/560/554 648/553/555
f 650/561/556 1915/562/557 1916/563/558
f 650/561/556 1914/564/559 70/565/560
f 651/566/561 646/554/547 1915/562/557
f 1916/563/562 653/567/563 1914/564/564
f 653/567/563 69/568/565 652/569/566
f 656/570/567 657/571/568 1918/572/569
f 657/571/568 652/569/570 1919/573/571
f 1917/574/572 658/575/573 655/576/574
f 1920/577/575 1922/578/576 662/579/577
f 662/579/577 664/580/578 669/581/579
f 663/582/580 1921/583/581 1920/577/575
f 663/582/580 655/576/574 1921/583/581
f 668/584/582 1924/585/583 1925/586/584
f 668/584/582 1923/587/585 73/588/586
f 669/581/579 664/580/578 1924/585/583
f 1923/587/587 72/589/588 74/590/589
f 1924/585/590 664/580/591 670/591/592
f 1925/586/593 670/591/592 671/592/594
f 674/593/595 1928/594/596 1927/595/597
f 1927/595/598 675/596/599 1926/597/600
f 1928/594/601 72/589/588 1008/598/602
f 675/596/599 75/599/603 76/600/604
f 1927/595/598 1008/598/602 1929/601/605
f 676/602/606 76/600/607 1932/603/608
f 1932/603/609 76/600/604 939/604/610
f 1930/605/611 20/606/612 553/333/274
f 1931/607/613 939/604/610 1934/608/614
f 677/609/615 682/610/616 78/611/617
f 679/612/618 680/613/619 681/614/620
f 678/615/621 681/614/620 1935/616/622
f 1935/616/622 681/614/620 1936/617/623
f 1936/617/623 684/618/624 682/610/616
f 686/619/625 688/620/626 685/621/627
f 688/620/626 690/622/628 79/623/629
f 686/619/625 687/624/630 1937/625/631
f 687/624/630 682/610/616 689/626/632
f 688/620/633 693/627/634 690/622/635
f 695/628/636 699/629/637 694/630/638
f 695/628/636 696/631/639 697/632/640
f 699/629/637 700/633/641 80/634/642
f 696/631/639 690/622/628 698/635/643
f 699/629/644 703/636/645 700/633/646
f 705/637/647 706/638/648 708/639/649
f 705/637/647 1938/640/650 704/641/651
f 706/638/648 700/633/641 707/642/652
f 714/643/653 715/644/654 1940/645/655
f 715/644/654 709/646/656 716/647/657
f 1939/648/658 717/649/659 84/650/660
f 721/651/661 722/652/662 724/653/663
f 724/653/663 1941/654/664 720/655/665
f 722/652/662 84/650/660 723/656/666
f 729/657/667 732/658/668 728/659/669
f 729/657/667 730/660/670 1942/661/671
f 730/660/670 725/662/672 731/663/673
f 732/658/668 733/664/674 87/665/675
f 732/658/676 735/666/677 733/664/678
f 736/667/679 739/668/680 89/669/681
f 737/670/682 1943/671/683 1944/672/684
f 1944/672/684 1943/671/683 1945/673/685
f 743/674/686 747/675/687 90/676/688
f 745/677/689 739/668/680 746/678/690
f 744/679/691 746/678/690 1946/680/692
f 1946/680/692 746/678/690 1947/681/693
f 1947/681/693 748/682/694 747/675/687
f 91/683/695 749/684/696 754/685/697
f 751/686/698 747/675/687 752/687/699
f 1948/688/700 753/689/701 749/684/696
f 750/690/702 752/687/699 1948/688/700
f 753/689/703 757/691/704 754/685/705
f 759/692/706 761/693/707 758/694/708
f 761/693/707 763/695/709 92/696/710
f 759/692/706 760/697/711 1949/698/712
f 760/697/711 754/685/697 762/699/713
f 761/693/714 766/700/715 763/695/716
f 768/701/717 1951/702/718 770/703/719
f 768/701/717 1950/704/720 767/705/721
f 1950/704/720 771/706/722 94/707/723
f 777/708/724 94/707/723 778/709/725
f 776/710/726 778/709/725 1953/711/727
f 783/712/728 784/713/729 786/714/730
f 786/714/730 1954/715/731 782/716/732
f 784/713/729 779/717/733 785/718/734
f 792/719/735 98/720/736 793/721/737
f 791/722/738 794/723/739 790/724/740
f 794/723/739 795/725/741 100/726/742
f 791/722/738 793/721/737 1955/727/743
f 798/728/744 801/729/745 102/730/746
f 800/731/747 795/725/741 1956/732/748
f 799/733/749 1956/732/748 1957/734/750
f 799/733/749 1957/734/750 798/728/744
f 1957/734/750 1956/732/748 1958/735/751
f 803/736/752 807/737/753 103/738/754
f 805/739/755 801/729/745 806/740/756
f 804/741/757 1959/742/758 803/736/752
f 804/741/757 806/740/756 1959/742/758
f 1959/742/758 806/740/756 1960/743/759
f 1960/743/759 808/744/760 807/737/753
f 810/745/761 812/746/762 809/747/763
f 812/746/762 814/748/764 104/749/765
f 810/745/761 811/750/766 1961/751/767
f 811/750/766 807/737/753 813/752/768
f 812/746/769 817/753/770 814/748/771
f 819/754/772 823/755/773 818/756/774
f 819/754/772 820/757/775 821/758/776
f 823/755/773 824/759/777 105/760/778
f 814/748/764 822/761/779 820/757/775
f 823/755/780 827/762/781 824/759/782
f 829/763/783 830/764/784 832/765/785
f 829/763/783 1962/766/786 828/767/787
f 830/764/784 824/759/777 831/768/788
f 838/769/789 839/770/790 1964/771/791
f 839/770/790 833/772/792 840/773/793
f 1963/774/794 841/775/795 109/776/796
f 845/777/797 846/778/798 848/779/799
f 848/779/799 1965/780/800 844/781/801
f 846/778/798 109/776/796 847/782/802
f 853/783/803 856/784/804 852/785/805
f 853/783/803 854/786/806 1966/787/807
f 854/786/806 849/788/808 855/789/809
f 856/784/804 857/790/810 112/791/811
f 856/784/812 859/792/813 857/790/814
f 860/793/815 863/794/816 114/795/817
f 861/796/818 1967/797/819 1968/798/820
f 861/796/818 1968/798/820 860/793/815
f 1968/798/820 1967/797/819 1969/799/821
f 868/800/822 1970/801/823 867/802/824
f 869/803/825 863/794/816 870/804/826
f 868/800/822 870/804/826 1971/805/827
f 1970/801/828 872/806/829 871/807/830
f 873/808/831 878/809/832 116/810/833
f 874/811/834 875/812/835 1972/813/836
f 875/812/835 871/807/837 876/814/838
f 1972/813/836 877/815/839 873/808/831
f 877/815/840 881/816/841 878/809/842
f 883/817/843 887/818/844 882/819/845
f 887/818/844 888/820/846 117/821/847
f 884/822/848 878/809/832 885/823/849
f 883/817/843 885/823/849 886/824/850
f 887/818/851 891/825/852 888/820/853
f 893/826/854 894/827/855 896/828/856
f 892/829/857 897/830/858 118/831/859
f 894/827/855 888/820/846 895/832/860
f 896/828/856 1973/833/861 892/829/857
f 1973/833/862 900/834/863 897/830/864
f 902/835/865 903/836/866 1975/837/867
f 903/836/866 897/830/858 904/838/868
f 911/839/869 120/840/870 912/841/871
f 913/842/872 1976/843/873 909/844/874
f 918/845/875 921/846/876 917/847/877
f 919/848/878 914/849/879 920/850/880
f 921/846/876 922/851/881 123/852/882
f 918/845/875 920/850/880 1977/853/883
f 921/846/884 924/854/885 922/851/886
f 925/855/887 680/613/619 77/856/888
f 926/857/889 1978/858/890 1979/859/891
f 926/857/889 1979/859/891 925/855/887
f 1979/859/891 1978/858/890 1980/860/892
f 1986/861/893 1985/862/894 346/75/73
f 371/116/106 1986/861/893 365/100/93
f 1982/863/895 371/116/106 378/115/105
f 396/147/129 1982/863/895 390/132/118
f 1983/864/896 396/147/129 403/146/128
f 436/865/897 1983/864/896 429/179/155
f 456/866/898 436/865/897 448/202/172
f 1984/867/899 456/866/898 469/226/191
f 489/261/218 1984/867/899 482/242/204
f 513/868/900 489/261/218 497/260/217
f 532/310/257 513/868/900 526/294/244
f 1985/862/894 532/310/257 539/309/256
f 931/869/901 184/870/902 1422/871/903
f 184/870/902 1166/872/904 1422/871/903
f 126/873/905 931/869/901 1423/874/906
f 1166/872/904 1167/875/907 1424/876/908
f 932/877/909 249/878/910 1419/879/911
f 249/878/910 1420/880/912 1419/879/911
f 1169/881/913 932/877/909 1421/882/914
f 1418/883/915 186/884/916 1416/885/917
f 186/884/916 1170/886/918 1416/885/917
f 1170/886/918 1171/887/919 1417/888/920
f 1987/889/921 1988/890/922 1414/891/923
f 1/892/924 1173/893/925 1988/890/922
f 1173/893/925 190/894/926 1412/895/927
f 190/894/926 1176/896/928 1412/895/927
f 1174/897/929 1173/893/925 1413/898/930
f 1176/896/928 1177/899/931 1411/900/932
f 1409/901/933 193/902/934 1410/903/935
f 193/902/934 1179/904/936 1410/903/935
f 1179/904/936 1180/905/937 1408/906/938
f 1989/907/939 1181/908/940 1405/909/941
f 1179/904/936 196/910/942 1989/907/939
f 1181/908/940 1182/911/943 1407/912/944
f 1404/913/945 197/914/946 1402/915/947
f 197/914/946 1403/916/948 1402/915/947
f 2/917/949 1183/918/950 1403/916/948
f 1183/918/950 199/919/951 1399/920/952
f 199/919/951 1400/921/953 1399/920/952
f 1184/922/954 1183/918/950 1401/923/955
f 3/924/956 1186/925/957 1400/921/953
f 1186/925/957 201/926/958 1398/927/959
f 201/926/958 1189/928/960 1398/927/959
f 1187/929/961 1186/925/957 2213/930/962
f 1189/928/960 1190/931/963 1397/932/964
f 1990/933/965 203/934/966 1396/935/967
f 203/934/966 1192/936/968 1396/935/967
f 1192/936/968 1193/937/969 1395/938/970
f 1991/939/971 1992/940/972 1392/941/973
f 4/942/974 1195/943/975 1992/940/972
f 1195/943/975 207/944/976 1390/945/977
f 207/944/976 1198/946/978 1390/945/977
f 1196/947/979 1195/943/975 1391/948/980
f 1198/946/978 1199/949/981 1389/950/982
f 1388/951/983 210/952/984 1387/953/985
f 210/952/984 1201/954/986 1387/953/985
f 1201/954/986 1202/955/987 1386/956/988
f 1993/957/989 1203/958/990 1383/959/991
f 1201/954/986 213/960/992 1993/957/989
f 1203/958/990 1204/961/993 1385/962/994
f 1382/963/995 214/964/996 1381/965/997
f 214/964/996 1994/966/998 1381/965/997
f 5/967/999 1205/968/1000 1994/966/998
f 1205/968/1000 216/969/1001 1377/970/1002
f 216/969/1001 1378/971/1003 1377/970/1002
f 1206/972/1004 1205/968/1000 1379/973/1005
f 6/974/1006 1208/975/1007 1378/971/1003
f 1208/975/1007 218/976/1008 1376/977/1009
f 218/976/1008 1211/978/1010 1376/977/1009
f 1209/979/1011 1208/975/1007 2202/980/1012
f 1211/978/1010 1212/981/1013 1375/982/1014
f 1995/983/1015 221/984/1016 1374/985/1017
f 221/984/1016 1214/986/1018 1374/985/1017
f 1214/986/1018 1215/987/1019 1373/988/1020
f 1996/989/1021 223/990/1022 1370/991/1023
f 223/990/1022 1217/992/1024 1370/991/1023
f 1214/986/1018 224/993/1025 1996/989/1021
f 1217/992/1024 1218/994/1026 1371/995/1027
f 1369/996/1028 225/997/1029 1368/998/1030
f 225/997/1029 1220/999/1031 1368/998/1030
f 1220/999/1031 1221/1000/1032 1367/1001/1033
f 1366/1002/1034 228/1003/1035 1365/1004/1036
f 228/1003/1035 1223/1005/1037 1365/1004/1036
f 1223/1005/1037 1224/1006/1038 1364/1007/1039
f 1997/1008/1040 1998/1009/1041 1361/1010/1042
f 1223/1005/1037 231/1011/1043 1997/1008/1040
f 989/1012/1044 1225/1013/1045 1998/1009/1041
f 1225/1013/1045 232/1014/1046 1999/1015/1047
f 1999/1015/1047 2001/1016/1048 2000/1017/1049
f 2001/1016/1048 8/1018/1050 1228/1019/1051
f 1228/1019/1051 8/1018/1050 2003/1020/1052
f 235/1021/1053 2007/1022/1054 1247/1023/1055
f 1248/1024/1056 1330/1025/1057 1345/1026/1058
f 1259/1027/1059 1260/1028/1060 2009/1029/1061
f 2011/1030/1062 2012/1031/1063 2010/1032/1064
f 236/1033/1065 1279/1034/1066 2012/1031/1063
f 1259/1027/1059 2011/1030/1062 1260/1028/1060
f 996/1035/1067 2011/1030/1062 1259/1027/1059
f 2013/1036/1068 2014/1037/1069 1306/1038/1070
f 1279/1034/1066 238/1039/1071 2013/1036/1068
f 10/1040/1072 1283/1041/1073 2014/1037/1069
f 1283/1041/1073 239/1042/1074 1305/1043/1075
f 239/1042/1074 1286/1044/1076 1305/1043/1075
f 1284/1045/1077 1283/1041/1073 1303/1046/1078
f 1286/1044/1076 1287/1047/1079 1304/1048/1080
f 1301/1049/1081 242/1050/1082 1302/1051/1083
f 242/1050/1082 1289/1052/1084 1302/1051/1083
f 1289/1052/1084 1290/1053/1085 1300/1054/1086
f 2015/1055/1087 1291/1056/1088 1299/1057/1089
f 1289/1052/1084 245/1058/1090 2015/1055/1087
f 1291/1056/1088 1292/1059/1091 1298/1060/1092
f 1296/1061/1093 246/1062/1094 1294/1063/1095
f 246/1062/1094 1295/1064/1096 1294/1063/1095
f 12/1065/1097 932/877/909 1295/1064/1096
f 934/1066/1098 677/609/615 933/336/1099
f 554/334/275 20/606/612 934/1066/1098
f 934/1066/1098 77/856/888 679/612/618
f 934/1066/1098 679/612/618 678/615/621
f 677/609/615 78/611/617 933/336/1099
f 551/1067/1100 550/1068/272 935/1069/280
f 936/1070/1101 2017/1071/1102 935/1069/280
f 1934/608/614 2018/1072/1103 1933/1073/1104
f 2018/1072/1105 927/1074/1106 926/1075/889
f 2018/1072/1103 934/1066/1098 20/606/612
f 185/1076/1107 248/1077/1108 937/1078/1109
f 250/1079/1110 2019/1080/1111 249/878/910
f 940/1081/1112 2019/1080/1111 250/1079/1110
f 673/1082/1113 676/1083/606 2019/1080/1111
f 248/1077/1108 938/1084/1114 937/1078/1109
f 187/1085/1115 2020/1086/1116 186/884/916
f 556/1087/1117 555/1088/284 559/1089/297
f 941/1090/1118 2020/1086/1116 559/1089/297
f 942/1091/1119 933/336/1099 686/619/625
f 1807/344/286 942/1091/1120 23/1092/1121
f 1808/347/291 942/1091/1120 1807/344/286
f 933/336/1099 78/611/617 687/624/630
f 686/619/625 685/621/627 942/1091/1119
f 188/1093/1122 189/1094/1123 2021/1095/1124
f 943/1096/1125 2021/1095/1124 26/1097/296
f 1/892/924 188/1093/1122 943/1096/1125
f 2021/1095/1124 559/1089/297 558/1098/292
f 1813/1099/1126 2022/1100/1127 1812/1101/1128
f 2022/1100/1129 696/631/639 695/628/636
f 2023/1102/1130 561/1103/298 945/1104/1131
f 191/1105/1132 2023/1102/1130 190/894/926
f 943/1096/1125 2023/1102/1130 191/1105/1132
f 26/1097/296 562/1106/299 2023/1102/1130
f 561/1103/298 560/1107/305 945/1104/1131
f 1818/366/313 944/367/314 947/378/328
f 1818/366/313 947/378/328 28/364/310
f 944/367/1133 80/634/642 706/638/648
f 705/637/647 704/641/651 947/378/1134
f 196/910/942 192/1108/1135 948/1109/1136
f 194/1110/1137 2024/1111/1138 193/902/934
f 945/1104/1131 567/1112/320 194/1110/1137
f 567/1112/320 566/1113/317 2024/1111/1138
f 2024/1111/1138 574/1114/319 948/1109/1136
f 947/378/328 949/387/340 571/375/323
f 947/378/1134 715/644/654 714/643/653
f 571/375/323 949/387/340 29/376/325
f 714/643/653 713/1115/1139 949/387/1140
f 948/1109/1136 2026/1116/1141 195/1117/1142
f 2025/1118/1143 2026/1116/1141 950/1119/333
f 951/1120/1144 195/1117/1142 2025/1118/1143
f 2026/1116/1141 574/1114/319 573/1121/329
f 951/1122/1144 2025/1118/1143 950/1119/333
f 1825/386/337 952/1123/1145 30/1124/1146
f 575/1125/1147 952/1123/1145 1825/386/337
f 952/1123/1148 722/652/662 721/651/661
f 198/1126/1149 2027/1127/1150 197/914/946
f 198/1126/1149 950/1119/333 576/1128/341
f 1830/1129/1151 2028/1130/1152 1829/391/344
f 2028/1130/1153 730/660/670 729/657/667
f 200/1131/1154 2029/1132/1155 199/919/951
f 953/1133/1156 2029/1132/1155 200/1131/1154
f 33/1134/1157 577/1135/347 2029/1132/1155
f 1835/1136/1158 956/1137/1159 35/398/353
f 1836/401/356 956/1137/1159 1835/1136/1158
f 956/1137/1160 738/1138/1161 737/670/682
f 2030/1139/1162 2031/1140/1163 580/1141/357
f 202/1142/1164 2030/1139/1162 201/926/958
f 955/1143/1165 2031/1140/1163 202/1142/1164
f 36/1144/1166 581/1145/358 2031/1140/1163
f 580/1141/357 579/1146/364 957/1147/369
f 958/1148/1167 2030/1139/1162 957/1147/369
f 1841/410/368 2032/1149/1168 1840/1150/1169
f 2032/1149/1170 745/677/689 744/679/691
f 204/1151/1171 2033/1152/1172 203/934/966
f 584/1153/1173 583/1154/373 587/1155/387
f 960/1156/1174 2033/1152/1172 587/1155/387
f 1846/417/376 2034/1157/1175 1845/420/379
f 750/1158/702 749/1159/696 961/1160/1176
f 205/1161/1177 206/1162/1178 2035/1163/1179
f 962/1164/1180 2035/1163/1179 41/1165/386
f 4/942/974 205/1161/1177 962/1164/1180
f 2035/1163/1179 587/1155/387 586/1166/382
f 590/1167/1181 2036/1168/1182 589/428/389
f 2036/1168/1183 760/1169/711 759/1170/706
f 2037/1171/1184 592/1172/393 964/1173/1185
f 208/1174/1186 2037/1171/1184 207/944/976
f 962/1164/1180 2037/1171/1184 208/1174/1186
f 41/1165/386 593/1175/394 2037/1171/1184
f 592/1172/393 591/1176/400 964/1173/1185
f 963/1177/1187 92/696/710 769/1178/1188
f 213/960/992 209/1179/1189 967/1180/1190
f 211/1181/1191 2038/1182/1192 210/952/984
f 964/1173/1185 599/1183/406 211/1181/1191
f 599/1183/406 598/1184/403 2038/1182/1192
f 2038/1182/1192 606/1185/405 967/1180/1190
f 601/1186/1193 968/453/420 603/1187/1194
f 601/1186/1193 777/708/724 776/710/726
f 603/1187/1194 968/453/420 43/1188/1195
f 601/1186/1193 966/1189/1196 777/708/724
f 776/710/726 775/1190/1197 968/453/420
f 967/1180/1190 2040/1191/1198 212/1192/1199
f 2039/1193/1200 2040/1191/1198 969/1194/412
f 970/1195/1201 212/1192/1199 2039/1193/1200
f 2040/1191/1198 606/1185/405 605/1196/408
f 970/1195/1201 2039/1193/1200 969/1194/412
f 1859/452/416 971/1197/1202 44/1198/1203
f 607/1199/1204 971/1197/1202 1859/452/416
f 971/1197/1205 784/713/729 783/712/728
f 215/1200/1206 2041/1201/1207 214/964/996
f 215/1200/1206 969/1194/412 608/1202/421
f 1863/457/424 2042/1203/1208 609/458/425
f 2042/1203/1209 792/719/735 791/722/738
f 217/1204/1210 2043/1205/1211 216/969/1001
f 972/1206/1212 2043/1205/1211 217/1204/1210
f 47/1207/1213 610/1208/429 2043/1205/1211
f 1868/465/433 975/1209/1214 49/468/437
f 1869/470/439 975/1209/1214 1868/465/433
f 975/1209/1215 800/731/747 799/733/749
f 2044/1210/1216 613/1211/440 976/1212/1217
f 219/1213/1218 2044/1210/1216 218/976/1008
f 974/1214/1219 2044/1210/1216 219/1213/1218
f 50/1215/1220 614/1216/441 2044/1210/1216
f 613/1211/440 612/1217/447 976/1212/1217
f 1874/479/451 2045/1218/1221 1873/1219/1222
f 2045/1218/1223 805/739/755 804/741/757
f 224/993/1025 220/1220/1224 979/1221/1225
f 222/1222/1226 2046/1223/1227 221/984/1016
f 976/1212/1217 617/1224/457 222/1222/1226
f 617/1224/457 616/1225/454 2046/1223/1227
f 2046/1223/1227 620/1226/456 979/1221/1225
f 1879/487/461 2047/1227/1228 1878/490/464
f 2047/1227/1229 811/750/766 810/745/761
f 621/1228/1230 2049/1229/1231 1883/494/469
f 2049/1229/1232 820/1230/775 819/1231/772
f 2050/1232/1233 623/1233/471 983/1234/1234
f 226/1235/1235 2050/1232/1233 225/997/1029
f 981/1236/1236 2050/1232/1233 226/1235/1235
f 55/1237/1237 624/1238/472 2050/1232/1233
f 623/1233/471 622/1239/478 983/1234/1234
f 982/1240/1238 105/760/778 830/764/784
f 231/1011/1043 227/1241/1239 986/1242/1240
f 229/1243/1241 2051/1244/1242 228/1003/1035
f 983/1234/1234 628/1245/493 229/1243/1241
f 628/1245/493 627/1246/490 2051/1244/1242
f 2051/1244/1242 635/1247/492 986/1242/1240
f 630/1248/1243 987/526/511 632/516/496
f 630/1248/1243 839/770/790 838/769/789
f 632/516/496 987/526/511 58/517/498
f 630/1248/1243 985/1249/1244 839/770/790
f 838/769/789 837/1250/1245 987/526/511
f 986/1242/1240 2053/1251/1246 230/1252/1247
f 2052/1253/1248 2053/1251/1246 988/1254/504
f 989/1012/1044 230/1252/1247 2052/1253/1248
f 2053/1251/1246 635/1247/492 634/1255/500
f 989/1012/1044 2052/1253/1248 988/1254/504
f 636/1256/1249 2054/1257/1250 1895/525/508
f 2054/1257/1251 846/778/798 845/777/797
f 232/1014/1046 2056/1258/1252 2055/1259/1253
f 989/1012/1044 2056/1258/1252 232/1014/1046
f 2056/1258/1252 988/1254/504 637/1260/514
f 2055/1259/1253 62/1261/1254 991/1262/1255
f 1899/1263/1256 992/1264/1257 61/1265/1258
f 1900/531/518 992/1264/1257 1899/1263/1256
f 992/1264/1259 854/786/806 853/783/803
f 233/1266/1260 2057/1267/1261 993/1268/1262
f 991/1262/1255 2057/1267/1261 233/1266/1260
f 62/1261/1254 638/1269/520 2057/1267/1261
f 2058/1270/1263 860/793/815 994/537/1264
f 640/536/526 2058/1270/1265 994/537/527
f 2058/1270/1263 862/1271/1266 861/796/818
f 860/793/815 114/795/817 994/537/1264
f 2059/1272/1267 643/1273/531 234/1274/1268
f 2059/1272/1267 2060/1275/1269 643/1273/531
f 65/1276/1270 644/1277/532 2060/1275/1269
f 643/1273/531 642/1278/538 995/1279/543
f 996/1035/1067 234/1274/1268 995/1279/543
f 997/1280/1271 994/537/1264 868/800/822
f 1907/1281/1272 997/1280/1273 66/557/551
f 1908/548/541 997/1280/1273 1907/1281/1272
f 994/537/1264 114/795/817 869/803/825
f 868/800/822 867/802/824 997/1280/1271
f 2062/1282/1274 647/1283/1275 2061/1284/1276
f 2062/1282/1274 995/1279/543 647/1283/1275
f 2011/1030/1062 2062/1282/1274 236/1033/1065
f 996/1035/1067 2062/1282/1274 2011/1030/1062
f 647/1283/1275 646/1285/547 651/1286/561
f 238/1287/1071 2061/1284/1276 651/1286/561
f 1913/556/550 2063/1288/1277 1912/559/553
f 2063/1288/1278 875/812/835 874/811/834
f 999/1289/1279 2064/1290/1280 70/1291/560
f 10/1040/1072 237/1292/1281 999/1289/1279
f 2064/1290/1280 651/1286/561 650/1293/556
f 654/1294/1282 2065/1295/1283 653/567/563
f 2065/1295/1284 884/822/848 883/817/843
f 2066/1296/1285 656/1297/567 1001/1298/1286
f 240/1299/1287 2066/1296/1285 239/1042/1074
f 999/1289/1279 2066/1296/1285 240/1299/1287
f 70/1291/560 657/1300/568 2066/1296/1285
f 656/1297/567 655/1301/574 1001/1298/1286
f 661/1302/1288 1003/1303/1289 659/1304/1290
f 1000/1305/1291 117/821/847 894/827/855
f 1000/1305/1291 894/827/855 893/826/854
f 245/1058/1090 241/1306/1292 1005/1307/1293
f 243/1308/1294 2067/1309/1295 242/1050/1082
f 1001/1298/1286 663/1310/580 243/1308/1294
f 663/1310/580 662/1311/577 2067/1309/1295
f 2067/1309/1295 669/1312/579 1005/1307/1293
f 666/1313/1296 2068/1314/1297 667/1315/1298
f 665/1316/1299 1004/1317/1300 2068/1314/1297
f 902/835/865 901/1318/1301 1006/1319/1302
f 1005/1307/1293 2069/1320/1303 244/1321/1304
f 1007/1322/1305 2069/1320/1303 73/1323/586
f 11/1324/1306 244/1321/1304 1007/1322/1305
f 2069/1320/1303 669/1312/579 668/1325/582
f 672/1326/1307 1006/1319/1308 1008/598/602
f 672/1326/1307 1008/598/602 72/589/588
f 671/592/594 670/591/592 1006/1319/1308
f 1006/1319/1302 120/840/870 911/839/869
f 1006/1319/1302 911/839/869 910/1327/1309
f 247/1328/1310 2070/1329/1311 246/1062/1094
f 1929/601/605 2071/1330/1312 675/596/599
f 2071/1330/1313 919/848/878 918/845/875
f 1165/1331/1314 2072/1332/1315 1045/1333/1316
f 124/1334/1317 1010/1335/1318 2072/1332/1315
f 2073/1336/1319 251/1337/1320 252/23/23
f 2073/1336/1319 252/23/23 1043/1338/1321
f 125/1339/1322 1012/1340/1323 2074/1341/1324
f 1013/1342/1325 281/1343/1326 251/1337/1320
f 1013/1342/1325 251/1337/1320 1011/1344/1327
f 1164/1345/1328 1010/1335/1318 124/1334/1317
f 1163/1346/1329 1044/1347/1330 2075/1348/1331
f 2075/1348/1331 1048/1349/1332 1049/1350/1333
f 1049/1350/1333 1048/1349/1332 2076/1351/1334
f 1162/1352/1335 1052/1353/1336 1053/1354/1337
f 1053/1354/1337 1052/1353/1336 2077/1355/1338
f 1160/1356/1339 1058/1357/1340 1059/1358/1341
f 1159/1359/1342 2079/1360/1343 1062/1361/1344
f 1059/1358/1341 1058/1357/1340 2079/1360/1343
f 1060/1362/1345 257/50/50 258/1363/1346
f 1060/1362/1345 258/1363/1346 1063/1364/1347
f 1158/1365/1348 1064/1366/1349 1065/1367/1350
f 1065/1367/1350 1064/1366/1349 2081/1368/1351
f 1063/1364/1347 258/1363/1346 259/1369/1352
f 1063/1364/1347 259/1369/1352 1066/1370/1353
f 1157/1371/1354 1067/1372/1355 1068/1373/1356
f 1156/1374/1357 2082/1375/1358 1071/1376/1359
f 1068/1373/1356 1067/1372/1355 2082/1375/1358
f 1066/1370/1353 259/1369/1352 260/59/59
f 1066/1370/1353 260/59/59 1069/1377/1360
f 2082/1375/1358 1069/1377/1360 1070/1378/1361
f 1155/1379/1362 1070/1378/1361 2083/1380/1363
f 1070/1378/1361 1069/1377/1360 2084/1381/1364
f 2084/1381/1364 261/1/1 1072/1382/1365
f 2085/1383/1366 1075/1384/1367 1076/1385/1368
f 1075/1384/1367 13/3/3 262/5/5
f 1075/1384/1367 262/5/5 1078/1386/1369
f 2086/1387/1370 1078/1386/1369 1079/1388/1371
f 1079/1388/1371 1078/1386/1369 2087/1389/1372
f 2087/1389/1372 262/5/5 263/1390/1373
f 2087/1389/1372 263/1390/1373 1081/1391/1374
f 1152/1392/1375 1082/1393/1376 1083/1394/1377
f 2088/1395/1378 1084/1396/1379 1085/1397/1380
f 2088/1395/1378 1081/1391/1374 1084/1396/1379
f 1083/1394/1377 1082/1393/1376 2088/1395/1378
f 1151/1398/1381 1085/1397/1380 1086/1399/1382
f 2089/1400/1383 1087/1401/1384 1088/1402/1385
f 2089/1400/1383 1084/1396/1379 1087/1401/1384
f 1086/1399/1382 1085/1397/1380 2089/1400/1383
f 1150/1403/1386 1088/1402/1385 1089/1404/1387
f 2090/1405/1388 2091/1406/1389 1091/1407/1390
f 1089/1404/1387 1088/1402/1385 2090/1405/1388
f 1149/1408/1391 1091/1407/1390 1092/1409/1392
f 2092/1410/1393 1090/1411/1394 1093/1412/1395
f 1092/1409/1392 1091/1407/1390 2092/1410/1393
f 2092/1410/1393 1093/1412/1395 1094/1413/1396
f 1147/1414/1397 2093/1415/1398 1098/1416/1399
f 1094/1413/1396 1093/1412/1395 2094/1417/1400
f 2093/1415/1398 1096/1418/1401 1097/1419/1402
f 1146/1420/1403 1100/1421/1404 1101/1422/1405
f 1101/1422/1405 1100/1421/1404 2095/1423/1406
f 2096/1424/1407 2097/1425/1408 1105/1426/1409
f 2097/1425/1408 271/54/54 2099/1427/1410
f 1144/1428/1411 1105/1426/1409 1106/1429/1412
f 1143/1430/1413 2098/1431/1414 1109/1432/1415
f 1106/1429/1412 1105/1426/1409 2098/1431/1414
f 1107/1433/1416 272/56/56 273/1434/1417
f 1107/1433/1416 273/1434/1417 1110/1435/1418
f 1142/1436/1419 1111/1437/1420 1112/1438/1421
f 1112/1438/1421 1111/1437/1420 2100/1439/1422
f 1110/1435/1418 273/1434/1417 274/1440/1423
f 1110/1435/1418 274/1440/1423 1113/1441/1424
f 1141/1442/1425 1114/1443/1426 1115/1444/1427
f 1140/1445/1428 2101/1446/1429 1118/1447/1430
f 1115/1444/1427 1114/1443/1426 2101/1446/1429
f 1113/1441/1424 274/1440/1423 275/7/7
f 1113/1441/1424 275/7/7 1116/1448/1431
f 2101/1446/1429 1116/1448/1431 1117/1449/1432
f 1139/1450/1433 1117/1449/1432 2102/1451/1434
f 1117/1449/1432 1116/1448/1431 2103/1452/1435
f 2103/1452/1435 276/9/9 1119/1453/1436
f 2104/1454/1437 1122/1455/1438 1123/1456/1439
f 1123/1456/1439 1122/1455/1438 2106/1457/1440
f 2106/1457/1440 278/18/18 1125/1458/1441
f 2107/1459/1442 1128/1460/1443 1129/1461/1444
f 1135/1462/1445 2108/1463/1446 1133/1464/1447
f 1134/1465/1448 1132/1466/1449 1012/1340/1323
f 1131/1467/1450 280/34/34 281/1343/1326
f 1131/1467/1450 281/1343/1326 1013/1342/1325
f 1134/1465/1448 1012/1340/1323 125/1339/1322
f 923/1468/1451 1042/1469/1452 1134/1465/1448
f 923/1468/1451 1047/1470/1453 924/854/885
f 1042/1469/1452 1133/1464/1447 1134/1465/1448
f 915/1471/1454 1041/1472/1455 1135/1462/1445
f 916/1473/1456 1042/1469/1452 121/1474/1457
f 1135/1462/1445 1133/1464/1447 916/1473/1456
f 916/1473/1456 1133/1464/1447 1042/1469/1452
f 907/1475/1458 906/1476/1459 1136/1477/1460
f 908/1478/1461 1041/1472/1455 119/1479/1462
f 899/1480/1463 898/1481/1464 1137/1482/1465
f 899/1480/1463 1040/1483/1466 900/834/863
f 890/1484/1467 889/1485/1468 1138/1486/1469
f 890/1484/1467 1039/1487/1470 891/825/852
f 880/1488/1471 1037/1489/1472 1139/1450/1433
f 880/1488/1471 1038/1490/1473 881/816/841
f 1037/1489/1472 1118/1447/1430 1139/1450/1433
f 2111/1491/1474 2110/1492/1475 872/806/829
f 113/1493/1476 1036/1494/1477 2111/1491/1474
f 1140/1445/1428 1118/1447/1430 2110/1492/1475
f 2110/1492/1475 1118/1447/1430 1037/1489/1472
f 865/1495/1478 864/1496/1479 1141/1442/1425
f 866/1497/1480 1036/1494/1477 113/1493/1476
f 865/1495/1478 1036/1494/1477 866/1497/1480
f 858/1498/1481 1034/1499/1482 1142/1436/1419
f 858/1498/1481 1035/1500/1483 859/792/813
f 1034/1499/1482 1109/1432/1415 1142/1436/1419
f 850/1501/1484 1033/1502/1485 1143/1430/1413
f 851/1503/1486 1034/1499/1482 110/1504/1487
f 1143/1430/1413 1109/1432/1415 851/1503/1486
f 851/1503/1486 1109/1432/1415 1034/1499/1482
f 842/1505/1488 1032/1506/1489 1144/1428/1411
f 843/1507/1490 1033/1502/1485 108/1508/1491
f 1032/1506/1489 1104/1509/1492 1144/1428/1411
f 835/1510/1493 834/1511/1494 1145/1512/1495
f 836/1513/1496 1032/1506/1489 106/1514/1497
f 1145/1512/1495 1104/1509/1492 836/1513/1496
f 836/1513/1496 1104/1509/1492 1032/1506/1489
f 826/1515/1498 825/1516/1499 1146/1420/1403
f 826/1515/1498 1031/1517/1500 827/762/781
f 816/1518/1501 1029/1519/1502 1147/1414/1397
f 816/1518/1501 1030/1520/1503 817/753/770
f 1147/1414/1397 1098/1416/1399 1030/1520/1503
f 2112/1521/1504 1028/1522/1505 1148/1523/1506
f 286/1524/1507 285/1525/1508 274/1440/1423 273/1434/1417
f 802/1526/1509 1028/1522/1505 101/1527/1510
f 99/1528/1511 1027/1529/1512 2113/1530/1513
f 796/1531/1514 1026/1532/1515 1150/1403/1386
f 797/1533/1516 1027/1529/1512 99/1528/1511
f 796/1531/1514 1027/1529/1512 797/1533/1516
f 788/1534/1517 1025/1535/1518 1151/1398/1381
f 789/1536/1519 1026/1532/1515 97/1537/1520
f 780/1538/1521 1024/1539/1522 1152/1392/1375
f 781/1540/1523 1025/1535/1518 95/1541/1524
f 773/1542/1525 772/1543/1526 1153/1544/1527
f 774/1545/1528 1024/1539/1522 93/1546/1529
f 765/1547/1530 764/1548/1531 1154/1549/1532
f 765/1547/1530 1023/1550/1533 766/700/715
f 756/1551/1534 1021/1552/1535 1155/1379/1362
f 756/1551/1534 1022/1553/1536 757/691/704
f 1021/1552/1535 1071/1376/1359 1155/1379/1362
f 2115/1554/1537 2114/1555/1538 748/682/694
f 88/1556/1539 1020/1557/1540 2115/1554/1537
f 1156/1374/1357 1071/1376/1359 2114/1555/1538
f 2114/1555/1538 1071/1376/1359 1021/1552/1535
f 741/1558/1541 740/1559/1542 1157/1371/1354
f 742/1560/1543 1020/1557/1540 88/1556/1539
f 741/1558/1541 1020/1557/1540 742/1560/1543
f 734/1561/1544 1018/1562/1545 1158/1365/1348
f 734/1561/1544 1019/1563/1546 735/666/677
f 1018/1562/1545 1062/1361/1344 1158/1365/1348
f 726/1564/1547 1017/1565/1548 1159/1359/1342
f 727/1566/1549 1018/1562/1545 85/1567/1550
f 1159/1359/1342 1062/1361/1344 727/1566/1549
f 727/1566/1549 1062/1361/1344 1018/1562/1545
f 718/1568/1551 1016/1569/1552 1160/1356/1339
f 719/1570/1553 1017/1565/1548 83/1571/1554
f 1016/1569/1552 1056/1572/1555 1160/1356/1339
f 711/1573/1556 710/1574/1557 1161/1575/1558
f 712/1576/1559 1016/1569/1552 81/1577/1560
f 1161/1575/1558 1056/1572/1555 712/1576/1559
f 712/1576/1559 1056/1572/1555 1016/1569/1552
f 702/1578/1561 701/1579/1562 1162/1352/1335
f 702/1578/1561 1015/1580/1563 703/636/645
f 692/1581/1564 1009/1582/1565 1163/1346/1329
f 692/1581/1564 1014/1583/1566 693/627/634
f 1009/1582/1565 1045/1333/1316 1163/1346/1329
f 929/1584/1567 928/1585/1568 1164/1345/1328
f 930/1586/1569 1046/1587/1570 683/1588/1571
f 929/1584/1567 1046/1587/1570 930/1586/1569
f 2117/1589/1572 2116/1590/1573 684/618/624
f 683/1588/1571 1046/1587/1570 2117/1589/1572
f 1165/1331/1314 1045/1333/1316 2116/1590/1573
f 2116/1590/1573 1045/1333/1316 1009/1582/1565
f 2118/1591/1574 541/1592/1575 540/1593/1576
f 540/1593/1576 1294/1063/1095 2118/1591/1574
f 1294/1063/1095 541/1592/1575 2118/1591/1574
f 1292/1059/1091 1296/1061/1093 540/1593/1576
f 1295/1064/1096 1169/881/913 541/1592/1575
f 2119/1594/1577 534/1595/1578 533/1596/1579
f 1297/1597/1580 1299/1057/1089 2119/1594/1577
f 1299/1057/1089 534/1595/1578 2119/1594/1577
f 1290/1053/1085 1297/1597/1580 533/1596/1579
f 1298/1060/1092 1292/1059/1091 534/1595/1578
f 527/298/248 2120/1598/1581 528/1599/1582
f 1300/1054/1086 152/1600/1583 528/1599/1582
f 1287/1047/1079 1301/1049/1081 527/298/248
f 1301/1049/1081 1302/1051/1083 2120/1598/1581
f 1302/1051/1083 1300/1054/1086 2120/1598/1581
f 2121/1601/1584 521/1602/1585 520/1603/1586
f 1284/1045/1077 1303/1046/1078 520/1603/1586
f 1303/1046/1078 1305/1043/1075 2121/1601/1584
f 1305/1043/1075 521/1602/1585 2121/1601/1584
f 1304/1048/1080 1287/1047/1079 521/1602/1585
f 514/282/235 2122/1604/1587 515/1605/1588
f 151/1606/1589 1280/1607/1590 514/282/235
f 1280/1607/1590 1306/1038/1070 2122/1604/1587
f 1306/1038/1070 515/1605/1588 2122/1604/1587
f 1307/1608/1591 1284/1045/1077 515/1605/1588
f 505/1609/1592 1308/1610/1593 506/1611/1594
f 2133/1612/1595 151/1606/1589 1281/1613/1596
f 1314/1614/1597 2136/1615/1598 2135/1616/1599
f 2136/1615/1598 2137/1617/1600 1313/1618/1601
f 2134/1619/1602 1313/1618/1601 1312/1620/1603
f 1269/1621/1604 1268/1622/1605 1314/1614/1597
f 1316/1623/1606 150/1624/1607 2137/1617/1600
f 1258/1625/1608 145/1626/1609 498/264/221
f 1277/1627/1610 1278/1628/1611 500/1629/1612
f 1256/1630/1613 1255/1631/1614 2148/1632/1615
f 2147/1633/1616 2148/1632/1615 2149/1634/1617
f 1257/1635/1618 1256/1630/1613 2147/1633/1616
f 145/1626/1609 2147/1633/1616 2149/1634/1617
f 2152/1636/1619 2154/1637/1620 2151/1638/1621
f 1254/1639/1622 1323/1640/1623 1336/1641/1624
f 1325/1642/1625 2152/1636/1619 1252/1643/1626
f 1326/1644/1627 1269/1621/1604 2152/1636/1619
f 1251/1645/1628 1327/1646/1629 1325/1642/1625
f 1327/1646/1629 1328/1647/1630 1325/1642/1625
f 1328/1647/1630 1326/1644/1627 1325/1642/1625
f 1249/1648/1631 2155/1649/1632 2156/1650/1633
f 142/1651/1634 1250/1652/1635 1327/1646/1629
f 2171/1653/1636 141/1654/1637 2155/1649/1632
f 1246/1655/1638 1245/1656/1639 490/255/214
f 1332/1657/1640 492/1658/1641 491/253/212
f 2161/1659/1642 1257/1635/1618 2158/1660/1643
f 1257/1635/1618 145/1626/1609 1332/1657/1640
f 2158/1660/1643 1332/1657/1640 1245/1656/1639
f 1337/1661/1644 1338/1662/1645 2167/1663/1646
f 1341/1664/1647 1251/1645/1628 1339/1665/1648
f 1337/1661/1644 1340/1666/1649 1338/1662/1645
f 1340/1666/1649 1341/1664/1647 1338/1662/1645
f 2170/1667/1650 1341/1664/1647 1340/1666/1649
f 2171/1653/1636 1249/1648/1631 2170/1667/1650
f 1226/1668/1651 1346/1669/1652 483/1670/1653
f 1347/1671/1654 485/1672/1655 484/1673/1656
f 133/1674/1657 2178/1675/1658 1226/1668/1651
f 2182/1676/1659 2183/1677/1660 1351/1678/1661
f 2183/1677/1660 1353/1679/1662 2185/1680/1663
f 1351/1678/1661 2184/1681/1664 1352/1682/1665
f 132/1683/1666 1354/1684/1667 2182/1676/1659
f 1236/1685/1668 1237/1686/1669 1353/1679/1662
f 2195/1687/1670 477/1688/1671 476/1689/1672
f 1361/1010/1042 477/1688/1671 2195/1687/1670
f 476/1689/1672 1361/1010/1042 2195/1687/1670
f 1224/1006/1038 1362/1690/1673 476/1689/1672
f 1363/1691/1674 133/1674/1657 477/1688/1671
f 470/230/195 2196/1692/1675 471/1693/1676
f 1364/1007/1039 131/1694/1677 471/1693/1676
f 470/230/195 1365/1004/1036 2196/1692/1675
f 1365/1004/1036 1364/1007/1039 2196/1692/1675
f 1221/1000/1032 1366/1002/1034 470/230/195
f 2197/1695/1678 464/1696/1679 463/1697/1680
f 463/1697/1680 1368/998/1030 2197/1695/1678
f 1368/998/1030 464/1696/1679 2197/1695/1678
f 1218/994/1026 1369/996/1028 463/1697/1680
f 1367/1001/1033 1221/1000/1032 464/1696/1679
f 457/214/182 2198/1698/1681 458/1699/1682
f 1216/215/183 2199/1700/1683 457/214/182
f 2199/1700/1683 1370/991/1023 2198/1698/1681
f 1370/991/1023 458/1699/1682 2198/1698/1681
f 1371/995/1027 1218/994/1026 458/1699/1682
f 2200/1701/1684 450/1702/1685 449/1703/1686
f 449/1703/1686 1374/985/1017 2200/1701/1684
f 1374/985/1017 450/1702/1685 2200/1701/1684
f 1212/981/1013 1372/1704/1687 449/1703/1686
f 1373/988/1020 1215/987/1019 450/1702/1685
f 2201/1705/1688 444/1706/1689 443/1707/1690
f 1210/1708/1691 2202/980/1012 443/1707/1690
f 1376/977/1009 444/1706/1689 2201/1705/1688
f 1375/982/1014 1212/981/1013 444/1706/1689
f 1207/1709/1692 2203/1710/1693 2204/1711/1694
f 2203/1710/1693 1377/970/1002 2204/1711/1694
f 1377/970/1002 437/1712/1695 2204/1711/1694
f 1378/971/1003 1210/1708/1691 437/1712/1695
f 2205/1713/1696 431/1714/1697 430/1715/1698
f 1380/1716/1699 1207/1709/1692 431/1714/1697
f 430/1715/1698 1381/965/997 2205/1713/1696
f 1381/965/997 1380/1716/1699 2205/1713/1696
f 1204/961/993 1382/963/995 430/1715/1698
f 2206/1717/1700 424/1718/1701 423/1719/1702
f 1383/959/991 424/1718/1701 2206/1717/1700
f 423/1719/1702 1383/959/991 2206/1717/1700
f 1202/955/987 1384/1720/1703 423/1719/1702
f 1385/962/994 1204/961/993 424/1718/1701
f 417/167/146 2207/1721/1704 418/1722/1705
f 1386/956/988 129/1723/1706 418/1722/1705
f 417/167/146 1387/953/985 2207/1721/1704
f 1387/953/985 1386/956/988 2207/1721/1704
f 1199/949/981 1388/951/983 417/167/146
f 2208/1724/1707 411/1725/1708 410/1726/1709
f 1389/950/982 1200/168/147 411/1725/1708
f 410/1726/1709 1390/945/977 2208/1724/1707
f 1390/945/977 1389/950/982 2208/1724/1707
f 1196/947/979 1391/948/980 410/1726/1709
f 404/151/133 2209/1727/1710 405/1728/1711
f 1194/152/134 2210/1729/1712 404/151/133
f 2210/1729/1712 1392/941/973 2209/1727/1710
f 1392/941/973 405/1728/1711 2209/1727/1710
f 1393/1730/1713 1196/947/979 405/1728/1711
f 2211/1731/1714 398/1732/1715 397/1733/1716
f 397/1733/1716 1396/935/967 2211/1731/1714
f 1396/935/967 398/1732/1715 2211/1731/1714
f 1190/931/963 1394/1734/1717 397/1733/1716
f 1395/938/970 1193/937/969 398/1732/1715
f 2212/1735/1718 392/1736/1719 391/1737/1720
f 1187/929/961 2213/930/962 391/1737/1720
f 1398/927/959 392/1736/1719 2212/1735/1718
f 1397/932/964 1190/931/963 392/1736/1719
f 1185/1738/1721 2214/1739/1722 2215/1740/1723
f 2214/1739/1722 1399/920/952 2215/1740/1723
f 1399/920/952 385/1741/1724 2215/1740/1723
f 1400/921/953 1187/929/961 385/1741/1724
f 2216/1742/1725 380/1743/1726 379/1744/1727
f 379/1744/1727 1402/915/947 2216/1742/1725
f 1402/915/947 1403/916/948 2216/1742/1725
f 1182/911/943 1404/913/945 379/1744/1727
f 1403/916/948 1184/922/954 380/1743/1726
f 2217/1745/1728 373/1746/1729 372/1747/1730
f 1405/909/941 373/1746/1729 2217/1745/1728
f 372/1747/1730 1405/909/941 2217/1745/1728
f 1180/905/937 1406/1748/1731 372/1747/1730
f 1407/912/944 1182/911/943 373/1746/1729
f 366/104/97 2218/1749/1732 367/1750/1733
f 1408/906/938 127/1751/1734 367/1750/1733
f 1177/899/931 1409/901/933 366/104/97
f 1409/901/933 1410/903/935 2218/1749/1732
f 1410/903/935 1408/906/938 2218/1749/1732
f 2219/1752/1735 360/1753/1736 359/1754/1737
f 1411/900/932 1177/899/931 360/1753/1736
f 359/1754/1737 1412/895/927 2219/1752/1735
f 1412/895/927 1411/900/932 2219/1752/1735
f 1174/897/929 1413/898/930 359/1754/1737
f 353/88/84 2220/1755/1738 354/1756/1739
f 1172/89/85 2221/1757/1740 353/88/84
f 2221/1757/1740 1414/891/923 2220/1755/1738
f 1414/891/923 354/1756/1739 2220/1755/1738
f 1415/1758/1741 1174/897/929 354/1756/1739
f 1168/80/78 2222/1759/1742 2223/79/77
f 2222/1759/1742 1416/885/917 2223/79/77
f 1416/885/917 347/1760/1743 2223/79/77
f 1417/888/920 1171/887/919 347/1760/1743
f 1167/1761/907 1418/883/915 2222/1759/1742
f 546/324/268 2224/1762/1744 547/322/266
f 546/324/268 1419/879/911 2224/1762/1744
f 1420/880/912 18/1763/1745 547/322/266
f 1169/881/913 1421/882/914 546/324/268
f 340/66/66 2225/1764/1746 341/64/64
f 340/66/66 1422/871/903 2225/1764/1746
f 1422/871/903 1424/876/908 2225/1764/1746
f 18/1765/1745 1423/874/906 340/66/66
f 2226/1766/1747 2227/1767/1748 1425/1768/1749
f 1425/1768/1749 1466/1769/1750 134/1770/1751
f 135/1771/1752 1467/1772/1753 1427/1773/1754
f 1469/1774/1755 1231/1775/1756 2229/1776/1757
f 2231/1777/1758 2232/1778/1759 2230/1779/1760
f 1428/1780/1761 2230/1779/1760 135/1771/1752
f 2233/1781/1762 154/1782/1763 1469/1774/1755
f 1474/1783/1764 2238/1784/1765 2236/1785/1766
f 138/1786/1767 1474/1783/1764 1432/1787/1768
f 2240/1788/1769 2241/1789/1770 2239/1790/1771
f 1434/1791/1772 2239/1790/1771 1433/1792/1773
f 2242/1793/1774 157/1794/1775 2238/1784/1765
f 1438/1795/1776 2244/1796/1777 1479/1797/1778
f 1437/1798/1779 1436/1799/1780 2245/1800/1781
f 2246/1801/1782 1480/1802/1783 2248/1803/1784
f 1479/1797/1778 2244/1796/1777 1478/1804/1785
f 1439/1805/1786 1479/1797/1778 2250/1806/1787
f 1483/1807/1788 2249/1808/1789 1482/1809/1790
f 2253/1810/1791 2254/1811/1792 2255/1812/1793
f 1448/1813/1794 2262/1814/1795 1447/1815/1796
f 2262/1814/1795 1489/1816/1797 1490/1817/1798
f 2266/1818/1799 1491/1819/1800 2268/1820/1801
f 2270/1821/1802 1492/1822/1803 2284/1823/1804
f 1490/1817/1798 1489/1816/1797 2278/1824/1805
f 1460/1825/1806 2279/1826/1807 1461/1827/1808
f 2279/1826/1807 1491/1819/1800 2266/1818/1799
f 136/1828/1809 2282/1829/1810 1470/1830/1811
f 2284/1823/1804 1492/1822/1803 2286/1831/1812
f 1463/1832/1813 1493/1833/1814 2287/1834/1815
f 1463/1832/1813 2287/1834/1815 1464/1835/1816
f 2287/1834/1815 1493/1833/1814 2275/1836/1817
f 2287/1834/1815 2275/1836/1817 2273/1837/1818
f 1433/1792/1819 1505/1838/1820 138/1786/1821
f 1495/1839/1822 1591/1840/1823 2290/1841/1824
f 1447/1815/1825 1496/1842/1826 165/1843/1827
f 1448/1813/1828 1496/1842/1826 1447/1815/1825
f 1498/1844/1829 1499/1845/1830 2294/1846/1831
f 2296/1847/1832 1646/1848/1833 1645/1849/1834
f 1498/1844/1829 2295/1850/1835 1499/1845/1830
f 1500/1851/1836 2299/1852/1837 1501/1853/1838
f 1461/1827/1839 1502/1854/1840 143/1855/1841
f 1460/1825/1842 1502/1854/1840 1461/1827/1839
f 2303/1856/1843 1729/1857/1844 2302/1858/1845
f 2301/1859/1846 1589/1860/1847 1504/1861/1848
f 1507/1862/1849 1594/1863/1850 166/1864/1851
f 1597/1865/1852 1603/1866/1853 1602/1867/1854
f 1613/1868/1855 1427/1773/1754 1749/1869/1856
f 1616/1870/1857 2313/1871/1858 1524/1872/1859
f 1522/1873/1860 1617/1874/1861 1521/1875/1862
f 2318/1876/1863 1619/1877/1864 1618/1878/1865
f 2321/1879/1866 1630/1880/1867 1629/1881/1868
f 1633/1882/1869 2327/1883/1870 173/1884/1871
f 1544/1885/1872 2330/1886/1873 1634/1887/1874
f 1543/1888/1875 2332/1889/1876 2331/1890/1877
f 2334/1891/1878 1637/1892/1879 2333/1893/1880
f 1540/1894/1881 1638/1895/1882 1637/1892/1879
f 1539/1896/1883 1639/1897/1884 1638/1895/1882
f 1640/1898/1885 1529/1899/1886 172/1900/1887
f 2336/1901/1888 1525/1902/1889 1526/1903/1890
f 1535/1904/1891 1643/1905/1892 2336/1901/1888
f 1643/1905/1892 2337/1906/1893 1642/1907/1894
f 1534/1908/1895 2337/1906/1893 1643/1905/1892
f 1534/1908/1895 1533/1909/1896 2337/1906/1893
f 2340/1910/1897 2341/1911/1898 2342/1912/1899
f 1633/1913/1869 1644/1914/1900 1547/1915/1901
f 1649/1916/1902 1648/1917/1903 2341/1911/1898
f 1651/1918/1904 1650/1919/1905 2343/1920/1906
f 1654/1921/1907 1653/1922/1908 2344/1923/1909
f 1655/1924/1910 1656/1925/1911 1654/1921/1907
f 1550/1926/1912 1659/1927/1913 1655/1924/1910
f 1659/1927/1913 1661/1928/1914 1658/1929/1915
f 1549/1930/1916 1664/1931/1917 1659/1927/1913
f 2346/1932/1918 1665/1933/1919 2345/1934/1920
f 1664/1931/1917 2346/1932/1918 1663/1935/1921
f 177/1936/1922 1667/1937/1923 1664/1931/1917
f 1666/1938/1924 1667/1937/1923 2348/1939/1925
f 2347/1940/1926 2348/1939/1925 1668/1941/1927
f 1666/1938/1924 2347/1940/1926 1665/1933/1919
f 1667/1937/1923 176/1942/1928 1548/1943/1929
f 1668/1941/1930 1534/1908/1895 1535/1904/1891
f 2347/1940/1931 1535/1904/1891 1536/1944/1932
f 1668/1941/1927 1669/1945/1933 2349/1946/1934
f 2350/1947/1935 1438/1795/1776 1479/1797/1778
f 1532/1948/1936 1440/1949/1937 1454/1950/1938
f 1534/1908/1895 2349/1946/1939 1533/1909/1896
f 1670/1951/1940 2351/1952/1941 2353/1953/1942
f 2352/1954/1943 1565/1955/1944 2354/1956/1945
f 1670/1951/1940 2353/1953/1942 1649/1916/1902
f 2355/1957/1946 176/1942/1928 177/1936/1922
f 2355/1957/1946 1682/1958/1947 1681/1959/1948
f 176/1942/1928 1681/1959/1948 1683/1960/1949
f 2357/1961/1950 1555/1962/1951 1685/1963/1952
f 1681/1959/1948 1685/1963/1952 1684/1964/1953
f 176/1942/1928 1683/1960/1949 1548/1943/1929
f 2363/1965/1954 1575/1966/1955 1688/1967/1956
f 1690/1968/1957 1693/1969/1958 1692/1970/1959
f 1694/1971/1960 1695/1972/1961 1697/1973/1962
f 1552/1974/1963 1455/1975/1964 146/1976/1965
f 2381/1977/1966 2382/1978/1967 2380/1979/1968
f 1709/1980/1969 2360/1981/1970 1686/1982/1971
f 2382/1978/1972 1575/1966/1955 2363/1965/1954
f 2384/1983/1973 1586/1984/1974 1714/1985/1975
f 1715/1986/1976 1571/1987/1977 1572/1988/1978
f 1717/1989/1979 1719/1990/1980 1570/1991/1981
f 1722/1992/1982 1582/1993/1983 2386/1994/1984
f 2388/1995/1985 2389/1996/1986 2387/1997/1987
f 1726/1998/1988 1725/1999/1989 2390/2000/1990
f 2394/2001/1991 2395/2002/1992 2393/2003/1993
f 1577/2004/1994 1576/2005/1995 2399/2006/1996
f 1729/1857/1844 2401/2007/1997 2301/1859/1846
f 1506/2008/1998 1732/2009/1999 2303/1856/1843
f 1731/2010/2000 1730/2011/2001 2402/2012/2002
f 1732/2009/1999 1507/1862/1849 1735/2013/2003
f 1734/2014/2004 1735/2013/2003 1737/2015/2005
f 1736/2016/2006 1737/2015/2005 1738/2017/2007
f 1739/2018/2008 1740/2019/2009 1741/2020/2010
f 1742/2021/2011 1743/2022/2012 2403/2023/2013
f 1746/2024/2014 2405/2025/2015 1745/2026/2016
f 1747/2027/2017 181/2028/2018 1579/2029/2019
f 2404/2030/2020 1579/2029/2019 1580/2031/2021
f 1749/1869/1856 2407/2032/2022 1748/2033/2023
f 1426/2034/2024 1425/1768/1749 2408/2035/2025
f 2406/2036/2026 1577/2004/1994 1578/2037/2027
f 1458/2038/2028 1751/2038/2028 165/2038/2028
f 1457/2038/2029 1751/2038/2029 1458/2038/2029
f 1456/2038/2030 1751/2038/2030 1457/2038/2030
f 1751/2038/2031 1434/2038/2031 1433/2038/2031
f 1755/2038/2032 1750/2038/2032 138/2038/2032
f 1430/2038/2033 2409/2038/2033 1431/2038/2033
f 2409/2038/2034 1460/2038/2034 1461/2038/2034
f 1431/2038/2035 2409/2038/2035 1432/2038/2035
f 1446/2038/2036 2410/2038/2036 1445/2038/2036
f 1754/2038/2037 1447/2038/2037 165/2038/2037
f 1753/2038/2038 1756/2038/2038 148/2038/2038
f 1756/2038/2039 1752/2038/2039 143/2038/2039
f 1451/2038/2040 2411/2038/2040 1450/2038/2040
f 1452/2038/2041 2411/2038/2041 1451/2038/2041
f 2411/2038/2042 1442/2038/2042 1443/2038/2042
f 285/1525/1508 286/1524/1507 284/2039/2043
f 289/2040/2044 291/2041/2045 287/2/2 288/4/4
f 284/2039/2043 293/11/11 294/8/8 285/1525/1508
f 291/2041/2045 290/61/61 15/63/63
f 291/2041/2045 289/2040/2044 290/61/61
f 285/1525/1508 294/8/8 275/7/7 274/1440/1423
f 293/11/11 283/58/58 16/57/57
f 293/11/11 284/2039/2043 283/58/58
f 291/2041/2045 297/2042/2046 295/2043/2047 292/6/6
f 292/6/6 287/2/2 291/2041/2045
f 262/5/5 13/3/3 287/2/2
f 292/6/6 295/2043/2047 263/1390/1373 262/5/5
f 297/2042/2046 15/63/63 338/42/42
f 297/2042/2046 291/2041/2045 15/63/63
f 295/2043/2047 298/22/22 264/19/19 263/1390/1373
f 303/12/12 16/57/57 14/15/15
f 303/12/12 293/11/11 16/57/57
f 296/10/10 294/8/8 293/11/11
f 298/22/22 295/2043/2047 297/2042/2046
f 302/2044/2048 306/2045/2049 300/26/26 301/2046/2050
f 301/2046/2050 300/26/26 252/23/23 251/1337/1320
f 306/2045/2049 302/2044/2048 299/14/14
f 297/2042/2046 309/2047/2051 305/20/20 298/22/22
f 304/17/17 296/10/10 303/12/12
f 303/12/12 312/2048/2052 308/27/27 304/17/17
f 309/2047/2051 338/42/42 314/41/41
f 309/2047/2051 297/2042/2046 338/42/42
f 307/24/24 300/26/26 306/2045/2049
f 306/2045/2049 299/14/14 317/16/16
f 306/2045/2049 318/2049/2053 311/31/31 307/24/24
f 312/2048/2052 303/12/12 14/15/15
f 310/29/29 305/20/20 309/2047/2051
f 309/2047/2051 315/2050/2054 316/35/35 310/29/29
f 318/2049/2053 306/2045/2049 317/16/16
f 313/33/33 308/27/27 312/2048/2052
f 312/2048/2052 302/2044/2048 320/2051/2055 313/33/33
f 315/2050/2054 309/2047/2051 314/41/41
f 319/37/37 311/31/31 318/2049/2053
f 313/33/33 320/2051/2055 281/1343/1326 280/34/34
f 302/2044/2048 14/15/15 299/14/14
f 302/2044/2048 312/2048/2052 14/15/15
f 315/2050/2054 323/2052/2056 321/39/39 316/35/35
f 318/2049/2053 325/2053/2057 322/45/45 319/37/37
f 323/2052/2056 314/41/41 327/44/44
f 323/2052/2056 315/2050/2054 314/41/41
f 320/2051/2055 301/2046/2050 251/1337/1320 281/1343/1326
f 325/2053/2057 317/16/16 282/62/62
f 325/2053/2057 318/2049/2053 317/16/16
f 301/2046/2050 320/2051/2055 302/2044/2048
f 323/2052/2056 330/2054/2058 328/51/51 324/47/47
f 324/47/47 321/39/39 323/2052/2056
f 326/49/49 322/45/45 325/2053/2057
f 325/2053/2057 332/2055/2059 329/2056/2060 326/49/49
f 330/2054/2058 323/2052/2056 327/44/44
f 326/49/49 329/2056/2060 258/1363/1346 257/50/50
f 332/2055/2059 282/62/62 290/61/61
f 332/2055/2059 325/2053/2057 282/62/62
f 329/2056/2060 333/2057/2061 259/1369/1352 258/1363/1346
f 331/53/53 328/51/51 330/2054/2058
f 330/2054/2058 327/44/44 337/43/43
f 333/2057/2061 329/2056/2060 332/2055/2059
f 330/2054/2058 334/2058/2062 335/55/55 331/53/53
f 332/2055/2059 289/2040/2044 336/60/60 333/2057/2061
f 334/2058/2062 330/2054/2058 337/43/43
f 333/2057/2061 336/60/60 260/59/59 259/1369/1352
f 289/2040/2044 332/2055/2059 290/61/61
f 334/2058/2062 284/2039/2043 286/1524/1507 335/55/55
f 335/55/55 286/1524/1507 273/1434/1417 272/56/56
f 284/2039/2043 337/43/43 283/58/58
f 284/2039/2043 334/2058/2062 337/43/43
f 339/69/69 18/1765/1745 340/66/66 1757/65/65
f 288/4/4 336/60/60 289/2040/2044
f 282/62/62 14/15/15 338/42/42
f 16/57/57 337/43/43 338/42/42
f 342/78/76 1758/67/67 341/64/64 1168/80/78
f 351/73/71 345/71/70 1757/70/65 1758/2059/67
f 1758/67/67 342/78/76 343/77/75
f 1758/2059/67 343/82/75 351/73/71
f 348/87/83 1759/76/74 347/1760/1743 1172/89/85
f 17/74/72 346/75/73 1985/862/894
f 2223/79/77 1759/76/74 342/78/76
f 2223/79/77 347/1760/1743 1759/76/74
f 349/86/82 350/2060/2063 1759/76/74 348/87/83
f 357/83/79 351/73/71 1759/81/74 350/2061/2063
f 350/2061/2063 349/93/82 357/83/79
f 348/87/83 353/88/84 354/1756/1739 1760/85/81
f 346/75/73 352/84/80 1986/861/893
f 355/90/86 1760/85/81 354/1756/1739 1175/2062/2064
f 364/94/88 357/83/79 1760/92/81 356/2063/87
f 356/2063/87 355/98/86 364/94/88
f 355/90/86 1175/2062/2064 359/1754/1737 1761/2064/90
f 352/84/80 358/95/89 1986/861/893
f 1762/2065/2065 1761/2064/90 359/1754/1737 360/1753/1736
f 361/103/96 1762/2065/2065 360/1753/1736 1178/105/98
f 370/99/92 364/94/88 1761/96/90 1762/2066/2065
f 1762/2065/2065 361/103/96 362/102/95
f 1761/2064/90 363/2067/91 355/90/86
f 1762/2066/2065 362/109/95 370/99/92
f 361/103/96 366/104/97 367/1750/1733 1763/101/94
f 358/95/89 365/100/93 1986/861/893
f 368/106/99 1763/101/94 367/1750/1733 127/1751/1734
f 377/110/101 370/99/92 1763/108/94 369/2068/100
f 369/2068/100 368/113/99 377/110/101
f 368/106/99 127/1751/1734 372/1747/1730 1764/2069/102
f 1764/2069/102 374/122/112 375/121/111
f 374/122/112 1764/2069/102 372/1747/1730 373/1746/1729
f 383/114/104 377/110/101 1764/111/102 375/125/111
f 373/1746/1729 128/2070/2066 374/122/112
f 1764/2069/102 376/2071/103 368/106/99
f 374/122/112 128/2070/2066 379/1744/1727 1765/120/110
f 381/118/108 1766/117/107 380/1743/1726 1185/1738/1721
f 379/1744/1727 1766/117/107 1765/120/110
f 379/1744/1727 380/1743/1726 1766/117/107
f 389/126/113 383/114/104 1766/123/107 382/2072/109
f 382/2072/109 381/130/108 389/126/113
f 381/118/108 1185/1738/1721 2215/1740/1723 1767/2073/115
f 378/115/105 384/127/114 1982/863/895
f 386/135/121 1767/2073/115 2215/1740/1723 385/1741/1724
f 395/131/117 389/126/113 1767/128/115 386/2074/121
f 385/1741/1724 1188/2075/2067 386/135/121
f 1767/2073/115 388/2076/116 381/118/108
f 386/2074/121 387/137/120 395/131/117
f 386/135/121 1188/2075/2067 391/1737/1720 1768/133/119
f 384/127/114 390/132/118 1982/863/895
f 1768/133/119 393/141/125 394/140/124
f 393/141/125 1768/133/119 391/1737/1720 392/1736/1719
f 402/138/122 395/131/117 1768/136/119 394/144/124
f 392/1736/1719 1191/2077/2068 393/141/125
f 393/141/125 1191/2077/2068 397/1733/1716 1769/139/123
f 399/150/132 1770/2078/126 398/1732/1715 1194/152/134
f 397/1733/1716 1770/2078/126 1769/139/123
f 397/1733/1716 398/1732/1715 1770/2078/126
f 400/149/131 401/2079/2069 1770/2078/126 399/150/132
f 408/145/127 402/138/122 1770/142/126 401/2080/2069
f 401/2080/2069 400/156/131 408/145/127
f 399/150/132 404/151/133 405/1728/1711 1771/148/130
f 406/153/135 1771/148/130 405/1728/1711 1197/2081/2070
f 415/157/137 408/145/127 1771/155/130 407/2082/136
f 407/2082/136 406/161/135 415/157/137
f 406/153/135 1197/2081/2070 410/1726/1709 1772/2083/139
f 403/146/128 409/158/138 1983/864/896
f 1773/2084/2071 1772/2083/139 410/1726/1709 411/1725/1708
f 412/166/145 1773/2084/2071 411/1725/1708 1200/168/147
f 421/162/141 415/157/137 1772/159/139 1773/2085/2071
f 1773/2084/2071 412/166/145 413/165/144
f 1772/2083/139 414/2086/140 406/153/135
f 1773/2085/2071 413/172/144 421/162/141
f 412/166/145 417/167/146 418/1722/1705 1774/164/143
f 409/158/138 416/163/142 1983/864/896
f 419/169/148 1774/164/143 418/1722/1705 129/1723/1706
f 428/173/150 421/162/141 1774/171/143 420/2087/149
f 420/2087/149 419/177/148 428/173/150
f 419/169/148 129/1723/1706 423/1719/1702 1775/2088/152
f 416/163/142 422/174/151 1983/864/896
f 1775/2088/152 425/185/161 426/184/160
f 425/185/161 1775/2088/152 423/1719/1702 424/1718/1701
f 434/178/154 428/173/150 1775/175/152 426/188/160
f 424/1718/1701 130/2089/2072 425/185/161
f 1775/2088/152 427/2090/153 419/169/148
f 425/185/161 130/2089/2072 430/1715/1698 1776/183/159
f 422/174/151 429/179/155 1983/864/896
f 432/181/157 1777/180/156 431/1714/1697 1207/1709/1692
f 430/1715/1698 1777/180/156 1776/183/159
f 430/1715/1698 431/1714/1697 1777/180/156
f 441/189/162 434/178/154 1777/186/156 433/2091/158
f 433/2091/158 432/193/157 441/189/162
f 432/181/157 1207/1709/1692 2204/1711/1694 1778/2092/164
f 429/179/155 435/190/163 436/865/897
f 438/198/170 1778/2092/164 2204/1711/1694 437/1712/1695
f 447/194/166 441/189/162 1778/191/164 438/2093/170
f 437/1712/1695 1210/1708/1691 438/198/170
f 1778/2092/164 440/2094/165 432/181/157
f 438/2093/170 439/200/169 447/194/166
f 438/198/170 1210/1708/1691 443/1707/1690 1779/196/168
f 435/190/163 442/195/167 436/865/897
f 1779/196/168 445/205/175 446/204/174
f 445/205/175 1779/196/168 443/1707/1690 444/1706/1689
f 454/201/171 447/194/166 1779/199/168 446/208/174
f 444/1706/1689 1213/2095/2073 445/205/175
f 445/205/175 1213/2095/2073 449/1703/1686 1780/203/173
f 442/195/167 448/202/172 436/865/897
f 451/213/181 1781/2096/176 450/1702/1685 1216/215/183
f 449/1703/1686 1781/2096/176 1780/203/173
f 449/1703/1686 450/1702/1685 1781/2096/176
f 452/212/180 453/2097/2074 1781/2096/176 451/213/181
f 461/209/177 454/201/171 1781/206/176 453/2098/2074
f 453/2098/2074 452/219/180 461/209/177
f 451/213/181 457/214/182 458/1699/1682 1782/211/179
f 448/202/172 455/210/178 456/866/898
f 459/216/184 1782/211/179 458/1699/1682 1219/2099/2075
f 468/220/186 461/209/177 1782/218/179 460/2100/185
f 460/2100/185 459/224/184 468/220/186
f 459/216/184 1219/2099/2075 463/1697/1680 1783/2101/188
f 455/210/178 462/221/187 456/866/898
f 1784/2102/2076 1783/2101/188 463/1697/1680 464/1696/1679
f 465/229/194 1784/2102/2076 464/1696/1679 1222/231/196
f 474/225/190 468/220/186 1783/222/188 1784/2103/2076
f 1784/2102/2076 465/229/194 466/228/193
f 1783/2101/188 467/2104/189 459/216/184
f 1784/2103/2076 466/235/193 474/225/190
f 465/229/194 470/230/195 471/1693/1676 1785/227/192
f 462/221/187 469/226/191 456/866/898
f 472/232/197 1785/227/192 471/1693/1676 131/1694/1677
f 481/236/199 474/225/190 1785/234/192 473/2105/198
f 473/2105/198 472/240/197 481/236/199
f 472/232/197 131/1694/1677 476/1689/1672 1786/2106/201
f 469/226/191 475/237/200 1984/867/899
f 1786/2106/201 478/248/210 479/247/209
f 478/248/210 1786/2106/201 476/1689/1672 477/1688/1671
f 488/241/203 481/236/199 1786/238/201 479/251/209
f 477/1688/1671 1227/2107/2077 478/248/210
f 1786/2106/201 480/2108/202 472/232/197
f 478/248/210 1227/2107/2077 483/1670/1653 1787/246/208
f 475/237/200 482/242/204 1984/867/899
f 1787/246/208 483/1670/1653 484/1673/1656 1788/243/205
f 486/244/206 1788/243/205 485/1672/1655 1246/1655/1638
f 484/1673/1656 485/1672/1655 1788/243/205
f 496/252/211 488/241/203 1788/249/205 487/2109/207
f 487/2109/207 486/258/206 496/252/211
f 486/244/206 1246/1655/1638 490/255/214 1789/254/213
f 493/266/223 1789/254/213 491/253/212 492/1658/1641
f 503/259/216 496/252/211 1789/256/213 493/2110/223
f 492/1658/1641 1258/1625/1608 493/266/223
f 1789/254/213 495/2111/215 486/244/206
f 493/2110/223 494/268/222 503/259/216
f 493/266/223 1258/1625/1608 498/264/221 1790/263/220
f 1790/263/220 501/273/228 502/272/227
f 501/273/228 1790/263/220 499/262/219 500/1629/1612
f 511/269/224 503/259/216 1790/267/220 502/276/227
f 500/1629/1612 1278/1628/1611 501/273/228
f 501/273/228 1278/1628/1611 505/1609/1592 1791/271/226
f 497/260/217 504/270/225 513/868/900
f 1791/271/226 505/1609/1592 506/1611/1594 1792/2112/229
f 508/281/234 1792/2112/229 507/2113/2078 1282/283/236
f 506/1611/1594 507/2113/2078 1792/2112/229
f 509/280/233 510/2114/2079 1792/2112/229 508/281/234
f 518/277/230 511/269/224 1792/274/229 510/2115/2079
f 510/2115/2079 509/287/233 518/277/230
f 508/281/234 514/282/235 515/1605/1588 1793/279/232
f 504/270/225 512/278/231 513/868/900
f 516/284/237 1793/279/232 515/1605/1588 1285/2116/2080
f 525/288/239 518/277/230 1793/286/232 517/2117/238
f 517/2117/238 516/292/237 525/288/239
f 516/284/237 1285/2116/2080 520/1603/1586 1794/2118/241
f 512/278/231 519/289/240 513/868/900
f 1795/2119/2081 1794/2118/241 520/1603/1586 521/1602/1585
f 522/297/247 1795/2119/2081 521/1602/1585 1288/299/249
f 531/293/243 525/288/239 1794/290/241 1795/2120/2081
f 1795/2119/2081 522/297/247 523/296/246
f 1794/2118/241 524/2121/242 516/284/237
f 1795/2120/2081 523/303/246 531/293/243
f 522/297/247 527/298/248 528/1599/1582 1796/295/245
f 519/289/240 526/294/244 513/868/900
f 529/300/250 1796/295/245 528/1599/1582 152/1600/1583
f 538/304/252 531/293/243 1796/302/245 530/2122/251
f 530/2122/251 529/307/250 538/304/252
f 529/300/250 152/1600/1583 533/1596/1579 1797/2123/253
f 1797/2123/253 535/316/263 536/315/262
f 535/316/263 1797/2123/253 533/1596/1579 534/1595/1578
f 544/308/255 538/304/252 1797/305/253 536/319/262
f 534/1595/1578 1293/2124/2082 535/316/263
f 1797/2123/253 537/2125/254 529/300/250
f 535/316/263 1293/2124/2082 540/1593/1576 1798/314/261
f 542/312/259 1799/311/258 541/1592/1575 19/2126/2083
f 540/1593/1576 1799/311/258 1798/314/261
f 540/1593/1576 541/1592/1575 1799/311/258
f 549/320/264 544/308/255 1799/317/258 543/2127/260
f 543/2127/260 542/328/259 549/320/264
f 542/312/259 19/2126/2083 546/324/268 1800/323/267
f 539/309/256 545/321/265 1985/862/894
f 345/71/70 549/320/264 1800/326/267 339/2128/69
f 547/322/266 18/1763/1745 339/325/69
f 1800/323/267 548/2129/269 542/312/259
f 339/2128/69 344/72/68 345/71/70
f 1803/332/2084 1802/335/2085 551/2130/1100 552/2131/2086
f 545/321/265 17/74/72 1985/862/894
f 551/2130/1100 1801/329/270 550/331/272
f 551/2130/1100 1802/335/2085 1801/329/270
f 553/333/2087 1803/332/2084 552/2131/2086 938/2132/1114
f 21/345/289 22/330/2088 1801/329/278 933/336/277
f 1802/335/276 1803/332/273 554/334/275
f 1806/339/281 1805/343/2089 556/2133/1117 935/338/280
f 554/334/275 553/333/274 20/606/612
f 1802/335/276 2016/337/279 933/336/277
f 556/2133/1117 1804/340/282 555/342/284
f 556/2133/1117 1805/343/2089 1804/340/282
f 23/1092/1121 24/341/2090 1804/340/287 1807/344/286
f 1806/339/281 550/331/272 22/330/271
f 1805/343/285 1806/339/288 557/346/290
f 25/362/307 27/357/2091 1809/351/2092 1812/1101/1128
f 1806/339/288 22/330/2088 21/345/289
f 1805/343/285 1808/347/291 1807/344/286
f 558/348/292 1811/350/294 1809/351/295
f 26/352/296 1809/351/295 27/357/301
f 558/348/292 559/353/297 1810/349/293
f 1810/349/293 555/342/284 24/341/283
f 1812/1101/1128 1809/351/2092 1811/350/2093 1813/1099/1126
f 1814/2134/2094 1813/1099/1126 1811/350/2093 1810/349/2095
f 23/1092/1121 1814/2134/2094 1810/349/2095 24/341/2090
f 565/365/312 1816/356/2096 1817/358/306 564/363/308
f 1816/356/300 562/355/299 1817/358/302
f 561/354/298 1815/359/303 560/361/305
f 561/354/298 1816/356/300 1815/359/303
f 562/355/299 26/352/296 27/357/301
f 1817/358/306 27/357/2091 25/362/307
f 28/364/310 569/377/327 1820/374/2097 563/360/311
f 1816/356/2096 565/365/312 1815/359/309
f 1815/359/309 1818/366/313 28/364/310
f 565/365/312 564/363/308 944/367/314
f 567/373/320 1819/368/315 566/370/317
f 1820/374/321 560/361/305 563/360/304
f 566/370/317 1821/369/316 568/371/318
f 1821/369/324 571/375/323 568/371/326
f 569/377/327 570/2135/2098 1819/368/322 1820/374/2097
f 949/387/340 575/1125/1147 1824/381/336 1823/380/339
f 1819/368/322 570/2135/2098 571/375/323
f 570/2135/2098 569/377/327 947/378/328
f 573/379/329 1824/381/331 1822/382/332
f 950/383/333 1822/382/332 572/385/335
f 573/379/329 574/372/319 1823/380/330
f 1824/381/336 575/1125/1147 1825/386/337
f 30/1124/1146 31/384/2099 1822/382/338 1825/386/337
f 1826/2136/2100 33/2137/1157 576/388/341 1827/390/343
f 949/387/340 568/371/326 29/376/325
f 33/2137/1157 1826/2136/2100 34/393/348
f 1829/391/344 1826/2136/2101 1827/390/2102 1830/1129/1151
f 1828/389/342 572/385/335 31/384/334
f 1826/2136/2101 1829/391/344 34/393/346
f 1831/2138/2103 1830/1129/1151 1827/390/2102 1828/389/2104
f 30/1124/1146 1831/2138/2103 1828/389/2104 31/384/2099
f 1832/397/2105 36/2139/1166 577/394/347 1833/400/2106
f 1833/400/2106 577/394/347 1834/395/349
f 36/2139/1166 1832/397/2105 578/399/360
f 1835/1136/1158 1832/397/352 1833/400/355 1836/401/356
f 577/394/347 33/2137/1157 34/393/348
f 1833/400/355 1834/395/350 954/396/351
f 1832/397/352 1835/1136/1158 35/398/353
f 37/418/377 38/407/2107 1837/406/2108 1840/1150/1169
f 954/396/351 34/393/346 32/392/345
f 1838/404/359 581/403/358 1839/405/361
f 580/402/357 1837/406/362 579/408/364
f 580/402/357 1838/404/359 1837/406/362
f 581/403/358 36/2139/1166 578/399/360
f 1838/404/367 1839/405/365 582/409/366
f 1840/1150/1169 1837/406/2108 1838/404/367 1841/410/368
f 1844/412/370 1843/416/2109 584/2140/1173 957/411/369
f 582/409/366 578/399/354 35/398/353
f 584/2140/1173 1842/413/371 583/415/373
f 584/2140/1173 1843/416/2109 1842/413/371
f 1845/420/379 1842/413/2110 1843/416/374 1846/417/376
f 1844/412/370 579/408/364 38/407/363
f 1846/417/376 1844/412/375 959/419/378
f 1842/413/2110 1845/420/379 585/414/381
f 39/421/380 961/1160/2111 1848/423/2112 585/414/381
f 1844/412/375 38/407/2107 37/418/377
f 586/422/382 1849/424/384 1847/425/385
f 41/426/386 1847/425/385 588/430/396
f 586/422/382 587/427/387 1848/423/383
f 1848/423/383 583/415/373 585/414/372
f 961/1160/2111 590/1167/1181 1849/424/388 1848/423/2112
f 40/429/391 596/2141/2113 1852/434/2114 588/430/392
f 1849/424/388 590/1167/1181 589/428/389
f 588/430/392 1847/425/390 589/428/389
f 1851/433/395 593/432/394 1852/434/397
f 592/431/393 1850/435/398 591/437/400
f 592/431/393 1851/433/395 1850/435/398
f 593/432/394 41/426/386 588/430/396
f 597/2142/2115 1851/433/2116 1852/434/2114 596/2141/2113
f 595/2143/2117 1850/435/2118 1851/433/2116 597/2142/2115
f 42/2144/2119 594/436/2120 1850/435/2118 595/2143/2117
f 42/2144/2119 601/1186/1193 1854/444/2121 594/436/2120
f 599/443/406 1853/438/401 598/440/403
f 1854/444/407 591/437/400 594/436/399
f 598/440/403 1855/439/402 600/441/404
f 601/1186/1193 602/2145/2122 1853/438/2123 1854/444/2121
f 603/1187/1194 1855/439/2124 1853/438/2123 602/2145/2122
f 43/1188/1195 600/441/419 1855/439/2124 603/1187/1194
f 968/453/420 607/1199/1204 1858/447/415 1857/446/418
f 605/445/408 1858/447/410 1856/448/411
f 969/449/412 1856/448/411 604/451/414
f 605/445/408 606/442/405 1857/446/409
f 1858/447/415 607/1199/1204 1859/452/416
f 44/1198/1203 45/450/2125 1856/448/417 1859/452/416
f 1860/459/2126 47/2146/1213 608/454/421 1861/456/423
f 968/453/420 600/441/419 43/1188/1195
f 47/2146/1213 1860/459/2126 48/461/430
f 1864/2147/2127 1863/457/424 1861/456/2128 1862/455/2129
f 1862/455/422 604/451/414 45/450/413
f 1861/456/2128 1863/457/424 1860/459/426
f 44/1198/1203 1864/2147/2127 1862/455/2129 45/450/2125
f 1865/466/2130 50/2148/1220 610/462/429 1866/464/2131
f 1860/459/426 609/458/425 48/461/428
f 1866/464/2131 610/462/429 1867/463/431
f 50/2148/1220 1865/466/2130 611/469/443
f 51/488/462 52/476/2132 1870/475/2133 1873/1219/1222
f 610/462/429 47/2146/1213 48/461/430
f 1865/466/434 1868/465/433 611/469/438
f 1866/464/432 1867/463/435 973/467/436
f 1866/464/432 1869/470/439 1868/465/433
f 973/467/436 48/461/428 46/460/427
f 1871/473/442 614/472/441 1872/474/444
f 613/471/440 1870/475/445 612/477/447
f 613/471/440 1871/473/442 1870/475/445
f 614/472/441 50/2148/1220 611/469/443
f 1871/473/450 1872/474/448 615/478/449
f 1873/1219/1222 1870/475/2133 1871/473/450 1874/479/451
f 1878/490/464 1877/481/2134 1875/480/459 1879/487/461
f 615/478/449 611/469/438 49/468/437
f 617/485/457 1875/480/452 616/482/454
f 1876/486/458 612/477/447 52/476/446
f 616/482/454 1877/481/453 618/483/455
f 1877/481/2134 1878/490/464 618/483/466
f 1880/495/2135 55/2149/1237 619/2150/2136 1881/493/2137
f 1876/486/460 52/476/2132 51/488/462
f 1879/487/461 1876/486/460 978/489/463
f 55/2149/1237 1880/495/2135 56/499/474
f 1882/492/467 1881/493/2137 619/2150/2136 620/484/456
f 54/505/482 56/499/2138 1880/495/470 1883/494/469
f 53/491/465 980/2151/2139 1882/492/2140 618/483/466
f 980/2151/2139 621/1228/1230 1881/493/468 1882/492/2140
f 57/507/485 630/1248/1243 1890/515/2141 625/502/486
f 1881/493/468 621/1228/1230 1883/494/469
f 1885/498/473 624/497/472 1886/500/475
f 623/496/471 1884/501/476 622/503/478
f 623/496/471 1885/498/473 1884/501/476
f 624/497/472 55/2149/1237 56/499/474
f 1885/498/481 1887/504/480 1884/501/484
f 1886/500/479 56/499/2138 54/505/482
f 1886/500/479 626/506/483 1887/504/480
f 1884/501/484 1888/508/487 57/507/485
f 628/514/493 1889/509/488 627/511/490
f 1890/515/494 622/503/478 625/502/477
f 627/511/490 1891/510/489 629/512/491
f 1891/510/497 632/516/496 629/512/499
f 630/1248/1243 631/2152/2142 1889/509/495 1890/515/2141
f 987/526/511 636/1256/1249 1894/520/507 1893/519/510
f 1889/509/495 631/2152/2142 632/516/496
f 634/518/500 1894/520/502 1892/521/503
f 988/522/504 1892/521/503 633/524/506
f 634/518/500 635/513/492 1893/519/501
f 1894/520/507 636/1256/1249 1895/525/508
f 1896/2153/2143 62/2154/1254 637/528/514 1897/530/516
f 1892/521/509 1895/525/508 60/523/513
f 987/526/511 629/512/499 58/517/498
f 62/2154/1254 1896/2153/2143 63/533/521
f 61/1265/1258 63/533/524 1896/2153/2144 1899/1263/1256
f 1898/529/515 633/524/506 60/523/505
f 1899/1263/1256 1896/2153/2144 1897/530/519 1900/531/518
f 59/527/512 990/2155/2145 1898/529/517 60/523/513
f 1900/531/518 1898/529/517 990/2155/2145
f 1901/538/2146 65/2156/1270 638/532/520 1902/2157/2147
f 1902/2157/2147 638/532/520 1903/534/522
f 65/2156/1270 1901/538/2146 641/540/534
f 639/535/525 640/536/526 1902/2157/2148 1903/534/523
f 638/532/520 62/2154/1254 63/533/521
f 1902/2157/2148 640/536/526 1901/538/528
f 66/557/551 67/546/2149 1904/545/2150 1907/1281/1272
f 1901/538/528 994/537/527 641/540/530
f 639/535/525 63/533/524 61/1265/1258
f 1905/543/533 644/542/532 1906/544/535
f 643/541/531 1904/545/536 642/547/538
f 643/541/531 1905/543/533 1904/545/536
f 644/542/532 65/2156/1270 641/540/534
f 1907/1281/1272 1904/545/2150 1905/543/539 1908/548/541
f 1911/551/544 1910/555/2151 647/2158/1275 995/550/543
f 1906/544/540 641/540/530 64/539/529
f 1908/548/541 1906/544/540 645/549/542
f 647/2158/1275 1909/552/545 646/554/547
f 647/2158/1275 1910/555/2151 1909/552/545
f 1912/559/553 1909/552/2152 1910/555/548 1913/556/550
f 1911/551/544 642/547/538 67/546/537
f 1913/556/550 1911/551/549 649/558/552
f 1909/552/2152 1912/559/553 648/553/555
f 68/560/554 998/2159/2153 1915/562/2154 648/553/555
f 1911/551/549 67/546/2149 66/557/551
f 650/561/556 1916/563/558 1914/564/559
f 70/565/560 1914/564/559 652/569/570
f 650/561/556 651/566/561 1915/562/557
f 1915/562/557 646/554/547 648/553/546
f 998/2159/2153 654/1294/1282 1916/563/562 1915/562/2154
f 69/568/565 660/2160/2155 1919/573/2156 652/569/566
f 1916/563/562 654/1294/1282 653/567/563
f 652/569/566 1914/564/564 653/567/563
f 1918/572/569 657/571/568 1919/573/571
f 656/570/567 1917/574/572 655/576/574
f 656/570/567 1918/572/569 1917/574/572
f 657/571/568 70/565/560 652/569/570
f 661/1302/1288 1918/572/2157 1919/573/2156 660/2160/2155
f 659/1304/1290 1917/574/2158 1918/572/2157 661/1302/1288
f 1004/1317/1300 658/575/2159 1917/574/2158 659/1304/1290
f 1004/1317/1300 665/1316/1299 1921/583/2160 658/575/2159
f 663/582/580 1920/577/575 662/579/577
f 1921/583/581 655/576/574 658/575/573
f 662/579/577 1922/578/576 664/580/578
f 665/1316/1299 666/1313/1296 1920/577/2161 1921/583/2160
f 667/1315/1298 1922/578/2162 1920/577/2161 666/1313/1296
f 71/2161/2163 664/580/591 1922/578/2162 667/1315/1298
f 672/1326/1307 1923/587/587 1925/586/593 671/592/594
f 668/584/582 1925/586/584 1923/587/585
f 73/588/586 1923/587/585 74/590/2164
f 668/584/582 669/581/579 1924/585/583
f 1925/586/593 1924/585/590 670/591/592
f 670/591/592 664/580/591 71/2161/2163
f 1926/597/2165 673/2162/1113 674/593/595 1927/595/597
f 1923/587/587 672/1326/1307 72/589/588
f 673/2162/1113 1926/597/2165 76/600/607
f 74/590/2164 1928/594/596 674/593/595 73/588/586
f 1930/605/2166 938/2132/1114 676/602/606 1931/607/2167
f 1928/594/601 74/590/589 72/589/588
f 1927/595/598 1928/594/601 1008/598/602
f 1926/597/600 675/596/599 76/600/604
f 1927/595/598 1929/601/605 675/596/599
f 1931/607/2167 676/602/606 1932/603/608
f 938/2132/1114 1930/605/2166 553/333/2087
f 1933/1073/1104 1930/605/611 1931/607/613 1934/608/614
f 676/602/606 673/2162/1113 76/600/607
f 1931/607/613 1932/603/609 939/604/610
f 1930/605/611 1933/1073/1104 20/606/612
f 683/1588/1571 2117/1589/1572 1936/617/623 681/614/620
f 939/604/610 76/600/604 75/599/603
f 679/612/618 77/856/888 680/613/619
f 678/615/621 679/612/618 681/614/620
f 678/615/621 1935/616/622 677/609/615
f 677/609/615 1935/616/622 682/610/616
f 1936/617/623 2117/1589/1572 684/618/624
f 693/627/634 688/620/633 1937/625/2168 692/1581/1564
f 1935/616/622 1936/617/623 682/610/616
f 681/614/620 680/613/619 683/1588/1571
f 685/621/627 688/620/626 79/623/629
f 686/619/625 1937/625/631 688/620/626
f 687/624/630 78/611/617 682/610/616
f 1937/625/631 687/624/630 689/626/632
f 691/2163/2169 692/1581/1564 1937/625/2168 689/626/2170
f 684/618/624 691/2163/2169 689/626/2170 682/610/616
f 703/636/645 699/629/644 697/632/2171 702/1578/1561
f 694/630/638 699/629/637 80/634/642
f 695/628/636 697/632/640 699/629/637
f 696/631/639 79/623/629 690/622/628
f 697/632/640 696/631/639 698/635/643
f 701/1579/1562 702/1578/1561 697/632/2171 698/635/2172
f 693/627/634 701/1579/1562 698/635/2172 690/622/635
f 709/646/656 82/2164/2173 704/641/651 1938/640/650
f 705/637/647 708/639/649 1938/640/650
f 708/639/649 706/638/648 707/642/652
f 712/1576/1559 1938/640/2174 708/639/2175 711/1573/1556
f 706/638/648 80/634/642 700/633/641
f 710/1574/1557 711/1573/1556 708/639/2175 707/642/2176
f 703/636/645 710/1574/1557 707/642/2176 700/633/646
f 81/1577/1560 709/646/2177 1938/640/2174 712/1576/1559
f 1939/648/658 713/1115/1139 714/643/653 1940/645/655
f 713/1115/1139 1939/648/658 84/650/660
f 719/1570/1553 1939/648/2178 1940/645/2179 718/1568/1551
f 715/644/654 82/2164/2173 709/646/656
f 1940/645/655 715/644/654 716/647/657
f 81/1577/1560 718/1568/1551 1940/645/2179 716/647/2180
f 83/1571/1554 717/649/2181 1939/648/2178 719/1570/1553
f 716/647/2180 709/646/2177 81/1577/1560
f 725/662/672 86/2165/2182 720/655/665 1941/654/664
f 721/651/661 724/653/663 720/655/665
f 727/1566/1549 1941/654/2183 724/653/2184 726/1564/1547
f 724/653/663 722/652/662 723/656/666
f 723/656/666 84/650/660 717/649/659
f 83/1571/1554 726/1564/1547 724/653/2184 723/656/2185
f 85/1567/1550 725/662/2186 1941/654/2183 727/1566/1549
f 723/656/2185 717/649/2181 83/1571/1554
f 735/666/677 732/658/676 1942/661/2187 734/1561/1544
f 728/659/669 732/658/668 87/665/675
f 729/657/667 1942/661/671 732/658/668
f 730/660/670 86/2165/2182 725/662/672
f 1942/661/671 730/660/670 731/663/673
f 85/1567/1550 734/1561/1544 1942/661/2187 731/663/2188
f 733/664/674 1943/671/683 738/1138/1161 87/665/675
f 731/663/2188 725/662/2186 85/1567/1550
f 737/670/682 1944/672/684 736/667/679
f 737/670/682 738/1138/1161 1943/671/683
f 740/1559/1542 741/1558/1541 1945/673/685 1943/671/683
f 736/667/679 1944/672/684 739/668/680
f 1945/673/685 741/1558/1541 742/1560/1543
f 735/666/677 740/1559/1542 1943/671/683 733/664/678
f 1944/672/684 1945/673/685 739/668/680
f 88/1556/1539 739/668/680 1945/673/685 742/1560/1543
f 88/1556/1539 2115/1554/1537 1947/681/693 746/678/690
f 745/677/689 89/669/681 739/668/680
f 744/679/691 745/677/689 746/678/690
f 744/679/691 1946/680/692 743/674/686
f 743/674/686 1946/680/692 747/675/687
f 1947/681/693 2115/1554/1537 748/682/694
f 757/691/704 753/689/703 1948/688/2189 756/1551/1534
f 1946/680/692 1947/681/693 747/675/687
f 746/678/690 739/668/680 88/1556/1539
f 751/686/698 90/676/688 747/675/687
f 750/690/702 751/686/698 752/687/699
f 750/690/702 1948/688/700 749/684/696
f 749/684/696 753/689/701 754/685/697
f 755/2166/2190 756/1551/1534 1948/688/2189 752/687/2191
f 748/682/694 755/2166/2190 752/687/2191 747/675/687
f 766/700/715 761/693/714 1949/698/2192 765/1547/1530
f 758/694/708 761/693/707 92/696/710
f 759/692/706 1949/698/712 761/693/707
f 760/697/711 91/683/695 754/685/697
f 1949/698/712 760/697/711 762/699/713
f 764/1548/1531 765/1547/1530 1949/698/2192 762/699/2193
f 757/691/704 764/1548/1531 762/699/2193 754/685/705
f 763/695/709 1951/702/718 769/1178/1188 92/696/710
f 768/701/717 770/703/719 1950/704/720
f 767/705/721 1950/704/720 94/707/723
f 768/701/717 769/1178/1188 1951/702/718
f 774/1545/1528 1950/704/2194 770/703/2195 773/1542/1525
f 772/1543/1526 773/1542/1525 770/703/2195 1951/702/2196
f 766/700/715 772/1543/1526 1951/702/2196 763/695/716
f 93/1546/1529 771/706/2197 1950/704/2194 774/1545/1528
f 779/717/733 96/2167/2198 775/1190/1197 1952/2168/2199
f 776/710/726 777/708/724 778/709/725
f 1952/2168/2199 775/1190/1197 776/710/726 1953/711/727
f 781/1540/1523 1952/2168/2200 1953/711/2201 780/1538/1521
f 778/709/725 94/707/723 771/706/722
f 93/1546/1529 780/1538/1521 1953/711/2201 778/709/2202
f 95/1541/1524 779/717/2203 1952/2168/2200 781/1540/1523
f 778/709/2202 771/706/2197 93/1546/1529
f 787/2169/2204 98/720/736 782/716/732 1954/715/731
f 783/712/728 786/714/730 782/716/732
f 789/1536/1519 1954/715/2205 786/714/2206 788/1534/1517
f 784/713/729 96/2167/2198 779/717/733
f 786/714/730 784/713/729 785/718/734
f 95/1541/1524 788/1534/1517 786/714/2206 785/718/2207
f 97/1537/1520 787/2169/2208 1954/715/2205 789/1536/1519
f 785/718/2207 779/717/2203 95/1541/1524
f 797/1533/1516 794/723/2209 1955/727/2210 796/1531/1514
f 791/722/738 792/719/735 793/721/737
f 790/724/740 794/723/739 100/726/742
f 791/722/738 1955/727/743 794/723/739
f 793/721/737 98/720/736 787/2169/2204
f 97/1537/1520 796/1531/1514 1955/727/2210 793/721/2211
f 99/1528/1511 795/725/2212 794/723/2209 797/1533/1516
f 793/721/2211 787/2169/2208 97/1537/1520
f 99/1528/1511 2113/1530/1513 1958/735/751 1956/732/748
f 800/731/747 100/726/742 795/725/741
f 799/733/749 800/731/747 1956/732/748
f 798/728/744 1957/734/750 801/729/745
f 1958/735/751 2113/1530/1513 802/1526/1509
f 101/1527/1510 801/729/745 1958/735/751 802/1526/1509
f 1957/734/750 1958/735/751 801/729/745
f 1956/732/748 795/725/2212 99/1528/1511
f 101/1527/1510 2112/1521/1504 1960/743/759 806/740/756
f 805/739/755 102/730/746 801/729/745
f 804/741/757 805/739/755 806/740/756
f 803/736/752 1959/742/758 807/737/753
f 1960/743/759 2112/1521/1504 808/744/760
f 817/753/770 812/746/769 1961/751/2213 816/1518/1501
f 1959/742/758 1960/743/759 807/737/753
f 806/740/756 801/729/745 101/1527/1510
f 809/747/763 812/746/762 104/749/765
f 810/745/761 1961/751/767 812/746/762
f 811/750/766 103/738/754 807/737/753
f 1961/751/767 811/750/766 813/752/768
f 815/2170/2214 816/1518/1501 1961/751/2213 813/752/2215
f 808/744/760 815/2170/2214 813/752/2215 807/737/753
f 827/762/781 823/755/780 821/758/2216 826/1515/1498
f 818/756/774 823/755/773 105/760/778
f 819/754/772 821/758/776 823/755/773
f 820/757/775 104/749/765 814/748/764
f 821/758/776 820/757/775 822/761/779
f 825/1516/1499 826/1515/1498 821/758/2216 822/761/2217
f 817/753/770 825/1516/1499 822/761/2217 814/748/771
f 833/772/792 107/2171/2218 828/767/787 1962/766/786
f 829/763/783 832/765/785 1962/766/786
f 832/765/785 830/764/784 831/768/788
f 836/1513/1496 1962/766/2219 832/765/2220 835/1510/1493
f 830/764/784 105/760/778 824/759/777
f 834/1511/1494 835/1510/1493 832/765/2220 831/768/2221
f 827/762/781 834/1511/1494 831/768/2221 824/759/782
f 106/1514/1497 833/772/2222 1962/766/2219 836/1513/1496
f 1963/774/794 837/1250/1245 838/769/789 1964/771/791
f 837/1250/1245 1963/774/794 109/776/796
f 843/1507/1490 1963/774/2223 1964/771/2224 842/1505/1488
f 839/770/790 107/2171/2218 833/772/792
f 1964/771/791 839/770/790 840/773/793
f 106/1514/1497 842/1505/1488 1964/771/2224 840/773/2225
f 108/1508/1491 841/775/2226 1963/774/2223 843/1507/1490
f 840/773/2225 833/772/2222 106/1514/1497
f 849/788/808 111/2172/2227 844/781/801 1965/780/800
f 845/777/797 848/779/799 844/781/801
f 851/1503/1486 1965/780/2228 848/779/2229 850/1501/1484
f 848/779/799 846/778/798 847/782/802
f 847/782/802 109/776/796 841/775/795
f 108/1508/1491 850/1501/1484 848/779/2229 847/782/2230
f 110/1504/1487 849/788/2231 1965/780/2228 851/1503/1486
f 847/782/2230 841/775/2226 108/1508/1491
f 859/792/813 856/784/812 1966/787/2232 858/1498/1481
f 852/785/805 856/784/804 112/791/811
f 853/783/803 1966/787/807 856/784/804
f 854/786/806 111/2172/2227 849/788/808
f 1966/787/807 854/786/806 855/789/809
f 110/1504/1487 858/1498/1481 1966/787/2232 855/789/2233
f 857/790/810 1967/797/819 862/1271/1266 112/791/811
f 855/789/2233 849/788/2231 110/1504/1487
f 861/796/818 862/1271/1266 1967/797/819
f 864/1496/1479 865/1495/1478 1969/799/821 1967/797/819
f 860/793/815 1968/798/820 863/794/816
f 1969/799/821 865/1495/1478 866/1497/1480
f 859/792/813 864/1496/1479 1967/797/819 857/790/814
f 1968/798/820 1969/799/821 863/794/816
f 113/1493/1476 863/794/816 1969/799/821 866/1497/1480
f 871/807/837 115/2173/2234 867/802/824 1970/801/823
f 872/806/829 1970/801/828 1971/805/2235 2111/1491/1474
f 869/803/825 114/795/817 863/794/816
f 868/800/822 869/803/825 870/804/826
f 868/800/822 1971/805/827 1970/801/823
f 113/1493/1476 2111/1491/1474 1971/805/2235 870/804/2236
f 881/816/841 877/815/840 1972/813/2237 880/1488/1471
f 870/804/2236 863/794/816 113/1493/1476
f 874/811/834 1972/813/836 873/808/831
f 875/812/835 115/2173/2234 871/807/837
f 1972/813/836 875/812/835 876/814/838
f 873/808/831 877/815/839 878/809/832
f 879/2174/2238 880/1488/1471 1972/813/2237 876/814/2239
f 872/806/829 879/2174/2238 876/814/2239 871/807/830
f 891/825/852 887/818/851 886/824/2240 890/1484/1467
f 882/819/845 887/818/844 117/821/847
f 884/822/848 116/810/833 878/809/832
f 883/817/843 884/822/848 885/823/849
f 883/817/843 886/824/850 887/818/844
f 889/1485/1468 890/1484/1467 886/824/2240 885/823/2241
f 881/816/841 889/1485/1468 885/823/2241 878/809/842
f 900/834/863 1973/833/862 896/828/2242 899/1480/1463
f 893/826/854 896/828/856 892/829/857
f 896/828/856 894/827/855 895/832/860
f 894/827/855 117/821/847 888/820/846
f 892/829/857 1973/833/861 897/830/858
f 898/1481/1464 899/1480/1463 896/828/2242 895/832/2243
f 891/825/852 898/1481/1464 895/832/2243 888/820/853
f 905/2175/2244 120/840/870 901/1318/1301 1974/2176/2245
f 1974/2176/2245 901/1318/1301 902/835/865 1975/837/867
f 908/1478/1461 1974/2176/2246 1975/837/2247 907/1475/1458
f 903/836/866 118/831/859 897/830/858
f 1975/837/867 903/836/866 904/838/868
f 906/1476/1459 907/1475/1458 1975/837/2247 904/838/2248
f 900/834/863 906/1476/1459 904/838/2248 897/830/864
f 119/1479/1462 905/2175/2249 1974/2176/2246 908/1478/1461
f 913/842/872 910/1327/1309 911/839/869 912/841/871
f 914/849/879 122/2177/2250 909/844/874 1976/843/873
f 910/1327/1309 913/842/872 909/844/874
f 916/1473/1456 1976/843/2251 913/842/2252 915/1471/1454
f 912/841/871 120/840/870 905/2175/2244
f 119/1479/1462 915/1471/1454 913/842/2252 912/841/2253
f 121/1474/1457 914/849/2254 1976/843/2251 916/1473/1456
f 912/841/2253 905/2175/2249 119/1479/1462
f 924/854/885 921/846/884 1977/853/2255 923/1468/1451
f 917/847/877 921/846/876 123/852/882
f 919/848/878 122/2177/2250 914/849/879
f 918/845/875 919/848/878 920/850/880
f 918/845/875 1977/853/883 921/846/876
f 121/1474/1457 923/1468/1451 1977/853/2255 920/850/2256
f 922/851/881 1978/858/890 927/2178/1106 123/852/882
f 920/850/2256 914/849/2254 121/1474/1457
f 926/857/889 927/2178/1106 1978/858/890
f 928/1585/1568 929/1584/1567 1980/860/892 1978/858/890
f 925/855/887 1979/859/891 680/613/619
f 1980/860/892 929/1584/1567 930/1586/1569
f 924/854/885 928/1585/1568 1978/858/890 922/851/886
f 1979/859/891 1980/860/892 680/613/619
f 683/1588/1571 680/613/619 1980/860/892 930/1586/1569
f 931/2179/901 1420/880/912 248/1077/1108 185/1076/1107
f 1982/863/895 1981/2180/2257 1986/861/893
f 1983/864/896 1981/2180/2257 1982/863/895
f 436/865/897 1981/2180/2257 1983/864/896
f 456/866/898 1981/2180/2257 436/865/897
f 1984/867/899 1981/2180/2257 456/866/898
f 513/868/900 1981/2180/2257 1984/867/899
f 1985/862/894 1981/2180/2257 513/868/900
f 1986/861/893 1981/2180/2257 1985/862/894
f 371/116/106 1982/863/895 1986/861/893
f 1983/864/896 1982/863/895 396/147/129
f 513/868/900 1984/867/899 489/261/218
f 1985/862/894 513/868/900 532/310/257
f 1423/874/906 931/869/901 1422/871/903
f 1422/871/903 1166/872/904 1424/876/908
f 931/869/901 185/2181/1107 184/870/902
f 184/870/902 936/1070/1101 1166/872/904
f 1421/882/914 932/877/909 1419/879/911
f 932/877/909 12/1065/1097 250/1079/1110
f 932/877/909 250/1079/1110 249/878/910
f 249/878/910 248/1077/1108 1420/880/912
f 187/1085/1115 1418/883/915 1166/872/904 936/1070/1101
f 1420/880/912 931/2179/901 126/2182/905
f 1416/885/917 1170/886/918 1417/888/920
f 1167/875/907 1166/872/904 1418/883/915
f 1987/889/921 2221/1757/1740 1171/887/919 1170/886/918
f 1418/883/915 187/1085/1115 186/884/916
f 186/884/916 941/1090/1118 1170/886/918
f 2221/1757/1740 1987/889/921 1414/891/923
f 1414/891/923 1988/890/922 1415/1758/1741
f 189/1094/1123 1987/889/921 1170/886/918 941/1090/1118
f 188/1093/1122 1988/890/922 1987/889/921 189/1094/1123
f 1174/897/929 1415/1758/1741 1988/890/922 1173/893/925
f 188/1093/1122 1/892/924 1988/890/922
f 194/1110/1137 1409/901/933 1176/896/928 946/2183/2258
f 1413/898/930 1173/893/925 1412/895/927
f 1412/895/927 1176/896/928 1411/900/932
f 1173/893/925 1/892/924 191/1105/1132
f 1173/893/925 191/1105/1132 190/894/926
f 190/894/926 946/2183/2258 1176/896/928
f 1410/903/935 1179/904/936 1408/906/938
f 1177/899/931 1176/896/928 1409/901/933
f 1989/907/939 1406/1748/1731 1180/905/937 1179/904/936
f 1409/901/933 194/1110/1137 193/902/934
f 193/902/934 192/1108/1135 1179/904/936
f 192/1108/1135 196/910/942 1179/904/936
f 1406/1748/1731 1989/907/939 1405/909/941
f 1405/909/941 1181/908/940 1407/912/944
f 1181/908/940 1989/907/939 195/1117/1142 951/1120/1144
f 1989/907/939 196/910/942 195/1117/1142
f 198/1126/1149 1404/913/945 1181/908/940 951/1122/1144
f 1182/911/943 1181/908/940 1404/913/945
f 1990/933/965 1394/1734/1717 1190/931/963 1189/928/960
f 1404/913/945 198/1126/1149 197/914/946
f 197/914/946 2/917/949 1403/916/948
f 1403/916/948 1183/918/950 1184/922/954
f 1401/923/955 1183/918/950 1399/920/952
f 1183/918/950 2/917/949 200/1131/1154
f 1183/918/950 200/1131/1154 199/919/951
f 199/919/951 3/924/956 1400/921/953
f 1400/921/953 1186/925/957 1187/929/961
f 2213/930/962 1186/925/957 1398/927/959
f 1398/927/959 1189/928/960 1397/932/964
f 1186/925/957 3/924/956 202/1142/1164
f 1186/925/957 202/1142/1164 201/926/958
f 201/926/958 958/1148/1167 1189/928/960
f 1394/1734/1717 1990/933/965 1396/935/967
f 1396/935/967 1192/936/968 1395/938/970
f 204/1151/1171 1990/933/965 1189/928/960 958/1148/1167
f 1991/939/971 2210/1729/1712 1193/937/969 1192/936/968
f 1990/933/965 204/1151/1171 203/934/966
f 203/934/966 960/1156/1174 1192/936/968
f 2210/1729/1712 1991/939/971 1392/941/973
f 1392/941/973 1992/940/972 1393/1730/1713
f 206/1162/1178 1991/939/971 1192/936/968 960/1156/1174
f 205/1161/1177 1992/940/972 1991/939/971 206/1162/1178
f 1196/947/979 1393/1730/1713 1992/940/972 1195/943/975
f 205/1161/1177 4/942/974 1992/940/972
f 211/1181/1191 1388/951/983 1198/946/978 965/2184/2259
f 1391/948/980 1195/943/975 1390/945/977
f 1390/945/977 1198/946/978 1389/950/982
f 1195/943/975 4/942/974 208/1174/1186
f 1195/943/975 208/1174/1186 207/944/976
f 207/944/976 965/2184/2259 1198/946/978
f 1387/953/985 1201/954/986 1386/956/988
f 1199/949/981 1198/946/978 1388/951/983
f 1993/957/989 1384/1720/1703 1202/955/987 1201/954/986
f 1388/951/983 211/1181/1191 210/952/984
f 210/952/984 209/1179/1189 1201/954/986
f 209/1179/1189 213/960/992 1201/954/986
f 1384/1720/1703 1993/957/989 1383/959/991
f 1383/959/991 1203/958/990 1385/962/994
f 1203/958/990 1993/957/989 212/1192/1199 970/1195/1201
f 1993/957/989 213/960/992 212/1192/1199
f 215/1200/1206 1382/963/995 1203/958/990 970/1195/1201
f 1381/965/997 1994/966/998 1380/1716/1699
f 1204/961/993 1203/958/990 1382/963/995
f 1206/972/1004 1380/1716/1699 1994/966/998 1205/968/1000
f 1382/963/995 215/1200/1206 214/964/996
f 214/964/996 5/967/999 1994/966/998
f 1995/983/1015 1372/1704/1687 1212/981/1013 1211/978/1010
f 1379/973/1005 1205/968/1000 1377/970/1002
f 1205/968/1000 5/967/999 217/1204/1210
f 1205/968/1000 217/1204/1210 216/969/1001
f 216/969/1001 6/974/1006 1378/971/1003
f 1378/971/1003 1208/975/1007 1209/979/1011
f 2202/980/1012 1208/975/1007 1376/977/1009
f 1376/977/1009 1211/978/1010 1375/982/1014
f 1208/975/1007 6/974/1006 219/1213/1218
f 1208/975/1007 219/1213/1218 218/976/1008
f 218/976/1008 977/2185/2260 1211/978/1010
f 1372/1704/1687 1995/983/1015 1374/985/1017
f 1374/985/1017 1214/986/1018 1373/988/1020
f 222/1222/1226 1995/983/1015 1211/978/1010 977/2185/2260
f 1996/989/1021 2199/1700/1683 1215/987/1019 1214/986/1018
f 1995/983/1015 222/1222/1226 221/984/1016
f 221/984/1016 220/1220/1224 1214/986/1018
f 220/1220/1224 224/993/1025 1214/986/1018
f 2199/1700/1683 1996/989/1021 1370/991/1023
f 1370/991/1023 1217/992/1024 1371/995/1027
f 226/1235/1235 1369/996/1028 1217/992/1024 7/2186/2261
f 1996/989/1021 224/993/1025 223/990/1022
f 223/990/1022 7/2186/2261 1217/992/1024
f 1368/998/1030 1220/999/1031 1367/1001/1033
f 1218/994/1026 1217/992/1024 1369/996/1028
f 229/1243/1241 1366/1002/1034 1220/999/1031 984/2187/2262
f 1369/996/1028 226/1235/1235 225/997/1029
f 225/997/1029 984/2188/2262 1220/999/1031
f 1365/1004/1036 1223/1005/1037 1364/1007/1039
f 1221/1000/1032 1220/999/1031 1366/1002/1034
f 1997/1008/1040 1362/1690/1673 1224/1006/1038 1223/1005/1037
f 1366/1002/1034 229/1243/1241 228/1003/1035
f 228/1003/1035 227/1241/1239 1223/1005/1037
f 227/1241/1239 231/1011/1043 1223/1005/1037
f 1362/1690/1673 1997/1008/1040 1361/1010/1042
f 1361/1010/1042 1998/1009/1041 1363/1691/1674
f 1998/1009/1041 1997/1008/1040 230/1252/1247 989/1012/1044
f 1997/1008/1040 231/1011/1043 230/1252/1247
f 1228/1019/1051 1229/2189/2263 2000/1017/1049 2001/1016/1048
f 1998/1009/1041 1225/1013/1045 1363/1691/1674
f 1999/1015/1047 232/1014/1046 2001/1016/1048
f 1363/1691/1674 1225/1013/1045 2191/2190/2264
f 1225/1013/1045 989/1012/1044 232/1014/1046
f 1229/2189/2263 153/2191/2265 1360/2192/2266 2000/1017/1049
f 2000/1017/1049 1360/2192/2266 1359/2193/2267 1999/1015/1047
f 1999/1015/1047 1359/2193/2267 2191/2190/2264 1225/1013/1045
f 2005/2194/2268 2004/2195/2269 2002/2196/2270 2003/1020/2271
f 233/1266/1260 2005/2194/2272 2003/1020/1052 8/1018/1050
f 2002/2196/2270 1344/2197/2273 153/2191/2265 1229/2189/2263
f 2003/1020/2271 2002/2196/2270 1229/2189/2263 1228/1019/1051
f 9/2198/2274 1247/1023/1055 2005/2194/2272 233/1266/1260
f 8/1018/1050 991/1262/1255 233/1266/1260
f 1247/1023/2275 1248/1024/1056 2004/2195/2269 2005/2194/2268
f 2004/2195/2269 1345/1026/1058 1344/2197/2273 2002/2196/2270
f 1345/1026/1058 2004/2195/2269 1248/1024/1056
f 2006/2199/2276 1248/1024/1056 1247/1023/2275 2007/1022/2277
f 2008/2200/2278 2006/2199/2276 2007/1022/2277 2009/1029/2279
f 2009/1029/1061 2007/1022/1054 235/1021/1053 1259/1027/1059
f 1261/2201/2280 2008/2200/2278 2009/1029/2279 1260/1028/1060
f 9/2198/2274 235/1021/1053 1247/1023/1055
f 235/1021/1053 234/1274/1268 1259/1027/1059
f 234/1274/1268 996/1035/1067 1259/1027/1059
f 159/2202/2281 1331/2203/2282 2008/2200/2278 1261/2201/2280
f 1331/2203/2282 1330/2204/1057 2006/2199/2276 2008/2200/2278
f 1320/2205/2283 159/2202/2281 1261/2201/2280 2010/1032/1064
f 1248/1024/1056 2006/2199/2276 1330/2204/1057
f 2011/1030/1062 236/1033/1065 2012/1031/1063
f 2010/1032/1064 1261/2201/2280 1260/1028/1060 2011/1030/1062
f 2146/2206/2284 1321/2207/2285 2012/1031/1063 1279/1034/1066
f 236/1033/1065 238/1287/1071 1279/1034/1066
f 2146/2206/2284 1279/1034/1066 1280/1607/1590
f 1321/2207/2285 1320/2205/2283 2010/1032/1064 2012/1031/1063
f 237/1292/1281 2014/1037/1069 2013/1036/1068 238/1039/1071
f 1280/1607/1590 2013/1036/1068 1306/1038/1070
f 1306/1038/1070 2014/1037/1069 1307/1608/1591
f 1280/1607/1590 1279/1034/1066 2013/1036/1068
f 1284/1045/1077 1307/1608/1591 2014/1037/1069 1283/1041/1073
f 237/1292/1281 10/1040/1072 2014/1037/1069
f 243/1308/1294 1301/1049/1081 1286/1044/1076 1002/2208/2286
f 1303/1046/1078 1283/1041/1073 1305/1043/1075
f 1305/1043/1075 1286/1044/1076 1304/1048/1080
f 1283/1041/1073 10/1040/1072 240/1299/1287
f 1283/1041/1073 240/1299/1287 239/1042/1074
f 239/1042/1074 1002/2209/2286 1286/1044/1076
f 1302/1051/1083 1289/1052/1084 1300/1054/1086
f 1287/1047/1079 1286/1044/1076 1301/1049/1081
f 2015/1055/1087 1297/1597/1580 1290/1053/1085 1289/1052/1084
f 1301/1049/1081 243/1308/1294 242/1050/1082
f 242/1050/1082 241/1306/1292 1289/1052/1084
f 241/1306/1292 245/1058/1090 1289/1052/1084
f 1297/1597/1580 2015/1055/1087 1299/1057/1089
f 1299/1057/1089 1291/1056/1088 1298/1060/1092
f 1291/1056/1088 2015/1055/1087 244/1321/1304 11/1324/1306
f 2015/1055/1087 245/1058/1090 244/1321/1304
f 247/1328/1310 1296/1061/1093 1291/1056/1088 11/1324/1306
f 1292/1059/1091 1291/1056/1088 1296/1061/1093
f 552/2210/2086 551/1067/1100 2017/1071/1102 937/2211/1109
f 1296/1061/1093 247/1328/1310 246/1062/1094
f 246/1062/1094 12/1065/1097 1295/1064/1096
f 1295/1064/1096 932/877/909 1169/881/913
f 2016/337/279 934/1066/1098 933/336/1099
f 2016/337/279 554/334/275 934/1066/1098
f 934/1066/1098 678/615/621 677/609/615
f 2017/1071/1102 184/870/902 185/2181/1107 937/2211/1109
f 936/1070/1101 184/870/902 2017/1071/1102
f 123/852/882 927/1074/1106 2018/1072/1105 939/604/2287
f 937/2211/1109 938/2212/1114 552/2210/2086
f 2017/1071/1102 551/1067/1100 935/1069/280
f 1933/1073/1104 2018/1072/1103 20/606/612
f 1934/608/614 939/604/610 2018/1072/1103
f 77/856/888 934/1066/1098 2018/1072/1105 925/2213/887
f 2018/1072/1105 926/1075/889 925/2213/887
f 938/1084/1114 248/1077/1108 2019/1080/1111 676/1083/606
f 935/1069/280 556/1087/1117 2020/1086/1116 187/1085/1115
f 248/1077/1108 249/878/910 2019/1080/1111
f 12/1065/1097 940/1081/1112 250/1079/1110
f 940/1081/1112 673/1082/1113 2019/1080/1111
f 933/336/277 942/1091/1120 557/346/290 21/345/289
f 941/1090/1118 186/884/916 2020/1086/1116
f 936/1070/1101 935/1069/280 187/1085/1115
f 2020/1086/1116 556/1087/1117 559/1089/297
f 1808/347/291 557/346/290 942/1091/1120
f 944/367/314 25/362/307 1812/1101/1128 2022/1100/1127
f 686/619/625 933/336/1099 687/624/630
f 942/1091/1119 685/621/627 79/623/629
f 943/1096/1125 188/1093/1122 2021/1095/1124
f 2021/1095/1124 189/1094/1123 559/1089/297
f 941/1090/1118 559/1089/297 189/1094/1123
f 2021/1095/1124 558/1098/292 26/1097/296
f 942/1091/1120 2022/1100/1127 1814/2134/2094 23/1092/1121
f 1813/1099/1126 1814/2134/2094 2022/1100/1127
f 79/623/629 696/631/639 2022/1100/1129 942/1091/1119
f 80/634/642 944/367/1133 2022/1100/1129 694/630/638
f 2022/1100/1129 695/628/636 694/630/638
f 2023/1102/1130 945/1104/1131 946/2183/2258 190/894/926
f 84/650/660 722/652/662 952/1123/1148 949/387/1140
f 1/892/924 943/1096/1125 191/1105/1132
f 943/1096/1125 26/1097/296 2023/1102/1130
f 561/1103/298 2023/1102/1130 562/1106/299
f 944/367/1133 705/637/647 947/378/1134
f 565/365/312 944/367/314 1818/366/313
f 705/637/647 944/367/1133 706/638/648
f 947/378/1134 704/641/651 82/2164/2173
f 2024/1111/1138 194/1110/1137 567/1112/320
f 192/1108/1135 193/902/934 2024/1111/1138
f 946/2183/2258 945/1104/1131 194/1110/1137
f 567/1112/320 945/1104/1131 560/1107/305
f 574/1114/319 2024/1111/1138 566/1113/317
f 192/1108/1135 2024/1111/1138 948/1109/1136
f 947/378/1134 714/643/653 949/387/1140
f 570/2135/2098 947/378/328 571/375/323
f 715/644/654 947/378/1134 82/2164/2173
f 949/387/1140 713/1115/1139 84/650/660
f 195/1117/1142 2026/1116/1141 2025/1118/1143
f 2026/1116/1141 948/1109/1136 574/1114/319
f 196/910/942 948/1109/1136 195/1117/1142
f 2026/1116/1141 573/1121/329 950/1119/333
f 575/1125/1147 949/387/340 952/1123/1145
f 33/1134/1157 953/1133/1156 2027/1127/1150 576/1128/341
f 952/1123/1148 721/651/661 720/655/665
f 952/1123/1148 720/655/665 86/2165/2182
f 2027/1127/1150 953/1133/1156 2/917/949 197/914/946
f 2027/1127/1150 198/1126/1149 576/1128/341
f 954/396/351 32/392/345 1829/391/344 2028/1130/1152
f 951/1122/1144 950/1119/333 198/1126/1149
f 576/1128/341 950/1119/333 572/2214/335
f 952/1123/1145 2028/1130/1152 1831/2138/2103 30/1124/1146
f 1830/1129/1151 1831/2138/2103 2028/1130/1152
f 86/2165/2182 730/660/670 2028/1130/1153 952/1123/1148
f 728/659/669 954/396/2288 2028/1130/1153 729/657/667
f 36/1144/1166 955/1143/1165 2029/1132/1155 577/1135/347
f 954/396/2288 728/659/669 87/665/675
f 2029/1132/1155 955/1143/1165 3/924/956 199/919/951
f 87/665/675 738/1138/1161 956/1137/1160 954/396/2288
f 2/917/949 953/1133/1156 200/1131/1154
f 953/1133/1156 33/1134/1157 2029/1132/1155
f 1836/401/356 954/396/351 956/1137/1159
f 959/419/378 37/418/377 1840/1150/1169 2032/1149/1168
f 956/1137/1160 737/670/682 736/667/679
f 956/1137/1160 736/667/679 89/669/681
f 2030/1139/1162 202/1142/1164 2031/1140/1163
f 958/1148/1167 201/926/958 2030/1139/1162
f 3/924/956 955/1143/1165 202/1142/1164
f 955/1143/1165 36/1144/1166 2031/1140/1163
f 580/1141/357 2031/1140/1163 581/1145/358
f 2030/1139/1162 580/1141/357 957/1147/369
f 956/1137/1159 2032/1149/1168 582/409/366 35/398/353
f 1841/410/368 582/409/366 2032/1149/1168
f 89/669/681 745/677/689 2032/1149/1170 956/1137/1160
f 743/674/686 959/419/2289 2032/1149/1170 744/679/691
f 957/1147/369 584/1153/1173 2033/1152/1172 204/1151/1171
f 959/419/2289 743/674/686 90/676/688
f 961/1160/2111 39/421/380 1845/420/379 2034/1157/1175
f 960/1156/1174 203/934/966 2033/1152/1172
f 958/1148/1167 957/1147/369 204/1151/1171
f 2033/1152/1172 584/1153/1173 587/1155/387
f 2034/1157/2290 750/1158/702 961/1160/1176
f 90/676/688 751/2215/698 2034/1157/2290 959/419/2289
f 1846/417/376 959/419/378 2034/1157/1175
f 963/1177/2291 40/429/391 589/428/389 2036/1168/1182
f 750/1158/702 2034/1157/2290 751/2215/698
f 961/1160/1176 749/1159/696 91/2216/695
f 962/1164/1180 205/1161/1177 2035/1163/1179
f 2035/1163/1179 206/1162/1178 587/1155/387
f 960/1156/1174 587/1155/387 206/1162/1178
f 2035/1163/1179 586/1166/382 41/1165/386
f 2036/1168/1183 961/1160/1176 760/1169/711
f 92/696/710 963/1177/1187 2036/1168/1183 758/2217/708
f 590/1167/1181 961/1160/2111 2036/1168/1182
f 760/1169/711 961/1160/1176 91/2216/695
f 2036/1168/1183 759/1170/706 758/2217/708
f 2037/1171/1184 964/1173/1185 965/2184/2259 207/944/976
f 601/1186/1193 42/2144/2119 595/2143/2117 966/1189/1196
f 4/942/974 962/1164/1180 208/1174/1186
f 962/1164/1180 41/1165/386 2037/1171/1184
f 592/1172/393 2037/1171/1184 593/1175/394
f 966/1189/1196 595/2143/2117 597/2142/2115 963/1177/2291
f 769/1178/1188 768/701/717 966/1189/1196 963/1177/1187
f 597/2142/2115 596/2141/2113 963/1177/2291
f 596/2141/2113 40/429/391 963/1177/2291
f 96/2167/2198 784/713/729 971/1197/1205 968/453/420
f 966/1189/1196 768/701/717 767/705/721
f 966/1189/1196 767/705/721 94/707/723
f 2038/1182/1192 211/1181/1191 599/1183/406
f 209/1179/1189 210/952/984 2038/1182/1192
f 965/2184/2259 964/1173/1185 211/1181/1191
f 599/1183/406 964/1173/1185 591/1176/400
f 606/1185/405 2038/1182/1192 598/1184/403
f 209/1179/1189 2038/1182/1192 967/1180/1190
f 601/1186/1193 776/710/726 968/453/420
f 602/2145/2122 601/1186/1193 603/1187/1194
f 777/708/724 966/1189/1196 94/707/723
f 968/453/420 775/1190/1197 96/2167/2198
f 212/1192/1199 2040/1191/1198 2039/1193/1200
f 2040/1191/1198 967/1180/1190 606/1185/405
f 213/960/992 967/1180/1190 212/1192/1199
f 2040/1191/1198 605/1196/408 969/1194/412
f 607/1199/1204 968/453/420 971/1197/1202
f 47/1207/1213 972/1206/1212 2041/1201/1207 608/1202/421
f 971/1197/1205 783/712/728 782/716/732
f 971/1197/1205 782/716/732 98/720/736
f 2041/1201/1207 972/1206/1212 5/967/999 214/964/996
f 2041/1201/1207 215/1200/1206 608/1202/421
f 973/467/436 46/460/427 609/458/425 2042/1203/1208
f 970/1195/1201 969/1194/412 215/1200/1206
f 608/1202/421 969/1194/412 604/2218/414
f 971/1197/1202 2042/1203/1208 1864/2147/2127 44/1198/1203
f 1863/457/424 1864/2147/2127 2042/1203/1208
f 98/720/736 792/719/735 2042/1203/1209 971/1197/1205
f 790/724/740 973/467/2292 2042/1203/1209 791/722/738
f 50/1215/1220 974/1214/1219 2043/1205/1211 610/1208/429
f 973/467/2292 790/724/740 100/726/742
f 2043/1205/1211 974/1214/1219 6/974/1006 216/969/1001
f 100/726/742 800/731/747 975/1209/1215 973/467/2292
f 5/967/999 972/1206/1212 217/1204/1210
f 972/1206/1212 47/1207/1213 2043/1205/1211
f 1869/470/439 973/467/436 975/1209/1214
f 2044/1210/1216 976/1212/1217 977/2185/2260 218/976/1008
f 975/1209/1215 799/733/749 798/728/744
f 975/1209/1215 798/728/744 102/730/746
f 978/489/463 51/488/462 1873/1219/1222 2045/1218/1221
f 6/974/1006 974/1214/1219 219/1213/1218
f 974/1214/1219 50/1215/1220 2044/1210/1216
f 613/1211/440 2044/1210/1216 614/1216/441
f 975/1209/1214 2045/1218/1221 615/478/449 49/468/437
f 1874/479/451 615/478/449 2045/1218/1221
f 102/730/746 805/739/755 2045/1218/1223 975/1209/1215
f 803/736/752 978/489/2293 2045/1218/1223 804/741/757
f 980/2151/2139 53/491/465 1878/490/464 2047/1227/1228
f 978/489/2293 803/736/752 103/738/754
f 2046/1223/1227 222/1222/1226 617/1224/457
f 220/1220/1224 221/984/1016 2046/1223/1227
f 977/2185/2260 976/1212/1217 222/1222/1226
f 617/1224/457 976/1212/1217 612/1217/447
f 620/1226/456 2046/1223/1227 616/1225/454
f 979/1221/1225 220/1220/1224 2046/1223/1227
f 103/738/754 811/750/766 2047/1227/1229 978/489/2293
f 1879/487/461 978/489/463 2047/1227/1228
f 809/747/763 980/2151/2294 2047/1227/1229 810/745/761
f 55/1237/1237 981/1236/1236 2048/2219/2295 619/2220/2136
f 980/2151/2294 809/747/763 104/749/765
f 620/1226/456 619/2220/2136 2048/2219/2295 979/1221/1225
f 2048/2219/2295 981/1236/1236 7/2186/2261 223/990/1022
f 2048/2219/2295 223/990/1022 224/993/1025 979/1221/1225
f 982/1240/2296 54/505/482 1883/494/469 2049/1229/1231
f 104/749/765 820/1230/775 2049/1229/1232 980/2151/2294
f 621/1228/1230 980/2151/2139 2049/1229/1231
f 105/760/778 982/1240/1238 2049/1229/1232 818/2221/774
f 2049/1229/1232 819/1231/772 818/2221/774
f 2050/1232/1233 983/1234/1234 984/2188/2262 225/997/1029
f 630/1248/1243 57/507/485 1888/508/487 985/1249/1244
f 7/2186/2261 981/1236/1236 226/1235/1235
f 981/1236/1236 55/1237/1237 2050/1232/1233
f 623/1233/471 2050/1232/1233 624/1238/472
f 985/1249/1244 1888/508/487 1887/504/480 982/1240/2296
f 830/764/784 829/763/783 985/1249/1244 982/1240/1238
f 1887/504/480 626/506/483 982/1240/2296
f 626/506/483 54/505/482 982/1240/2296
f 990/2155/2145 59/527/512 1895/525/508 2054/1257/1250
f 985/1249/1244 829/763/783 828/767/787
f 985/1249/1244 828/767/787 107/2171/2218
f 2051/1244/1242 229/1243/1241 628/1245/493
f 227/1241/1239 228/1003/1035 2051/1244/1242
f 984/2187/2262 983/1234/1234 229/1243/1241
f 628/1245/493 983/1234/1234 622/1239/478
f 635/1247/492 2051/1244/1242 627/1246/490
f 227/1241/1239 2051/1244/1242 986/1242/1240
f 630/1248/1243 838/769/789 987/526/511
f 631/2152/2142 630/1248/1243 632/516/496
f 839/770/790 985/1249/1244 107/2171/2218
f 987/526/511 837/1250/1245 109/776/796
f 230/1252/1247 2053/1251/1246 2052/1253/1248
f 2053/1251/1246 986/1242/1240 635/1247/492
f 231/1011/1043 986/1242/1240 230/1252/1247
f 2053/1251/1246 634/1255/500 988/1254/504
f 109/776/796 846/778/798 2054/1257/1251 987/526/511
f 636/1256/1249 987/526/511 2054/1257/1250
f 844/781/801 990/2155/2297 2054/1257/1251 845/777/797
f 2055/1259/1253 991/1262/1255 8/1018/1050 2001/1016/1048
f 990/2155/2297 844/781/801 111/2172/2227
f 2055/1259/1253 637/1260/514 62/1261/1254
f 2055/1259/1253 2056/1258/1252 637/1260/514
f 111/2172/2227 854/786/806 992/1264/1259 990/2155/2297
f 2001/1016/1048 232/1014/1046 2055/1259/1253
f 989/1012/1044 988/1254/504 2056/1258/1252
f 637/1260/514 988/1254/504 633/2222/506
f 1900/531/518 990/2155/2145 992/1264/1257
f 65/1276/1270 993/1268/1262 2057/1267/1261 638/1269/520
f 992/1264/1259 853/783/803 852/785/805
f 992/1264/1259 852/785/805 112/791/811
f 992/1264/1257 2058/1270/1265 639/535/525 61/1265/1258
f 9/2198/2274 233/1266/1260 993/1268/1262
f 991/1262/1255 62/1261/1254 2057/1267/1261
f 640/536/526 639/535/525 2058/1270/1265
f 112/791/811 862/1271/1266 2058/1270/1263 992/1264/1259
f 2060/1275/1269 235/1021/1053 9/2198/2274 993/1268/1262
f 2058/1270/1263 861/796/818 860/793/815
f 234/1274/1268 235/1021/1053 2059/1272/1267
f 235/1021/1053 2060/1275/1269 2059/1272/1267
f 994/537/527 997/1280/1273 645/549/542 64/539/529
f 993/1268/1262 65/1276/1270 2060/1275/1269
f 643/1273/531 2060/1275/1269 644/1277/532
f 234/1274/1268 643/1273/531 995/1279/543
f 1908/548/541 645/549/542 997/1280/1273
f 998/2159/2153 68/560/554 1912/559/553 2063/1288/1277
f 868/800/822 994/537/1264 869/803/825
f 997/1280/1271 867/802/824 115/2173/2234
f 238/1287/1071 236/1033/1065 2061/1284/1276
f 236/1033/1065 2062/1282/1274 2061/1284/1276
f 996/1035/1067 995/1279/543 2062/1282/1274
f 2061/1284/1276 647/1283/1275 651/1286/561
f 997/1280/1273 2063/1288/1277 649/558/552 66/557/551
f 1913/556/550 649/558/552 2063/1288/1277
f 115/2173/2234 875/812/835 2063/1288/1278 997/1280/1271
f 873/808/831 998/2159/2298 2063/1288/1278 874/811/834
f 1000/1305/2299 69/568/565 653/567/563 2065/1295/1283
f 998/2159/2298 873/808/831 116/810/833
f 999/1289/1279 237/1292/1281 2064/1290/1280
f 238/1039/1071 2064/1290/1280 237/1292/1281
f 238/1287/1071 651/1286/561 2064/1290/1280
f 2064/1290/1280 650/1293/556 70/1291/560
f 116/810/833 884/822/848 2065/1295/1284 998/2159/2298
f 654/1294/1282 998/2159/2153 2065/1295/1283
f 882/819/845 1000/1305/1291 2065/1295/1284 883/817/843
f 2066/1296/1285 1001/1298/1286 1002/2209/2286 239/1042/1074
f 1000/1305/1291 882/819/845 117/821/847
f 892/829/857 1003/1303/2300 1000/1305/1291 893/826/854
f 10/1040/1072 999/1289/1279 240/1299/1287
f 999/1289/1279 70/1291/560 2066/1296/1285
f 656/1297/567 2066/1296/1285 657/1300/568
f 661/1302/1288 1000/1305/2299 1003/1303/1289
f 1004/1317/1300 659/1304/1290 1003/1303/1289
f 661/1302/1288 660/2160/2155 1000/1305/2299
f 660/2160/2155 69/568/565 1000/1305/2299
f 1006/1319/1308 71/2161/2163 667/1315/1298 2068/1314/1297
f 1003/1303/2300 892/829/857 118/831/859
f 2067/1309/1295 243/1308/1294 663/1310/580
f 241/1306/1292 242/1050/1082 2067/1309/1295
f 1002/2208/2286 1001/1298/1286 243/1308/1294
f 663/1310/580 1001/1298/1286 655/1301/574
f 669/1312/579 2067/1309/1295 662/1311/577
f 241/1306/1292 2067/1309/1295 1005/1307/1293
f 2068/1314/2301 902/835/865 1006/1319/2302
f 118/831/859 903/836/866 2068/1314/2301 1003/1303/2300
f 666/1313/1296 665/1316/1299 2068/1314/1297
f 1004/1317/1300 1003/1303/1289 2068/1314/1297
f 909/844/874 1008/598/2303 1006/1319/1302 910/1327/1309
f 902/835/865 2068/1314/2301 903/836/866
f 1006/1319/1302 901/1318/1301 120/840/870
f 244/1321/1304 2069/1320/1303 1007/1322/1305
f 2069/1320/1303 1005/1307/1293 669/1312/579
f 245/1058/1090 1005/1307/1293 244/1321/1304
f 2069/1320/1303 668/1325/582 73/1323/586
f 671/592/594 1006/1319/1308 672/1326/1307
f 670/591/592 71/2161/2163 1006/1319/1308
f 673/1082/1113 940/1081/1112 2070/1329/1311 674/2223/595
f 1008/598/2303 909/844/874 122/2177/2250
f 2070/1329/1311 940/1081/1112 12/1065/1097 246/1062/1094
f 2070/1329/1311 247/1328/1310 674/2223/595
f 674/2223/595 247/1328/1310 1007/1322/1305 73/1323/586
f 11/1324/1306 1007/1322/1305 247/1328/1310
f 939/604/610 75/599/603 675/596/599 2071/1330/1312
f 122/2177/2250 919/848/878 2071/1330/1313 1008/598/2303
f 1929/601/605 1008/598/602 2071/1330/1312
f 917/847/877 939/604/2287 2071/1330/1313 918/845/875
f 1011/1344/1327 2073/1336/1319 2072/1332/1315 1010/1335/1318
f 939/604/2287 917/847/877 123/852/882
f 1165/1331/1314 124/1334/1317 2072/1332/1315
f 1043/1338/1321 1044/1347/1330 2072/1332/1315 2073/1336/1319
f 2073/1336/1319 1011/1344/1327 251/1337/1320
f 1011/1344/1327 1010/1335/1318 2074/1341/1324 1013/1342/1325
f 1045/1333/1316 2072/1332/1315 1044/1347/1330
f 1164/1345/1328 2074/1341/1324 1010/1335/1318
f 1164/1345/1328 125/1339/1322 2074/1341/1324
f 253/25/25 1048/1349/1332 1043/1338/1321 252/23/23
f 2074/1341/1324 1012/1340/1323 1013/1342/1325
f 2075/1348/1331 1043/1338/1321 1048/1349/1332
f 2075/1348/1331 1044/1347/1330 1043/1338/1321
f 1163/1346/1329 1045/1333/1316 1044/1347/1330
f 1049/1350/1333 1050/2224/2304 1163/1346/1329 2075/1348/1331
f 1049/1350/1333 1052/1353/1336 1162/1352/1335 1050/2224/2304
f 254/32/32 1051/2225/2305 2076/1351/1334 253/25/25
f 1052/1353/1336 1049/1350/1333 2076/1351/1334
f 2076/1351/1334 1048/1349/1332 253/25/25
f 1055/2226/2306 1056/1572/1555 1161/1575/1558 2077/1355/1338
f 1052/1353/1336 2076/1351/1334 1051/2225/2305
f 1054/2227/2307 1055/2226/2306 2077/1355/1338 1051/2225/2305
f 1161/1575/1558 1053/1354/1337 2077/1355/1338
f 255/38/38 1054/2227/2307 1051/2225/2305 254/32/32
f 2077/1355/1338 1052/1353/1336 1051/2225/2305
f 1057/2228/2308 1058/1357/1340 2078/2229/2309 1054/2227/2307
f 1160/1356/1339 2078/2229/2309 1058/1357/1340
f 1055/2226/2306 2078/2229/2309 1160/1356/1339 1056/1572/1555
f 256/46/46 1057/2228/2308 1054/2227/2307 255/38/38
f 2078/2229/2309 1055/2226/2306 1054/2227/2307
f 1057/2228/2308 2080/2230/2310 2079/1360/1343 1058/1357/1340
f 1159/1359/1342 1059/1358/1341 2079/1360/1343
f 257/50/50 1060/1362/1345 2080/2230/2310 256/46/46
f 2080/2230/2310 1057/2228/2308 256/46/46
f 1060/1362/1345 1061/2231/2311 2079/1360/1343 2080/2230/2310
f 1063/1364/1347 1064/1366/1349 1061/2231/2311 1060/1362/1345
f 1062/1361/1344 2079/1360/1343 1061/2231/2311
f 1158/1365/1348 1061/2231/2311 1064/1366/1349
f 1066/1370/1353 1067/1372/1355 2081/1368/1351 1063/1364/1347
f 1158/1365/1348 1062/1361/1344 1061/2231/2311
f 1157/1371/1354 2081/1368/1351 1067/1372/1355
f 1157/1371/1354 1065/1367/1350 2081/1368/1351
f 1072/1382/1365 1073/2232/2312 2083/1380/1363 2084/1381/1364
f 2081/1368/1351 1064/1366/1349 1063/1364/1347
f 1156/1374/1357 1068/1373/1356 2082/1375/1358
f 2082/1375/1358 1066/1370/1353 1069/1377/1360
f 2082/1375/1358 1067/1372/1355 1066/1370/1353
f 1071/1376/1359 2082/1375/1358 1070/1378/1361
f 2083/1380/1363 1070/1378/1361 2084/1381/1364
f 1155/1379/1362 1071/1376/1359 1070/1378/1361
f 2084/1381/1364 1069/1377/1360 260/59/59
f 2084/1381/1364 260/59/59 261/1/1
f 1073/2232/2312 1074/2233/2313 1155/1379/1362 2083/1380/1363
f 1073/2232/2312 2085/1383/1366 1154/1549/1532 1074/2233/2313
f 13/3/3 1075/1384/1367 1072/1382/1365 261/1/1
f 2085/1383/1366 1072/1382/1365 1075/1384/1367
f 2085/1383/1366 1073/2232/2312 1072/1382/1365
f 1076/1385/1368 1077/2234/2314 1154/1549/1532 2085/1383/1366
f 1076/1385/1368 2086/1387/1370 1153/1544/1527 1077/2234/2314
f 1079/1388/1371 1080/2235/2315 1153/1544/1527 2086/1387/1370
f 2086/1387/1370 1075/1384/1367 1078/1386/1369
f 2086/1387/1370 1076/1385/1368 1075/1384/1367
f 1079/1388/1371 1082/1393/1376 1152/1392/1375 1080/2235/2315
f 263/1390/1373 264/19/19 1084/1396/1379 1081/1391/1374
f 1082/1393/1376 1079/1388/1371 2087/1389/1372
f 2087/1389/1372 1078/1386/1369 262/5/5
f 1082/1393/1376 2087/1389/1372 1081/1391/1374
f 1151/1398/1381 2088/1395/1378 1085/1397/1380
f 1151/1398/1381 1083/1394/1377 2088/1395/1378
f 2088/1395/1378 1082/1393/1376 1081/1391/1374
f 1087/1401/1384 2091/1406/1389 2090/1405/1388 1088/1402/1385
f 1150/1403/1386 2089/1400/1383 1088/1402/1385
f 1150/1403/1386 1086/1399/1382 2089/1400/1383
f 2089/1400/1383 1085/1397/1380 1084/1396/1379
f 1087/1401/1384 1084/1396/1379 264/19/19
f 1087/1401/1384 264/19/19 265/21/21
f 1149/1408/1391 2090/1405/1388 1091/1407/1390
f 1149/1408/1391 1089/1404/1387 2090/1405/1388
f 266/30/30 1090/1411/1394 2091/1406/1389 265/21/21
f 2091/1406/1389 1087/1401/1384 265/21/21
f 1094/1413/1396 1095/2236/2316 1148/1523/1506 2092/1410/1393
f 1091/1407/1390 2091/1406/1389 1090/1411/1394
f 1148/1523/1506 1092/1409/1392 2092/1410/1393
f 2092/1410/1393 1091/1407/1390 1090/1411/1394
f 1093/1412/1395 1090/1411/1394 266/30/30
f 1093/1412/1395 266/30/30 267/36/36
f 1094/1413/1396 2093/1415/1398 1147/1414/1397 1095/2236/2316
f 268/40/40 1096/1418/1401 2094/1417/1400 267/36/36
f 2093/1415/1398 2094/1417/1400 1096/1418/1401
f 2093/1415/1398 1094/1413/1396 2094/1417/1400
f 2094/1417/1400 1093/1412/1395 267/36/36
f 1099/2237/2317 1100/1421/1404 1097/1419/1402 1096/1418/1401
f 1098/1416/1399 2093/1415/1398 1097/1419/1402
f 1146/1420/1403 1097/1419/1402 1100/1421/1404
f 269/48/48 1099/2237/2317 1096/1418/1401 268/40/40
f 1146/1420/1403 1098/1416/1399 1097/1419/1402
f 1103/2238/2318 1104/1509/1492 1145/1512/1495 2095/1423/1406
f 1102/2239/2319 1103/2238/2318 2095/1423/1406 1099/2237/2317
f 1145/1512/1495 1101/1422/1405 2095/1423/1406
f 270/52/52 1102/2239/2319 1099/2237/2317 269/48/48
f 2095/1423/1406 1100/1421/1404 1099/2237/2317
f 1103/2238/2318 2096/1424/1407 1144/1428/1411 1104/1509/1492
f 1144/1428/1411 2096/1424/1407 1105/1426/1409
f 1102/2239/2319 2097/1425/1408 2096/1424/1407 1103/2238/2318
f 272/56/56 1107/1433/1416 2099/1427/1410 271/54/54
f 2097/1425/1408 1102/2239/2319 270/52/52
f 2097/1425/1408 270/52/52 271/54/54
f 1105/1426/1409 2097/1425/1408 2099/1427/1410
f 1143/1430/1413 1106/1429/1412 2098/1431/1414
f 2098/1431/1414 1105/1426/1409 2099/1427/1410
f 1107/1433/1416 1108/2240/2320 2098/1431/1414 2099/1427/1410
f 1110/1435/1418 1111/1437/1420 1108/2240/2320 1107/1433/1416
f 1109/1432/1415 2098/1431/1414 1108/2240/2320
f 1142/1436/1419 1108/2240/2320 1111/1437/1420
f 1113/1441/1424 1114/1443/1426 2100/1439/1422 1110/1435/1418
f 1142/1436/1419 1109/1432/1415 1108/2240/2320
f 1141/1442/1425 2100/1439/1422 1114/1443/1426
f 1141/1442/1425 1112/1438/1421 2100/1439/1422
f 1119/1453/1436 1120/2241/2321 2102/1451/1434 2103/1452/1435
f 2100/1439/1422 1111/1437/1420 1110/1435/1418
f 1140/1445/1428 1115/1444/1427 2101/1446/1429
f 2101/1446/1429 1113/1441/1424 1116/1448/1431
f 2101/1446/1429 1114/1443/1426 1113/1441/1424
f 1118/1447/1430 2101/1446/1429 1117/1449/1432
f 2102/1451/1434 1117/1449/1432 2103/1452/1435
f 1139/1450/1433 1118/1447/1430 1117/1449/1432
f 2103/1452/1435 1116/1448/1431 275/7/7
f 2103/1452/1435 275/7/7 276/9/9
f 1120/2241/2321 1121/2242/2322 1139/1450/1433 2102/1451/1434
f 1120/2241/2321 2104/1454/1437 1138/1486/1469 1121/2242/2322
f 277/13/13 1122/1455/1438 1119/1453/1436 276/9/9
f 2104/1454/1437 1119/1453/1436 1122/1455/1438
f 2104/1454/1437 1120/2241/2321 1119/1453/1436
f 1123/1456/1439 1124/2243/2323 1138/1486/1469 2104/1454/1437
f 1123/1456/1439 2105/2244/2324 1137/1482/1465 1124/2243/2323
f 1125/1458/1441 1126/2245/2325 2105/2244/2324 2106/1457/1440
f 2105/2244/2324 1123/1456/1439 2106/1457/1440
f 2106/1457/1440 1122/1455/1438 277/13/13
f 2106/1457/1440 277/13/13 278/18/18
f 1126/2245/2325 1127/2246/2326 1137/1482/1465 2105/2244/2324
f 1126/2245/2325 2107/1459/1442 1136/1477/1460 1127/2246/2326
f 1125/1458/1441 1128/1460/1443 2107/1459/1442 1126/2245/2325
f 1129/1461/1444 1130/2247/2327 1136/1477/1460 2107/1459/1442
f 1128/1460/1443 1125/1458/1441 278/18/18
f 1128/1460/1443 278/18/18 279/28/28
f 1129/1461/1444 2108/1463/1446 1135/1462/1445 1130/2247/2327
f 1128/1460/1443 2109/2248/2328 2108/1463/1446 1129/1461/1444
f 280/34/34 1131/1467/1450 2109/2248/2328 279/28/28
f 2109/2248/2328 1128/1460/1443 279/28/28
f 1131/1467/1450 1132/1466/1449 2108/1463/1446 2109/2248/2328
f 1130/2247/2327 1041/1472/1455 908/1478/1461 1136/1477/1460
f 1133/1464/1447 2108/1463/1446 1132/1466/1449
f 1012/1340/1323 1131/1467/1450 1013/1342/1325
f 1012/1340/1323 1132/1466/1449 1131/1467/1450
f 1134/1465/1448 1133/1464/1447 1132/1466/1449
f 923/1468/1451 1134/1465/1448 1047/1470/1453
f 923/1468/1451 121/1474/1457 1042/1469/1452
f 1047/1470/1453 1134/1465/1448 125/1339/1322
f 915/1471/1454 1135/1462/1445 916/1473/1456
f 915/1471/1454 119/1479/1462 1041/1472/1455
f 1135/1462/1445 1041/1472/1455 1130/2247/2327
f 907/1475/1458 1136/1477/1460 908/1478/1461
f 906/1476/1459 900/834/863 1040/1483/1466
f 906/1476/1459 1040/1483/1466 1127/2246/2326
f 1136/1477/1460 906/1476/1459 1127/2246/2326
f 1106/1429/1412 1033/1502/1485 843/1507/1490 1144/1428/1411
f 899/1480/1463 1137/1482/1465 1040/1483/1466
f 898/1481/1464 891/825/852 1039/1487/1470
f 898/1481/1464 1039/1487/1470 1124/2243/2323
f 1137/1482/1465 898/1481/1464 1124/2243/2323
f 1040/1483/1466 1137/1482/1465 1127/2246/2326
f 890/1484/1467 1138/1486/1469 1039/1487/1470
f 889/1485/1468 881/816/841 1038/1490/1473
f 889/1485/1468 1038/1490/1473 1121/2242/2322
f 1138/1486/1469 889/1485/1468 1121/2242/2322
f 1039/1487/1470 1138/1486/1469 1124/2243/2323
f 880/1488/1471 1139/1450/1433 1038/1490/1473
f 880/1488/1471 879/2174/2238 1037/1489/1472
f 879/2174/2238 872/806/829 1037/1489/1472
f 1038/1490/1473 1139/1450/1433 1121/2242/2322
f 2111/1491/1474 1140/1445/1428 2110/1492/1475
f 872/806/829 2110/1492/1475 1037/1489/1472
f 2111/1491/1474 1036/1494/1477 1115/1444/1427
f 1140/1445/1428 2111/1491/1474 1115/1444/1427
f 865/1495/1478 1141/1442/1425 1036/1494/1477
f 864/1496/1479 859/792/813 1035/1500/1483
f 864/1496/1479 1035/1500/1483 1112/1438/1421
f 1141/1442/1425 864/1496/1479 1112/1438/1421
f 1036/1494/1477 1141/1442/1425 1115/1444/1427
f 858/1498/1481 1142/1436/1419 1035/1500/1483
f 858/1498/1481 110/1504/1487 1034/1499/1482
f 1035/1500/1483 1142/1436/1419 1112/1438/1421
f 850/1501/1484 1143/1430/1413 851/1503/1486
f 850/1501/1484 108/1508/1491 1033/1502/1485
f 1143/1430/1413 1033/1502/1485 1106/1429/1412
f 842/1505/1488 1144/1428/1411 843/1507/1490
f 842/1505/1488 106/1514/1497 1032/1506/1489
f 1098/1416/1399 1146/1420/1403 825/1516/1499 1030/1520/1503
f 835/1510/1493 1145/1512/1495 836/1513/1496
f 834/1511/1494 827/762/781 1031/1517/1500
f 834/1511/1494 1031/1517/1500 1101/1422/1405
f 1145/1512/1495 834/1511/1494 1101/1422/1405
f 826/1515/1498 1146/1420/1403 1031/1517/1500
f 825/1516/1499 817/753/770 1030/1520/1503
f 1095/2236/2316 1029/1519/1502 2112/1521/1504 1148/1523/1506
f 1031/1517/1500 1146/1420/1403 1101/1422/1405
f 816/1518/1501 1147/1414/1397 1030/1520/1503
f 816/1518/1501 815/2170/2214 1029/1519/1502
f 815/2170/2214 808/744/760 1029/1519/1502
f 1147/1414/1397 1029/1519/1502 1095/2236/2316
f 808/744/760 2112/1521/1504 1029/1519/1502
f 2112/1521/1504 101/1527/1510 1028/1522/1505
f 1148/1523/1506 1028/1522/1505 1092/1409/1392
f 1092/1409/1392 1028/1522/1505 802/1526/1509 1149/1408/1391
f 2113/1530/1513 1149/1408/1391 802/1526/1509
f 2113/1530/1513 1027/1529/1512 1089/1404/1387
f 1149/1408/1391 2113/1530/1513 1089/1404/1387
f 1086/1399/1382 1026/1532/1515 789/1536/1519 1151/1398/1381
f 796/1531/1514 1150/1403/1386 1027/1529/1512
f 796/1531/1514 97/1537/1520 1026/1532/1515
f 1150/1403/1386 1026/1532/1515 1086/1399/1382
f 1027/1529/1512 1150/1403/1386 1089/1404/1387
f 788/1534/1517 1151/1398/1381 789/1536/1519
f 788/1534/1517 95/1541/1524 1025/1535/1518
f 1151/1398/1381 1025/1535/1518 1083/1394/1377
f 1083/1394/1377 1025/1535/1518 781/1540/1523 1152/1392/1375
f 780/1538/1521 1152/1392/1375 781/1540/1523
f 780/1538/1521 93/1546/1529 1024/1539/1522
f 1152/1392/1375 1024/1539/1522 1080/2235/2315
f 1080/2235/2315 1024/1539/1522 774/1545/1528 1153/1544/1527
f 773/1542/1525 1153/1544/1527 774/1545/1528
f 772/1543/1526 766/700/715 1023/1550/1533
f 772/1543/1526 1023/1550/1533 1077/2234/2314
f 1153/1544/1527 772/1543/1526 1077/2234/2314
f 1059/1358/1341 1017/1565/1548 719/1570/1553 1160/1356/1339
f 765/1547/1530 1154/1549/1532 1023/1550/1533
f 764/1548/1531 757/691/704 1022/1553/1536
f 764/1548/1531 1022/1553/1536 1074/2233/2313
f 1154/1549/1532 764/1548/1531 1074/2233/2313
f 1023/1550/1533 1154/1549/1532 1077/2234/2314
f 756/1551/1534 1155/1379/1362 1022/1553/1536
f 756/1551/1534 755/2166/2190 1021/1552/1535
f 755/2166/2190 748/682/694 1021/1552/1535
f 1022/1553/1536 1155/1379/1362 1074/2233/2313
f 2115/1554/1537 1156/1374/1357 2114/1555/1538
f 748/682/694 2114/1555/1538 1021/1552/1535
f 2115/1554/1537 1020/1557/1540 1068/1373/1356
f 1156/1374/1357 2115/1554/1537 1068/1373/1356
f 741/1558/1541 1157/1371/1354 1020/1557/1540
f 740/1559/1542 735/666/677 1019/1563/1546
f 740/1559/1542 1019/1563/1546 1065/1367/1350
f 1157/1371/1354 740/1559/1542 1065/1367/1350
f 1020/1557/1540 1157/1371/1354 1068/1373/1356
f 734/1561/1544 1158/1365/1348 1019/1563/1546
f 734/1561/1544 85/1567/1550 1018/1562/1545
f 1019/1563/1546 1158/1365/1348 1065/1367/1350
f 726/1564/1547 1159/1359/1342 727/1566/1549
f 726/1564/1547 83/1571/1554 1017/1565/1548
f 1159/1359/1342 1017/1565/1548 1059/1358/1341
f 718/1568/1551 1160/1356/1339 719/1570/1553
f 718/1568/1551 81/1577/1560 1016/1569/1552
f 1308/1610/1593 505/1609/1592 1278/1628/1611 1277/1627/1610
f 711/1573/1556 1161/1575/1558 712/1576/1559
f 710/1574/1557 703/636/645 1015/1580/1563
f 710/1574/1557 1015/1580/1563 1053/1354/1337
f 1161/1575/1558 710/1574/1557 1053/1354/1337
f 702/1578/1561 1162/1352/1335 1015/1580/1563
f 701/1579/1562 693/627/634 1014/1583/1566
f 701/1579/1562 1014/1583/1566 1050/2224/2304
f 1162/1352/1335 701/1579/1562 1050/2224/2304
f 1015/1580/1563 1162/1352/1335 1053/1354/1337
f 692/1581/1564 1163/1346/1329 1014/1583/1566
f 692/1581/1564 691/2163/2169 1009/1582/1565
f 691/2163/2169 684/618/624 1009/1582/1565
f 1014/1583/1566 1163/1346/1329 1050/2224/2304
f 929/1584/1567 1164/1345/1328 1046/1587/1570
f 928/1585/1568 924/854/885 1047/1470/1453
f 928/1585/1568 1047/1470/1453 125/1339/1322
f 1164/1345/1328 928/1585/1568 125/1339/1322
f 1046/1587/1570 1164/1345/1328 124/1334/1317
f 2117/1589/1572 1165/1331/1314 2116/1590/1573
f 684/618/624 2116/1590/1573 1009/1582/1565
f 2117/1589/1572 1046/1587/1570 124/1334/1317
f 1165/1331/1314 2117/1589/1572 124/1334/1317
f 1293/2124/2082 1292/1059/1091 540/1593/1576
f 541/1592/1575 1169/881/913 19/2126/2083
f 1294/1063/1095 1295/1064/1096 541/1592/1575
f 540/1593/1576 1296/1061/1093 1294/1063/1095
f 152/1600/1583 1290/1053/1085 533/1596/1579
f 534/1595/1578 1292/1059/1091 1293/2124/2082
f 533/1596/1579 1297/1597/1580 2119/1594/1577
f 1299/1057/1089 1298/1060/1092 534/1595/1578
f 2120/1598/1581 1300/1054/1086 528/1599/1582
f 1288/299/249 1287/1047/1079 527/298/248
f 1300/1054/1086 1290/1053/1085 152/1600/1583
f 527/298/248 1301/1049/1081 2120/1598/1581
f 521/1602/1585 1287/1047/1079 1288/299/249
f 520/1603/1586 1303/1046/1078 2121/1601/1584
f 1285/2116/2080 1284/1045/1077 520/1603/1586
f 1305/1043/1075 1304/1048/1080 521/1602/1585
f 1282/283/236 1281/1613/1596 514/282/235
f 1281/1613/1596 151/1606/1589 514/282/235
f 515/1605/1588 1284/1045/1077 1285/2116/2080
f 514/282/235 1280/1607/1590 2122/1604/1587
f 1306/1038/1070 1307/1608/1591 515/1605/1588
f 151/1606/1589 150/1624/1607 1280/1607/1590
f 507/2113/2078 506/1611/1594 1308/1610/1593 2124/2249/2329
f 1282/283/236 507/2113/2078 2124/2249/2329 1281/1613/1596
f 2125/2250/2330 1308/1610/1593 1277/1627/1610 1276/2251/2331
f 1308/1610/1593 2125/2250/2330 2124/2249/2329
f 2123/2252/2332 2125/2250/2330 1276/2251/2331 1275/2253/2333
f 1309/2254/2334 2123/2252/2332 1275/2253/2333 164/2255/2335
f 1310/2256/2336 2125/2250/2330 2123/2252/2332 1309/2254/2334
f 1311/2257/2337 2124/2249/2329 2125/2250/2330 1310/2256/2336
f 2129/2258/2338 2128/2259/2339 2126/2260/2340 2127/2261/2341
f 2124/2249/2329 1311/2257/2337 1281/1613/1596
f 2126/2260/2340 1309/2254/2334 164/2255/2335 1274/2262/2342
f 2128/2259/2339 2129/2258/2338 1311/2257/2337
f 2127/2261/2341 2126/2260/2340 1274/2262/2342 163/2263/2343
f 2128/2259/2339 1310/2256/2336 1309/2254/2334 2126/2260/2340
f 1310/2256/2336 2128/2259/2339 1311/2257/2337
f 2130/2264/2344 2127/2261/2341 163/2263/2343 1273/2265/2345
f 2130/2264/2344 2131/2266/2346 2132/2267/2347
f 2130/2264/2344 1273/2265/2345 1272/2268/2348 2131/2266/2346
f 2131/2266/2346 1272/2268/2348 162/2269/2349 1312/1620/1603
f 2132/2267/2347 2131/2266/2346 1312/1620/1603 1313/1618/1601
f 2133/1612/1595 1311/2257/2337 2129/2258/2338 2132/2267/2347
f 2132/2267/2347 1313/1618/1601 2133/1612/1595
f 1311/2257/2337 2133/1612/1595 1281/1613/1596
f 2132/2267/2347 2129/2258/2338 2127/2261/2341 2130/2264/2344
f 1313/1618/1601 2134/1619/1602 2135/1616/1599 2136/1615/1598
f 1312/1620/1603 162/2269/2349 1271/2270/2350 2134/1619/1602
f 2134/1619/1602 1271/2270/2350 1270/2271/2351 2135/1616/1599
f 2135/1616/1599 1270/2271/2351 1269/1621/1604 1314/1614/1597
f 1315/2272/2352 2136/1615/1598 1314/1614/1597 1268/1622/1605
f 2133/1612/1595 2137/1617/1600 151/1606/1589
f 1313/1618/1601 2137/1617/1600 2133/1612/1595
f 2137/1617/1600 2136/1615/1598 1315/2272/2352 1316/1623/1606
f 2138/2273/2353 2139/2274/2354 1267/2275/2355 1266/2276/2356
f 2137/1617/1600 150/1624/1607 151/1606/1589
f 1268/1622/1605 2139/2274/2354 1315/2272/2352
f 1315/2272/2352 2139/2274/2354 1316/1623/1606
f 1268/1622/1605 1267/2275/2355 2139/2274/2354
f 1317/2277/2357 2138/2273/2353 1266/2276/2356 161/2278/2358
f 1318/2279/2359 2139/2274/2354 2138/2273/2353 1317/2277/2357
f 1319/2280/2360 1316/1623/1606 2139/2274/2354 1318/2279/2359
f 2142/2281/2361 1318/2279/2359 2140/2282/2362 2141/2283/2363
f 1316/1623/1606 1319/2280/2360 150/1624/1607
f 2140/2282/2362 1317/2277/2357 161/2278/2358 1265/2284/2364
f 1318/2279/2359 2142/2281/2361 1319/2280/2360
f 2141/2283/2363 2140/2282/2362 1265/2284/2364 1264/2285/2365
f 1321/2207/2285 2145/2286/2366 2143/2287/2367 2144/2288/2368
f 1264/2285/2365 160/2289/2369 2141/2283/2363
f 1317/2277/2357 2140/2282/2362 1318/2279/2359
f 2143/2287/2367 2141/2283/2363 160/2289/2369 1263/2290/2370
f 2145/2286/2366 1321/2207/2285 2146/2206/2284
f 2144/2288/2368 2143/2287/2367 1263/2290/2370 1262/2291/2371
f 1320/2205/2283 2144/2288/2368 1262/2291/2371 159/2202/2281
f 1280/1607/1590 150/1624/1607 1319/2280/2360 2146/2206/2284
f 2144/2288/2368 1320/2205/2283 1321/2207/2285
f 2146/2206/2284 1319/2280/2360 2142/2281/2361 2145/2286/2366
f 2145/2286/2366 2142/2281/2361 2141/2283/2363 2143/2287/2367
f 2149/1634/1617 499/262/219 498/264/221 145/1626/1609
f 500/1629/1612 499/262/219 2149/1634/1617 1277/1627/1610
f 1322/2292/2372 2150/2293/2373 1255/1631/1614 144/2294/2374
f 2147/1633/1616 1256/1630/1613 2148/1632/1615
f 2148/1632/1615 1255/1631/1614 2150/2293/2373
f 145/1626/1609 1257/1635/1618 2147/1633/1616
f 164/2255/2335 1275/2253/2333 2150/2293/2373 1322/2292/2372
f 1275/2253/2333 1276/2251/2331 2148/1632/1615 2150/2293/2373
f 1276/2251/2331 1277/1627/1610 2149/1634/1617 2148/1632/1615
f 2151/1638/1621 1253/2295/2375 1252/1643/2376 2152/1636/1619
f 1253/2295/2377 2151/1638/2378 1254/1639/1622
f 2153/2296/2379 1254/1639/1622 2151/1638/2378 2154/1637/2380
f 1270/2271/2351 2154/1637/1620 2152/1636/1619 1269/1621/1604
f 1251/1645/1628 1325/1642/1625 1252/1643/1626
f 1325/1642/1625 1326/1644/1627 2152/1636/1619
f 1271/2270/2350 2153/2296/2379 2154/1637/2380 1270/2271/2351
f 162/2269/2349 1324/2297/2381 2153/2296/2379 1271/2270/2350
f 1324/2297/2381 1323/1640/1623 1254/1639/1622 2153/2296/2379
f 1269/1621/1604 1326/1644/1627 1328/1647/1630 1268/1622/1605
f 1251/1645/1628 142/1651/1634 1327/1646/1629
f 2156/1650/1633 1328/1647/1630 1250/1652/1635 1249/1648/1631
f 1329/2298/2382 2157/2299/2383 2155/1649/1632 141/1654/1637
f 2156/1650/1633 2155/1649/1632 2157/2299/2383
f 1249/1648/1631 2171/1653/1636 2155/1649/1632
f 161/2278/2358 1266/2276/2356 2157/2299/2383 1329/2298/2382
f 1266/2276/2356 1267/2275/2355 2156/1650/1633 2157/2299/2383
f 1267/2275/2355 1268/1622/1605 1328/1647/1630 2156/1650/1633
f 1332/1657/1640 491/253/212 490/255/214 1245/1656/1639
f 1327/1646/1629 1250/1652/1635 1328/1647/1630
f 1258/1625/1608 492/1658/1641 1332/1657/1640 145/1626/1609
f 2161/1659/1642 2159/2300/2384 2160/2301/2385 2162/2302/2386
f 2159/2300/2384 2161/1659/1642 2158/1660/1643
f 2158/1660/1643 1245/1656/1639 1244/2303/2387 2159/2300/2384
f 2159/2300/2384 1244/2303/2387 1243/2304/2388 2160/2301/2385
f 2160/2301/2385 1243/2304/2388 158/2305/2389 1333/2306/2390
f 2162/2302/2386 2160/2301/2385 1333/2306/2390 1334/2307/2391
f 1255/1631/1614 2162/2302/2386 1334/2308/2391 144/2294/2374
f 1256/1630/1613 2161/1659/1642 2162/2302/2386 1255/1631/1614
f 2166/2309/2392 2165/2310/2393 2163/2311/2394 2164/2312/2395
f 2161/1659/1642 1256/1630/1613 1257/1635/1618
f 2158/1660/1643 1257/1635/1618 1332/1657/1640
f 2167/1663/2396 2166/2309/2397 2164/2312/2398 1337/1661/1644
f 2163/2311/2394 1335/2313/2399 156/2314/2400 1239/2315/2401
f 2164/2312/2395 2163/2311/2394 1239/2315/2401 1238/2316/2402
f 1337/1661/1644 2164/2312/2398 1238/2316/2402 1237/1686/1669
f 1251/1645/1628 1252/1643/1626 2167/1663/1646 1339/1665/1648
f 2167/1663/1646 1338/1662/1645 1339/1665/1648
f 1252/1643/2376 1253/2295/2375 2166/2309/2397 2167/1663/2396
f 1253/2295/2377 1254/1639/1622 2165/2310/2393 2166/2309/2392
f 2165/2310/2393 1336/1641/1624 1335/2313/2399 2163/2311/2394
f 1336/1641/1624 2165/2310/2393 1254/1639/1622
f 1340/1666/1649 1337/1661/1644 1237/1686/1669 1236/1685/1668
f 1338/1662/1645 1341/1664/1647 1339/1665/1648
f 1341/1664/1647 142/1651/1634 1251/1645/1628
f 2170/1667/1650 2168/2317/2403 2169/2318/2404 2171/1653/1636
f 2168/2317/2403 2170/1667/1650 1340/1666/1649
f 1340/1666/1649 1236/1685/1668 1235/2319/2405 2168/2317/2403
f 2168/2317/2403 1235/2319/2405 1234/2320/2406 2169/2318/2404
f 2169/2318/2404 1234/2320/2406 155/2321/2407 1342/2322/2408
f 2171/1653/1636 2169/2318/2404 1342/2322/2408 1343/2323/2409
f 1250/1652/1635 1341/1664/1647 2170/1667/1650 1249/1648/1631
f 1343/2323/2409 141/1654/1637 2171/1653/1636
f 1347/1671/1654 484/1673/1656 483/1670/1653 1346/1669/1652
f 1341/1664/1647 1250/1652/1635 142/1651/1634
f 1227/2107/2077 1226/1668/1651 483/1670/1653
f 1246/1655/1638 485/1672/1655 1347/1671/1654 1245/1656/1639
f 2172/2324/2410 1346/1669/1652 1348/2325/2411 1349/2326/2412
f 1346/1669/1652 2172/2324/2410 1347/1671/1654
f 1226/1668/1651 1348/2325/2411 1346/1669/1652
f 2173/2327/2413 2172/2324/2410 1349/2326/2412 1350/2328/2414
f 1243/2304/2388 2173/2327/2413 1350/2328/2414 158/2305/2389
f 1244/2303/2387 2172/2324/2410 2173/2327/2413 1243/2304/2388
f 1245/1656/1639 1347/1671/1654 2172/2324/2410 1244/2303/2387
f 2176/2329/2415 2174/2330/2416 2175/2331/2417 2177/2332/2418
f 1348/2325/2411 2175/2331/2417 2174/2330/2416
f 1242/2333/2419 2176/2329/2415 2177/2332/2418 157/1794/1775
f 158/2305/2389 1350/2328/2414 2176/2329/2415 1242/2333/2419
f 1350/2328/2414 1349/2326/2412 2174/2330/2416 2176/2329/2415
f 1352/1682/1665 2181/2334/2420 2179/2335/2421 1351/1678/1661
f 1348/2325/2411 2174/2330/2416 1349/2326/2412
f 2179/2335/2421 2181/2334/2420 2180/2336/2422
f 1226/1668/1651 2178/1675/1658 1348/2325/2411
f 2178/1675/1658 1351/1678/1661 2179/2335/2421
f 156/2314/2400 1240/2337/2423 2181/2334/2420 1352/1682/1665
f 1240/2337/2423 1241/2338/2424 2180/2336/2422 2181/2334/2420
f 157/1794/1775 2177/2332/2418 2180/2336/2422 1241/2338/2424
f 2177/2332/2418 2175/2331/2417 2179/2335/2421 2180/2336/2422
f 2175/2331/2417 1348/2325/2411 2178/1675/1658 2179/2335/2421
f 2185/1680/1663 2184/1681/1664 1351/1678/1661 2183/1677/1660
f 1237/1686/1669 1238/2316/2402 2185/1680/1663 1353/1679/1662
f 133/1674/1657 2182/1676/1659 2178/1675/1658
f 1238/2316/2402 1239/2315/2401 2184/1681/1664 2185/1680/1663
f 1239/2315/2401 156/2314/2400 1352/1682/1665 2184/1681/1664
f 1355/2339/2425 2183/1677/1660 2182/1676/1659 1354/1684/1667
f 2178/1675/1658 2182/1676/1659 1351/1678/1661
f 133/1674/1657 132/1683/1666 2182/1676/1659
f 1353/1679/1662 2183/1677/1660 1355/2339/2425 1236/1685/1668
f 2186/2340/2426 1354/1684/1667 1356/2341/2427 1357/2342/2428
f 1354/1684/1667 2186/2340/2426 1355/2339/2425
f 1355/2339/2425 2186/2340/2426 1236/1685/1668
f 132/1683/1666 1356/2341/2427 1354/1684/1667
f 2187/2343/2429 2186/2340/2426 1357/2342/2428 1358/2344/2430
f 1234/2320/2406 2187/2343/2429 1358/2344/2430 155/2321/2407
f 1235/2319/2405 2186/2340/2426 2187/2343/2429 1234/2320/2406
f 2189/2345/2431 1357/2342/2428 2188/2346/2432 2190/2347/2433
f 2186/2340/2426 1235/2319/2405 1236/1685/1668
f 1356/2341/2427 2188/2346/2432 1357/2342/2428
f 1233/2348/2434 2189/2345/2431 2190/2347/2433 1232/2349/2435
f 2190/2347/2433 154/2350/1763 1232/2349/2435
f 155/2321/2407 1358/2344/2430 2189/2345/2431 1233/2348/2434
f 2193/2351/2436 2192/2352/2437 1359/2193/2267 2194/2353/2438
f 1357/2342/2428 2189/2345/2431 1358/2344/2430
f 2191/2190/2264 1359/2193/2267 2192/2352/2437
f 1356/2341/2427 132/1683/1666 1363/1691/1674 2191/2190/2264
f 1230/2354/2439 2194/2353/2438 1360/2192/2266 153/2191/2265
f 1359/2193/2267 1360/2192/2266 2194/2353/2438
f 1231/1775/1756 2193/2351/2436 2194/2353/2438 1230/2354/2439
f 154/1782/1763 2190/2347/2433 2193/2351/2436 1231/1775/1756
f 2190/2347/2433 2188/2346/2432 2192/2352/2437 2193/2351/2436
f 2188/2346/2432 1356/2341/2427 2191/2190/2264 2192/2352/2437
f 1376/977/1009 2201/1705/1688 443/1707/1690 2202/980/1012
f 477/1688/1671 1226/1668/1651 1227/2107/2077
f 477/1688/1671 133/1674/1657 1226/1668/1651
f 131/1694/1677 1224/1006/1038 476/1689/1672
f 476/1689/1672 1362/1690/1673 1361/1010/1042
f 1361/1010/1042 1363/1691/1674 477/1688/1671
f 1363/1691/1674 132/1683/1666 133/1674/1657
f 2196/1692/1675 1364/1007/1039 471/1693/1676
f 1222/231/196 1221/1000/1032 470/230/195
f 1364/1007/1039 1224/1006/1038 131/1694/1677
f 470/230/195 1366/1002/1034 1365/1004/1036
f 464/1696/1679 1221/1000/1032 1222/231/196
f 1219/2099/2075 1218/994/1026 463/1697/1680
f 463/1697/1680 1369/996/1028 1368/998/1030
f 1368/998/1030 1367/1001/1033 464/1696/1679
f 458/1699/1682 1218/994/1026 1219/2099/2075
f 457/214/182 2199/1700/1683 2198/1698/1681
f 1216/215/183 1215/987/1019 2199/1700/1683
f 1370/991/1023 1371/995/1027 458/1699/1682
f 1213/2095/2073 1212/981/1013 449/1703/1686
f 449/1703/1686 1372/1704/1687 1374/985/1017
f 450/1702/1685 1215/987/1019 1216/215/183
f 1374/985/1017 1373/988/1020 450/1702/1685
f 444/1706/1689 1212/981/1013 1213/2095/2073
f 1210/1708/1691 1209/979/1011 2202/980/1012
f 1379/973/1005 2203/1710/1693 1207/1709/1692 1206/972/1004
f 1376/977/1009 1375/982/1014 444/1706/1689
f 1377/970/1002 1378/971/1003 437/1712/1695
f 1378/971/1003 1209/979/1011 1210/1708/1691
f 2203/1710/1693 1379/973/1005 1377/970/1002
f 1398/927/959 2212/1735/1718 391/1737/1720 2213/930/962
f 2205/1713/1696 1380/1716/1699 431/1714/1697
f 130/2089/2072 1204/961/993 430/1715/1698
f 1380/1716/1699 1206/972/1004 1207/1709/1692
f 430/1715/1698 1382/963/995 1381/965/997
f 129/1723/1706 1202/955/987 423/1719/1702
f 424/1718/1701 1204/961/993 130/2089/2072
f 423/1719/1702 1384/1720/1703 1383/959/991
f 1383/959/991 1385/962/994 424/1718/1701
f 2207/1721/1704 1386/956/988 418/1722/1705
f 1200/168/147 1199/949/981 417/167/146
f 1386/956/988 1202/955/987 129/1723/1706
f 417/167/146 1388/951/983 1387/953/985
f 2208/1724/1707 1389/950/982 411/1725/1708
f 1389/950/982 1199/949/981 1200/168/147
f 1197/2081/2070 1196/947/979 410/1726/1709
f 410/1726/1709 1391/948/980 1390/945/977
f 405/1728/1711 1196/947/979 1197/2081/2070
f 404/151/133 2210/1729/1712 2209/1727/1710
f 1194/152/134 1193/937/969 2210/1729/1712
f 1392/941/973 1393/1730/1713 405/1728/1711
f 1191/2077/2068 1190/931/963 397/1733/1716
f 397/1733/1716 1394/1734/1717 1396/935/967
f 398/1732/1715 1193/937/969 1194/152/134
f 1396/935/967 1395/938/970 398/1732/1715
f 1188/2075/2067 1187/929/961 391/1737/1720
f 392/1736/1719 1190/931/963 1191/2077/2068
f 1401/923/955 2214/1739/1722 1185/1738/1721 1184/922/954
f 1398/927/959 1397/932/964 392/1736/1719
f 385/1741/1724 1187/929/961 1188/2075/2067
f 1399/920/952 1400/921/953 385/1741/1724
f 2214/1739/1722 1401/923/955 1399/920/952
f 547/322/266 2224/1762/1744 1419/879/911 1420/880/912
f 128/2070/2066 1182/911/943 379/1744/1727
f 380/1743/1726 1184/922/954 1185/1738/1721
f 2216/1742/1725 1403/916/948 380/1743/1726
f 379/1744/1727 1404/913/945 1402/915/947
f 127/1751/1734 1180/905/937 372/1747/1730
f 373/1746/1729 1182/911/943 128/2070/2066
f 372/1747/1730 1406/1748/1731 1405/909/941
f 1405/909/941 1407/912/944 373/1746/1729
f 2218/1749/1732 1408/906/938 367/1750/1733
f 1178/105/98 1177/899/931 366/104/97
f 1408/906/938 1180/905/937 127/1751/1734
f 366/104/97 1409/901/933 2218/1749/1732
f 360/1753/1736 1177/899/931 1178/105/98
f 2219/1752/1735 1411/900/932 360/1753/1736
f 1175/2062/2064 1174/897/929 359/1754/1737
f 359/1754/1737 1413/898/930 1412/895/927
f 354/1756/1739 1174/897/929 1175/2062/2064
f 353/88/84 2221/1757/1740 2220/1755/1738
f 1172/89/85 1171/887/919 2221/1757/1740
f 1414/891/923 1415/1758/1741 354/1756/1739
f 1168/80/78 1167/1761/907 2222/1759/1742
f 347/1760/1743 1171/887/919 1172/89/85
f 1416/885/917 1417/888/920 347/1760/1743
f 2222/1759/1742 1418/883/915 1416/885/917
f 19/2126/2083 1169/881/913 546/324/268
f 1168/80/78 341/64/64 1424/876/908 1167/1761/907
f 1420/880/912 126/2182/905 18/1763/1745
f 546/324/268 1421/882/914 1419/879/911
f 2225/1764/1746 1424/876/908 341/64/64
f 2228/2355/2440 2227/1767/1748 2226/1766/1747 2229/1776/1757
f 340/66/66 1423/874/906 1422/871/903
f 18/1765/1745 126/873/905 1423/874/906
f 1467/1772/1753 1468/2356/2441 2226/1766/1747
f 2229/1776/1757 2226/1766/1747 1468/2356/2441 1469/1774/1755
f 2226/1766/1747 1426/2034/2024 1427/1773/1754 1467/1772/1753
f 1426/2034/2024 2226/1766/1747 1425/1768/1749
f 1230/2357/2439 2228/2355/2440 2229/1776/1757 1231/1775/1756
f 1469/1774/1755 154/1782/1763 1231/1775/1756
f 153/2191/2265 1465/2358/2442 2228/2355/2440 1230/2357/2439
f 1465/2358/2442 1466/1769/1750 2227/1767/1748 2228/2355/2440
f 2233/1781/1762 2232/1778/1759 2231/1777/1758 2234/2359/2443
f 1425/1768/1749 2227/1767/1748 1466/1769/1750
f 2230/1779/1760 1428/1780/1761 1429/2360/2444 2231/1777/1758
f 135/1771/1752 2230/1779/1760 1467/1772/1753
f 2231/1777/1758 1429/2360/2444 136/1828/1809 1470/1830/1811
f 2234/2359/2443 2231/1777/1758 1470/1830/1811 1471/2361/2445
f 1233/2362/2434 2234/2359/2443 1471/2361/2445 155/2321/2407
f 1232/2363/2435 2233/1781/1762 2234/2359/2443 1233/2362/2434
f 1469/1774/1755 1468/2356/2441 2232/1778/1759 2233/1781/1762
f 2233/1781/1762 1232/2363/2435 154/2350/1763
f 1468/2356/2441 1467/1772/1753 2230/1779/1760 2232/1778/1759
f 2237/2364/2446 2235/2365/2447 2236/1785/1766 2238/1784/1765
f 1473/2366/2448 137/2367/2449 1430/2368/2450 2235/2365/2447
f 2235/2365/2447 1430/2368/2450 1431/2369/2451 2236/1785/1766
f 2236/1785/1766 1431/2369/2451 1432/1787/1768 1474/1783/1764
f 1240/2370/2423 2237/2364/2446 2238/1784/1765 1241/2338/2424
f 2238/1784/1765 157/1794/1775 1241/2338/2424
f 1240/2370/2423 156/2314/2400 1472/2371/2452 2237/2364/2446
f 1472/2371/2452 1473/2366/2448 2235/2365/2447 2237/2364/2446
f 2242/1793/1774 2241/1789/1770 2240/1788/1769 2243/2372/2453
f 1474/1783/1764 138/1786/1767 1433/1792/1773 2239/1790/1771
f 2239/1790/1771 1434/1791/1772 1435/2373/2454 2240/1788/1769
f 2240/1788/1769 1435/2373/2454 139/2374/2455 1475/2375/2456
f 2243/2372/2453 2240/1788/1769 1475/2375/2456 1476/2376/2457
f 1242/2377/2419 2243/2372/2453 1476/2376/2457 158/2305/2389
f 157/1794/1775 2242/1793/1774 2243/2372/2453 1242/2377/2419
f 2238/1784/1765 1474/1783/1764 2241/1789/1770 2242/1793/1774
f 2248/1803/1784 2247/2378/2458 2245/1800/1781 2246/1801/1782
f 2239/1790/1771 2241/1789/1770 1474/1783/1764
f 2245/1800/1781 1436/1799/1780 2246/1801/1782
f 2244/1796/1777 2245/1800/1781 2247/2378/2458
f 2245/1800/1781 2244/1796/1777 1438/1795/1776 1437/1798/1779
f 1480/1802/1783 2246/1801/1782 1436/1799/1780 146/1976/1965
f 159/2202/2281 1262/2291/2371 2248/1803/1784 1480/1802/1783
f 1262/2291/2371 1263/2290/2370 2247/2378/2458 2248/1803/1784
f 1263/2290/2370 160/2289/2369 1477/2379/2459 2247/2378/2458
f 2247/2378/2458 1477/2379/2459 1478/1804/1785 2244/1796/1777
f 2252/2380/2460 2251/2381/2461 2249/1808/1789 2250/1806/1787
f 2250/1806/1787 1479/1797/1778 1478/1804/1785
f 1477/2379/2459 2252/2380/2460 2250/1806/1787 1478/1804/1785
f 2249/1808/1789 1483/1807/1788 1454/1950/1938 1440/1949/1937
f 2250/1806/1787 2249/1808/1789 1440/1949/1937 1439/1805/1786
f 160/2289/2369 1264/2285/2365 2252/2380/2460 1477/2379/2459
f 1264/2285/2365 1265/2284/2364 2251/2381/2461 2252/2380/2460
f 1265/2284/2364 161/2278/2358 1481/2382/2462 2251/2381/2461
f 2251/2381/2461 1481/2382/2462 1482/1809/1790 2249/1808/1789
f 2257/2383/2463 2256/2384/2464 2255/1812/1793 2254/1811/1792
f 2253/1810/1791 1484/2385/2465 148/2386/2466 1443/2387/2467
f 2254/1811/1792 2253/1810/1791 1442/2388/2468 1441/2389/2469
f 1443/2387/2467 1442/2388/2468 2253/1810/1791
f 1485/2390/2470 2254/1811/1792 1441/2389/2471 147/2391/2472
f 1486/2392/2473 2257/2383/2463 2254/1811/1792 1485/2390/2470
f 1272/2268/2348 2257/2383/2463 1486/2392/2473 162/2269/2349
f 1272/2268/2348 1273/2265/2345 2256/2384/2464 2257/2383/2463
f 1273/2265/2345 163/2263/2343 2261/2393/2474 2256/2384/2464
f 2256/2384/2464 2261/2393/2474 1484/2385/2465 2255/1812/1793
f 2261/2393/2474 2260/2394/2475 2258/2395/2476 2259/2396/2477
f 1484/2385/2465 2253/1810/1791 2255/1812/1793
f 2258/2395/2476 1488/2397/2478 149/2398/2479 1446/2399/2480
f 2259/2396/2477 1484/2385/2465 2261/2393/2474
f 2259/2396/2477 2258/2395/2476 1446/2399/2480 1445/2400/2481
f 1484/2385/2465 2259/2396/2477 1445/2400/2481 1444/2401/2482
f 163/2263/2343 1274/2262/2342 2260/2394/2475 2261/2393/2474
f 1444/2401/2482 148/2386/2466 1484/2385/2465
f 1274/2262/2342 164/2255/2335 1487/2402/2483 2260/2394/2475
f 2260/2394/2475 1487/2402/2483 1488/2397/2478 2258/2395/2476
f 1489/1816/1797 2262/1814/1795 2263/2403/2484 2264/2404/2485
f 1490/1817/1798 165/1843/2486 1447/1815/1796 2262/1814/1795
f 2262/1814/1795 1448/1813/1794 1449/2405/2487 2263/2403/2484
f 2263/2403/2484 1449/2405/2487 149/2398/2479 1488/2397/2478
f 2264/2404/2485 2263/2403/2484 1488/2397/2478 1487/2402/2483
f 1322/2406/2372 2264/2404/2485 1487/2402/2483 164/2255/2335
f 144/2294/2374 1489/1816/1797 2264/2404/2485 1322/2406/2372
f 2268/1820/1801 2267/2407/2488 2265/2408/2489 2266/1818/1799
f 2265/2408/2489 1485/2390/2470 147/2391/2472 1452/2409/2490
f 2266/1818/1799 2265/2408/2489 1452/2409/2490 1451/2410/2491
f 1336/1641/1624 1323/1640/1623 2268/1820/1801 1491/1819/1800
f 1451/2410/2491 1450/2411/2492 2266/1818/1799
f 1450/2411/2492 143/1855/2493 2266/1818/1799
f 1323/1640/1623 1324/2412/2381 2267/2407/2488 2268/1820/1801
f 1324/2412/2381 162/2269/2349 1486/2392/2473 2267/2407/2488
f 2267/2407/2488 1486/2392/2473 1485/2390/2470 2265/2408/2489
f 2270/1821/1802 2269/2413/2494 1483/1807/1788 2271/2414/2495
f 1492/1822/1803 2270/1821/1802 2271/2414/2495 2272/2415/2496
f 2283/2416/2497 1462/2417/2498 1453/2418/2499 2269/2413/2494
f 2269/2413/2494 1453/2418/2499 1454/2419/1938 1483/1807/1788
f 2272/2415/2496 2271/2414/2495 1482/1809/1790 1481/2382/2462
f 1483/1807/1788 1482/1809/1790 2271/2414/2495
f 1329/2420/2382 2272/2415/2496 1481/2382/2462 161/2278/2358
f 141/1654/1637 1492/1822/1803 2272/2415/2496 1329/2420/2382
f 2284/1823/1804 2283/2416/2497 2269/2413/2494 2270/1821/1802
f 2275/1836/1817 2274/2421/2500 1455/1975/1964 2273/1837/1818
f 1345/1026/1058 1330/1025/1057 2275/1836/1817 1493/1833/1814
f 1455/1975/1964 140/2422/2501 2273/1837/1818
f 1330/2204/1057 1331/2423/2282 2274/2421/2500 2275/1836/1817
f 1331/2423/2282 159/2202/2281 1480/1802/1783 2274/2421/2500
f 2274/2421/2500 1480/1802/1783 146/1976/1965 1455/1975/1964
f 2278/1824/1805 2277/2424/2502 2276/2425/2503 1490/1817/1798
f 2276/2425/2503 1475/2375/2456 139/2374/2455 1456/2426/2504
f 1490/1817/1798 2276/2425/2503 1456/2426/2504 1457/2427/2505
f 144/2294/2374 1334/2308/2391 2278/1824/1805 1489/1816/1797
f 1457/2427/2505 1458/2428/2506 1490/1817/1798
f 1458/2428/2506 165/1843/2486 1490/1817/1798
f 1334/2307/2391 1333/2429/2390 2277/2424/2502 2278/1824/1805
f 1333/2429/2390 158/2305/2389 1476/2376/2457 2277/2424/2502
f 2277/2424/2502 1476/2376/2457 1475/2375/2456 2276/2425/2503
f 1491/1819/1800 2279/1826/1807 2280/2430/2507 2281/2431/2508
f 2266/1818/1799 143/1855/2493 1461/1827/1808 2279/1826/1807
f 2279/1826/1807 1460/1825/1806 1459/2432/2509 2280/2430/2507
f 2280/2430/2507 1459/2432/2509 137/2367/2449 1473/2366/2448
f 2281/2431/2508 2280/2430/2507 1473/2366/2448 1472/2371/2452
f 1335/2433/2399 2281/2431/2508 1472/2371/2452 156/2314/2400
f 1336/1641/1624 1491/1819/1800 2281/2431/2508 1335/2433/2399
f 2286/1831/1812 2285/2434/2510 2282/1829/1810 2284/1823/1804
f 2282/1829/1810 2283/2416/2497 2284/1823/1804
f 2283/2416/2497 2282/1829/1810 136/2435/1809 1462/2417/2498
f 141/1654/1637 1343/2323/2409 2286/1831/1812 1492/1822/1803
f 1343/2323/2409 1342/2436/2408 2285/2434/2510 2286/1831/1812
f 1342/2436/2408 155/2321/2407 1471/2361/2445 2285/2434/2510
f 2285/2434/2510 1471/2361/2445 1470/1830/1811 2282/1829/1810
f 2273/1837/1818 140/2422/2501 1464/2437/1816 2287/1834/1815
f 1463/1832/1813 2288/2438/2511 1493/1833/1814
f 2288/2438/2511 1463/1832/1813 1466/1769/1750 1465/2358/2442
f 134/1770/1751 1466/1769/1750 1463/1832/1813
f 1344/2439/2273 2288/2438/2511 1465/2358/2442 153/2191/2265
f 1345/1026/1058 1493/1833/1814 2288/2438/2511 1344/2439/2273
f 1505/1838/1820 1433/1792/1819 1434/1791/2512 2289/2440/2513
f 2289/2440/2513 1434/1791/2512 1435/2373/2514 2290/1841/1824
f 1494/2441/2515 2290/1841/1824 1435/2373/2514 139/2374/2516
f 1590/2442/2517 2289/2440/2513 2290/1841/1824 1591/1840/1823
f 1494/2441/2515 1495/1839/1822 2290/1841/1824
f 2291/2443/2518 1494/2441/2515 139/2374/2516 1456/2426/2519
f 2289/2440/2513 1590/2442/2517 1505/1838/1820
f 2291/2443/2518 2292/2444/2520 2293/2445/2521
f 2292/2444/2520 2291/2443/2518 1456/2426/2519 1457/2427/2522
f 1496/1842/1826 2292/2444/2520 1458/2428/2523 165/1843/1827
f 1457/2427/2522 1458/2428/2523 2292/2444/2520
f 1497/2446/2524 2293/2445/2521 2292/2444/2520 1496/1842/1826
f 173/2447/1871 1616/1870/1857 2293/2445/2521 1497/2446/2524
f 2293/2445/2521 1495/1839/1822 1494/2441/2515 2291/2443/2518
f 1495/1839/1822 2293/2445/2521 1616/1870/1857
f 1497/2446/2524 1496/1842/1826 2294/1846/1831 1499/1845/1830
f 1496/1842/1826 1448/1813/1828 1449/2405/2525 2294/1846/1831
f 2294/1846/1831 1449/2405/2525 149/2398/2526 1498/1844/1829
f 173/1884/1871 1497/2446/2524 1499/1845/1830 1633/1882/1869
f 1498/1844/1829 149/2398/2526 1446/2399/2527 2295/1850/1835
f 2296/1847/1832 2295/1850/1835 1446/2399/2527 1445/2400/2528
f 1646/1848/1833 2296/1847/1832 1445/2400/2528 1444/2401/2529
f 1670/1951/1940 1646/1848/1833 1444/2401/2529 148/2386/2530
f 1645/1849/1834 1644/1914/1900 2295/1850/1835 2296/1847/1832
f 1644/1914/1900 1633/1913/1869 1499/1845/1830 2295/1850/1835
f 2297/2448/2531 1670/1951/1940 1443/2387/2532 1442/2388/2533
f 148/2386/2530 1443/2387/2532 1670/1951/1940
f 2298/2449/2534 2297/2448/2531 1442/2388/2533 1441/2389/2535
f 1500/1851/1836 2298/2449/2534 1441/2389/2535 147/2391/2536
f 2299/1852/1837 1500/1851/1836 147/2391/2536 1452/2409/2537
f 2298/2449/2534 1500/1851/1836 1501/1853/1838
f 2299/1852/1837 1503/2450/2538 1686/1982/1971
f 1503/2450/2538 2299/1852/1837 1452/2409/2537 1451/2410/2539
f 1502/1854/1840 1503/2450/2538 1450/2411/2540 143/1855/1841
f 1451/2410/2539 1450/2411/2540 1503/2450/2538
f 1502/1854/1840 1460/1825/1842 1459/2432/2541 2300/2451/2542
f 2300/2451/2542 1459/2432/2541 137/2367/2543 1504/1861/1848
f 1710/2452/2544 2300/2451/2542 1504/1861/1848 1589/1860/1847
f 1709/1980/1969 1502/1854/1840 2300/2451/2542 1710/2452/2544
f 1686/1982/1971 1503/2450/2538 1502/1854/1840 1709/1980/1969
f 1504/1861/1848 137/2367/2543 1430/2368/2545 2301/1859/1846
f 2302/1858/1845 1729/1857/1844 2301/1859/1846
f 2301/1859/1846 1430/2368/2545 1431/2369/2546 2302/1858/1845
f 2302/1858/1845 1431/2369/2546 1432/1787/2547 2303/1856/1843
f 2303/1856/1843 1432/1787/2547 138/1786/1821 1505/1838/1820
f 1506/2008/1998 1505/1838/1820 1590/2442/2517 2304/2453/2548
f 2304/2453/2548 1590/2442/2517 1591/1840/1823 2305/2454/2549
f 2305/2454/2549 1591/1840/1823 1524/1872/1859 1523/2455/2550
f 2305/2454/2549 2306/2456/2551 2304/2453/2548
f 1495/1839/1822 1524/1872/1859 1591/1840/1823
f 1522/1873/1860 2306/2456/2551 2305/2454/2549 1523/2455/2550
f 1521/1875/1862 1593/2457/2552 2306/2456/2551 1522/1873/1860
f 1593/2457/2552 1592/2458/2553 2304/2453/2548 2306/2456/2551
f 1592/2458/2553 1507/1862/1849 1506/2008/1998 2304/2453/2548
f 1595/2459/2554 1594/1863/1850 1507/1862/1849 1592/2458/2553
f 2307/2460/2555 1595/2459/2554 1592/2458/2553 1593/2457/2552
f 1520/2461/2556 2307/2460/2555 1593/2457/2552 1521/1875/1862
f 1519/2462/2557 1596/2463/2558 2307/2460/2555 1520/2461/2556
f 1598/2464/2559 1597/1865/1852 1594/1863/1850 1595/2459/2554
f 1595/2459/2554 2307/2460/2555 1596/2463/2558
f 1599/2465/2560 1598/2464/2559 1595/2459/2554 1596/2463/2558
f 1518/2466/2561 1599/2465/2560 1596/2463/2558 1519/2462/2557
f 1601/2467/2562 1600/2468/2563 1598/2464/2559 1599/2465/2560
f 166/1864/1851 1594/1863/1850 1597/1865/1852
f 1597/1865/1852 1598/2464/2559 1600/2468/2563
f 1517/2469/2564 1601/2467/2562 1599/2465/2560 1518/2466/2561
f 1604/2470/2565 1603/1866/1853 1600/2468/2563 1601/2467/2562
f 1597/1865/1852 1600/2468/2563 1603/1866/1853
f 1516/2471/2566 1604/2470/2565 1601/2467/2562 1517/2469/2564
f 1602/1867/1854 1508/2472/2567 166/1864/1851 1597/1865/1852
f 1606/2473/2568 1605/2474/2569 1603/1866/1853 1604/2470/2565
f 1602/1867/1854 1603/1866/1853 1605/2474/2569
f 1515/2475/2570 1606/2473/2568 1604/2470/2565 1516/2471/2566
f 1608/2476/2571 1607/2477/2572 1602/1867/1854 1605/2474/2569
f 1609/2478/2573 1608/2476/2571 1605/2474/2569 1606/2473/2568
f 169/2479/2574 1609/2478/2573 1606/2473/2568 1515/2475/2570
f 1607/2477/2572 1509/2480/2575 1508/2472/2567 1602/1867/1854
f 1611/2481/2576 1610/2482/2577 1607/2477/2572 1608/2476/2571
f 1612/2483/2578 1611/2481/2576 1608/2476/2571 2308/2484/2579
f 1514/2485/2580 2308/2484/2579 1609/2478/2573 169/2479/2574
f 1608/2476/2571 1609/2478/2573 2308/2484/2579
f 168/2486/2581 1612/2483/2578 2308/2484/2579 1514/2485/2580
f 1610/2482/2577 1746/2024/2014 1509/2480/2575 1607/2477/2572
f 1613/1868/1855 1610/2482/2577 2309/2487/2582 1614/2488/2583
f 1614/2488/2583 2309/2487/2582 2310/2489/2584 1615/2490/2585
f 2310/2489/2584 2309/2487/2582 1611/2481/2576 1612/2483/2578
f 1611/2481/2576 2309/2487/2582 1610/2482/2577
f 1513/2491/2586 2310/2489/2584 1612/2483/2578 168/2486/2581
f 167/2492/2587 1615/2490/2585 2310/2489/2584 1513/2491/2586
f 1749/1869/1856 1746/2024/2014 1610/2482/2577 1613/1868/1855
f 135/1771/1752 1613/1868/1855 2311/2493/2588 1428/1780/1761
f 1428/1780/1761 2311/2493/2588 2312/2494/2589 1429/2360/2444
f 2311/2493/2588 1614/2488/2583 1615/2490/2585 2312/2494/2589
f 1614/2488/2583 2311/2493/2588 1613/1868/1855
f 1512/2495/2590 2312/2494/2589 1615/2490/2585 167/2492/2587
f 1429/2360/2444 2312/2494/2589 1511/2496/2591 1510/2497/2592
f 1512/2495/2590 1511/2496/2591 2312/2494/2589
f 2314/2498/2593 1523/2455/2550 1524/1872/1859 2313/1871/1858
f 1510/2497/2592 136/1828/1809 1429/2360/2444
f 1613/1868/1855 135/1771/1752 1427/1773/1754
f 2315/2499/2594 1522/1873/1860 1523/2455/2550 2314/2498/2593
f 1618/1878/1865 1519/2462/2557 1520/2461/2556 2318/1876/1863
f 1495/1839/1822 1616/1870/1857 1524/1872/1859
f 1616/1870/1857 173/2447/1871 2313/1871/1858
f 1522/1873/1860 2315/2499/2594 1617/1874/1861
f 1521/1875/1862 1617/1874/1861 2316/2500/2595
f 2317/2501/2596 1520/2461/2556 1521/1875/1862 2316/2500/2595
f 1520/2461/2556 2317/2501/2596 2318/1876/1863
f 2320/2502/2597 2319/2503/2598 1618/1878/1865 1619/1877/1864
f 1621/2504/2599 1620/2505/2600 2319/2503/2598 2320/2502/2597
f 2319/2503/2598 1518/2466/2561 1519/2462/2557 1618/1878/1865
f 1518/2466/2561 2319/2503/2598 1620/2505/2600
f 1623/2506/2601 1622/2507/2602 1620/2505/2600 1621/2504/2599
f 1622/2507/2602 1517/2469/2564 1518/2466/2561 1620/2505/2600
f 1625/2508/2603 1624/2509/2604 1622/2507/2602 1623/2506/2601
f 1530/2510/2605 1625/2508/2603 1623/2506/2601 1531/2511/2606
f 1624/2509/2604 1516/2471/2566 1517/2469/2564 1622/2507/2602
f 1627/2512/2607 1626/2513/2608 1624/2509/2604 1625/2508/2603
f 172/1900/1887 1627/2512/2607 1625/2508/2603 1530/2510/2605
f 1626/2513/2608 1515/2475/2570 1516/2471/2566 1624/2509/2604
f 171/2514/2609 1628/2515/2610 1627/2512/2607 1529/1899/1886
f 1626/2513/2608 1627/2512/2607 1628/2515/2610
f 1627/2512/2607 172/1900/1887 1529/1899/1886
f 1628/2515/2610 169/2479/2574 1515/2475/2570 1626/2513/2608
f 2321/1879/1866 1514/2485/2580 169/2479/2574 1628/2515/2610
f 1528/2516/2611 2321/1879/1866 1628/2515/2610 171/2514/2609
f 1527/2517/2612 1630/1880/1867 2321/1879/1866 1528/2516/2611
f 1629/1881/1868 168/2486/2581 1514/2485/2580 2321/1879/1866
f 1630/1880/1867 1527/2517/2612 170/2518/2613
f 1632/2519/2614 1631/2520/2615 2322/2521/2616 2323/2522/2617
f 2322/2521/2618 1513/2491/2586 168/2486/2581 1629/1881/1868
f 2323/2522/2617 2322/2521/2618 1629/1881/1868 1630/1880/1867
f 1526/1903/1890 2323/2522/2617 1630/1880/1867 170/2518/2613
f 1631/2520/2615 167/2492/2587 1513/2491/2586 2322/2521/2616
f 2323/2522/2617 1526/1903/1890 1525/1902/1889
f 2323/2522/2617 1525/1902/1889 1632/2519/2614
f 2325/2523/2619 1511/2496/2591 1512/2495/2590 2324/2524/2620
f 2326/2525/2621 1510/2497/2592 1511/2496/2591 2325/2523/2619
f 2324/2524/2620 1512/2495/2590 1631/2520/2615 1632/2519/2614
f 167/2492/2587 1631/2520/2615 1512/2495/2590
f 1462/2417/2498 136/2435/1809 1510/2497/2592 2326/2525/2621
f 2328/2526/2622 2327/1883/1870 1547/1915/1901 1546/2527/2623
f 173/2447/1871 2327/1883/1870 2313/1871/1858
f 1633/1913/1869 1547/1915/1901 2327/1883/1870
f 2329/2528/2624 2328/2526/2622 1546/2527/2623 1545/2529/2625
f 1634/1887/1874 2329/2528/2624 1545/2529/2625 1544/1885/1872
f 1617/1874/1861 2315/2499/2594 2329/2528/2624 1634/1887/1874
f 2315/2499/2594 2314/2498/2593 2328/2526/2622 2329/2528/2624
f 2314/2498/2593 2313/1871/1858 2327/1883/1870 2328/2526/2622
f 2316/2500/2595 1617/1874/1861 1634/1887/1874 2330/1886/1873
f 2331/1890/1877 2330/1886/1873 1544/1885/1872 1543/1888/1875
f 1636/2530/2626 2332/1889/1876 1543/1888/1875 1542/2531/2627
f 1619/1877/1864 2318/1876/1863 2332/1889/1876 1635/2532/2628
f 2332/1889/1876 1636/2530/2626 1635/2532/2628
f 2318/1876/1863 2317/2501/2596 2331/1890/1877 2332/1889/1876
f 2317/2501/2596 2316/2500/2595 2330/1886/1873 2331/1890/1877
f 2333/1893/1880 1635/2532/2628 1636/2530/2626 2334/1891/1878
f 2334/1891/1878 1636/2530/2626 1542/2531/2627 1541/2533/2629
f 1637/1892/1879 2334/1891/1878 1541/2533/2629 1540/1894/1881
f 1621/2504/2599 2320/2502/2597 2333/1893/1880 1637/1892/1879
f 2320/2502/2597 1619/1877/1864 1635/2532/2628 2333/1893/1880
f 1623/2506/2601 1621/2504/2599 1637/1892/1879 1531/2511/2606
f 1637/1892/1879 1638/1895/1882 1531/2511/2606
f 1530/2510/2605 1531/2511/2606 1638/1895/1882 1639/1897/1884
f 172/1900/1887 1530/2510/2605 1639/1897/1884 1640/1898/1885
f 1540/1894/1881 1539/1896/1883 1638/1895/1882
f 1640/1898/1885 1639/1897/1884 1539/1896/1883 1538/2534/2630
f 171/2514/2609 1529/1899/1886 1640/1898/1885 1641/2535/2631
f 1641/2535/2631 1640/1898/1885 1538/2534/2630 175/2536/2632
f 1527/2517/2612 1528/2516/2611 2335/2537/2633 170/2518/2613
f 1528/2516/2611 171/2514/2609 1641/2535/2631 2335/2537/2633
f 2335/2537/2633 1641/2535/2631 175/2536/2632 1537/2538/2634
f 170/2518/2613 2335/2537/2633 1537/2538/2634 174/2539/2635
f 1642/1907/1894 1525/1902/1889 2336/1901/1888 1643/1905/1892
f 2336/1901/1888 170/2518/2613 174/2539/2635 1536/1944/1932
f 170/2518/2613 2336/1901/1888 1526/1903/1890
f 2339/2540/2636 2338/2541/2637 1533/1909/1896 1532/1948/1936
f 1536/1944/1932 1535/1904/1891 2336/1901/1888
f 1535/1904/1891 1534/1908/1895 1643/1905/1892
f 1525/1902/1889 1642/1907/1894 1632/2519/2614
f 2337/1906/1893 1533/1909/1896 2338/2541/2637
f 2324/2524/2620 1632/2519/2614 1642/1907/1894 2337/1906/1893
f 1453/2418/2499 2339/2540/2636 1532/1948/1936 1454/2419/1938
f 1462/2417/2498 2326/2525/2621 2339/2540/2636 1453/2418/2499
f 2326/2525/2621 2325/2523/2619 2338/2541/2637 2339/2540/2636
f 2325/2523/2619 2324/2524/2620 2337/1906/1893 2338/2541/2637
f 2341/1911/1898 2340/1910/1897 1644/1914/1900 1645/1849/1834
f 1649/1916/1902 2341/1911/1898 1645/1849/1834 1646/1848/1833
f 1647/2542/2638 2342/1912/1899 2341/1911/1898 1648/1917/1903
f 1646/1848/1833 1670/1951/1940 1649/1916/1902
f 1544/1885/1872 1545/2529/2625 2342/1912/1899 1647/2542/2638
f 1545/2529/2625 1546/2527/2623 2340/1910/1897 2342/1912/1899
f 2340/1910/1897 1546/2527/2623 1547/1915/1901 1644/1914/1900
f 2343/1920/1906 1647/2542/2638 1648/1917/1903 1651/1918/1904
f 1651/1918/1904 1648/1917/1903 1649/1916/1902 1652/2543/2639
f 1542/2531/2627 1543/1888/1875 2343/1920/1906 1650/1919/1905
f 1649/1916/1902 1551/2544/2640 1652/2543/2639
f 1543/1888/1875 1544/1885/1872 1647/2542/2638 2343/1920/1906
f 2344/1923/1909 1650/1919/1905 1651/1918/1904 1654/1921/1907
f 1654/1921/1907 1651/1918/1904 1652/2543/2639 1655/1924/1910
f 1655/1924/1910 1652/2543/2639 1551/2544/2640 1550/1926/1912
f 1540/1894/1881 1541/2533/2629 2344/1923/1909 1653/1922/1908
f 1541/2533/2629 1542/2531/2627 1650/1919/1905 2344/1923/1909
f 1657/2545/2641 1653/1922/1908 1656/1925/1911 1658/1929/1915
f 1654/1921/1907 1656/1925/1911 1653/1922/1908
f 1658/1929/1915 1656/1925/1911 1655/1924/1910 1659/1927/1913
f 1539/1896/1883 1540/1894/1881 1653/1922/1908 1657/2545/2641
f 1550/1926/1912 1549/1930/1916 1659/1927/1913
f 1660/2546/2642 1657/2545/2641 1658/1929/1915 1661/1928/1914
f 1538/2534/2630 1539/1896/1883 1657/2545/2641 1660/2546/2642
f 1662/2547/2643 1660/2546/2642 1661/1928/1914 1663/1935/1921
f 1663/1935/1921 1661/1928/1914 1659/1927/1913 1664/1931/1917
f 175/2536/2632 1538/2534/2630 1660/2546/2642 1662/2547/2643
f 1537/2538/2634 175/2536/2632 1662/2547/2643 2345/1934/1920
f 2345/1934/1920 1662/2547/2643 1663/1935/1921 2346/1932/1918
f 1666/1938/1924 2346/1932/1918 1664/1931/1917 1667/1937/1923
f 174/2539/2635 1537/2538/2634 2345/1934/1920 1665/1933/2644
f 2346/1932/1918 1666/1938/1924 1665/1933/1919
f 1536/1944/1932 174/2539/2635 1665/1933/2644 2347/1940/1931
f 2347/1940/1926 1666/1938/1924 2348/1939/1925
f 1548/1943/1929 1669/1945/1933 2348/1939/1925 1667/1937/1923
f 1667/1937/1923 177/1936/1922 176/1942/1928
f 1439/1805/1786 1440/1949/1937 2349/1946/1934 2350/1947/1935
f 1668/1941/1927 2348/1939/1925 1669/1945/1933
f 2347/1940/1931 1668/1941/1930 1535/1904/1891
f 2349/1946/1934 1669/1945/1933 2350/1947/1935
f 1669/1945/1933 1548/1943/1929 2350/1947/1935
f 1440/1949/1937 1532/1948/1936 1533/1909/1896 2349/1946/1939
f 1668/1941/1930 2349/1946/1939 1534/1908/1895
f 2350/1947/1935 1548/1943/1929 1438/1795/1776
f 1439/1805/1786 2350/1947/1935 1479/1797/2645
f 2352/1954/1943 2351/1952/1941 2297/2448/2531 2298/2449/2534
f 2351/1952/1941 2352/1954/1943 2354/1956/1945
f 1670/1951/1940 2297/2448/2531 2351/1952/1941
f 1565/1955/1944 2352/1954/1943 2298/2449/2534 1501/1853/1838
f 1563/2548/2646 1672/2549/2647 2354/1956/1945 1564/2550/2648
f 2354/1956/1945 1565/1955/1944 1564/2550/2648
f 1672/2549/2647 1671/2551/2649 2351/1952/1941 2354/1956/1945
f 1671/2551/2649 1551/2544/2640 2353/1953/1942 2351/1952/1941
f 1673/2552/2650 1672/2549/2647 1563/2548/2646 1562/2553/2651
f 1649/1916/1902 2353/1953/1942 1551/2544/2640
f 1672/2549/2647 1673/2552/2650 1671/2551/2649
f 1550/1926/1912 1551/2544/2640 1671/2551/2649 1674/2554/2652
f 1674/2554/2652 1671/2551/2649 1673/2552/2650 1675/2555/2653
f 1675/2555/2653 1673/2552/2650 1562/2553/2651 1561/2556/2654
f 1549/1930/1916 1550/1926/1912 1674/2554/2652 1676/2557/2655
f 1561/2556/2654 1560/2558/2656 1675/2555/2653
f 1676/2557/2655 1674/2554/2652 1675/2555/2653 1677/2559/2657
f 1677/2559/2657 1675/2555/2653 1560/2558/2656 1559/2560/2658
f 1678/2561/2659 1677/2559/2657 1559/2560/2658 1558/2562/2660
f 1677/2559/2657 1678/2561/2659 1676/2557/2655
f 177/1936/1922 1549/1930/1916 1676/2557/2655 1679/2563/2661
f 1679/2563/2661 1676/2557/2655 1678/2561/2659 1680/2564/2662
f 1680/2564/2662 1678/2561/2659 1558/2562/2660 180/2565/2663
f 2355/1957/1946 1679/2563/2661 1680/2564/2662 2356/2566/2664
f 1549/1930/1916 177/1936/1922 1664/1931/1917
f 2356/2566/2664 1682/1958/1947 2355/1957/1946
f 1679/2563/2661 2355/1957/1946 177/1936/1922
f 2356/2566/2664 1680/2564/2662 180/2565/2663 1557/2567/2665
f 1682/1958/1947 2356/2566/2664 1557/2567/2665 179/2568/2666
f 1556/2569/2667 2357/1961/1950 1682/1958/1947 179/2568/2666
f 2355/1957/1946 1681/1959/1948 176/1942/1928
f 1681/1959/1948 2357/1961/1950 1685/1963/1952
f 1681/1959/1948 1682/1958/1947 2357/1961/1950
f 1437/1798/1779 1438/1795/1776 1683/1960/1949 1684/1964/1953
f 2357/1961/1950 1556/2569/2667 1555/1962/1951
f 1685/1963/1952 1555/1962/1951 178/2570/2668
f 1683/1960/1949 1681/1959/1948 1684/1964/1953
f 1436/1799/1780 1437/1798/1779 1684/1964/1953 2358/2571/2669
f 1554/2572/2670 2358/2571/2669 1685/1963/1952 178/2570/2668
f 1684/1964/1953 1685/1963/1952 2358/2571/2669
f 1552/1974/1963 1436/1799/1780 2358/2571/2669 1553/2573/2671
f 2358/2571/2669 1554/2572/2670 1553/2573/2671
f 2363/1965/2672 2362/2574/2673 2359/2575/2674 2361/2576/2675
f 1436/1799/1780 1552/1974/1963 146/1976/1965
f 1548/1943/1929 1683/1960/1949 1438/1795/1776
f 2359/2575/2674 2360/1981/1970 2361/2576/2675
f 2359/2575/2674 1565/1955/1944 1501/1853/1838 2299/1852/1837
f 2360/1981/1970 2359/2575/2674 2299/1852/1837 1686/1982/1971
f 1688/1967/1956 1687/2577/2676 2362/2574/2677 2363/1965/1954
f 1687/2577/2676 1563/2548/2646 1564/2550/2648 2362/2574/2677
f 2362/2574/2673 1564/2550/2648 1565/1955/1944 2359/2575/2674
f 2365/2578/2678 2364/2579/2679 1687/2577/2676 1688/1967/1956
f 1574/2580/2680 2365/2578/2678 1688/1967/1956 1575/1966/2681
f 1573/2581/2682 1690/1968/1957 2365/2578/2678 1574/2580/2680
f 1690/1968/1957 1689/2582/2683 2364/2579/2679 2365/2578/2678
f 1562/2553/2651 1563/2548/2646 1687/2577/2676 2364/2579/2679
f 2364/2579/2679 1689/2582/2683 1562/2553/2651
f 1692/1970/1959 1691/2583/2684 1689/2582/2683 1690/1968/1957
f 1572/1988/1978 1693/1969/1958 1690/1968/1957 1573/2581/2682
f 1561/2556/2654 1562/2553/2651 1689/2582/2683 1691/2583/2684
f 1693/1969/1958 1572/1988/1978 1571/1987/1977
f 1695/1972/1961 1694/1971/1960 1691/2583/2684 1692/1970/1959
f 1696/2584/2685 1695/1972/1961 1692/1970/1959 1693/1969/1958
f 1570/1991/1981 1696/2584/2685 1693/1969/1958 1571/1987/1977
f 1560/2558/2656 1561/2556/2654 1691/2583/2684 1694/1971/1960
f 1569/2585/2686 1698/2586/2687 1695/1972/1961 1696/2584/2685
f 1697/1973/1962 1695/1972/1961 1698/2586/2687
f 1559/2560/2658 1560/2558/2656 1694/1971/1960 1697/1973/1962
f 1696/2584/2685 1570/1991/1981 1569/2585/2686
f 1700/2587/2688 1699/2588/2689 1697/1973/1962 1698/2586/2687
f 1701/2589/2690 1700/2587/2688 1698/2586/2687 1569/2585/2686
f 1558/2562/2660 1559/2560/2658 1697/1973/1962 1699/2588/2689
f 1703/2590/2691 1702/2591/2692 1699/2588/2689 2366/2592/2693
f 1704/2593/2694 1703/2590/2691 2366/2592/2693 1568/2594/2695
f 1568/2594/2695 2366/2592/2693 1700/2587/2688 1701/2589/2690
f 1699/2588/2689 1700/2587/2688 2366/2592/2693
f 180/2565/2663 1558/2562/2660 1699/2588/2689 1702/2591/2692
f 2369/2595/2696 1705/2596/2697 2367/2597/2698 2368/2598/2699
f 2368/2598/2699 1567/2599/2700 1566/2600/2701
f 1557/2567/2665 180/2565/2663 1702/2591/2692 2367/2597/2698
f 2368/2598/2699 1566/2600/2701 2369/2595/2696
f 2368/2598/2699 2367/2597/2698 1702/2591/2692 1703/2590/2691
f 1567/2599/2700 2368/2598/2699 1703/2590/2691 1704/2593/2694
f 1705/2596/2697 179/2568/2666 1557/2567/2665 2367/2597/2698
f 1705/2596/2697 2369/2595/2696 1706/2601/2702
f 2373/2602/2703 2372/2603/2704 2370/2604/2705 2371/2605/2706
f 2370/2604/2705 1556/2569/2667 179/2568/2666 1705/2596/2697
f 2372/2603/2704 2373/2602/2703 2374/2606/2707
f 2371/2605/2706 2370/2604/2705 1705/2596/2697 1706/2601/2702
f 1708/2607/2708 1707/2608/2709 2372/2603/2704 2374/2606/2707
f 1707/2608/2709 178/2570/2668 1555/1962/1951 2372/2603/2704
f 2372/2603/2704 1555/1962/1951 1556/2569/2667 2370/2604/2705
f 2378/2609/2710 2377/2610/2711 2375/2611/2712 2376/2612/2713
f 2379/2613/2714 1552/1974/1963 2377/2610/2711 2378/2609/2710
f 2375/2611/2712 1554/2572/2670 178/2570/2668 1707/2608/2709
f 2376/2612/2713 2375/2611/2712 1707/2608/2709 1708/2607/2708
f 140/2422/2501 1455/1975/1964 1552/1974/1963 2379/2613/2714
f 2377/2610/2711 1553/2573/2671 1554/2572/2670 2375/2611/2712
f 1553/2573/2671 2377/2610/2711 1552/1974/1963
f 2380/1979/1968 1709/1980/1969 1710/2452/2544 2381/1977/1966
f 2381/1977/1966 1710/2452/2544 1589/1860/1847 1588/2614/2715
f 1712/2615/2716 2381/1977/2717 1588/2614/2715 1587/2616/2718
f 1711/2617/2719 2382/1978/1972 2381/1977/2717 1712/2615/2716
f 2363/1965/2672 2361/2576/2675 2380/1979/1968 2382/1978/1967
f 2382/1978/1972 1711/2617/2719 1575/1966/1955
f 2361/2576/2675 2360/1981/1970 1709/1980/1969 2380/1979/1968
f 1574/2580/2680 1575/1966/2681 1711/2617/2719 2383/2618/2720
f 2383/2618/2720 1711/2617/2719 1712/2615/2716 2384/1983/1973
f 1586/1984/1974 2384/1983/1973 1712/2615/2716 1587/2616/2718
f 1713/2619/2721 2383/2618/2720 2384/1983/1973 1714/1985/1975
f 1573/2581/2682 1574/2580/2680 2383/2618/2720 1713/2619/2721
f 1572/1988/1978 1573/2581/2682 1713/2619/2721 1715/1986/1976
f 1715/1986/1976 1713/2619/2721 1714/1985/1975 1716/2620/2722
f 1585/2621/2723 1716/2620/2722 1714/1985/1975 1586/1984/1974
f 1570/1991/1981 1571/1987/1977 1715/1986/1976 1717/1989/1979
f 1717/1989/1979 1715/1986/1976 1716/2620/2722 1718/2622/2724
f 1584/2623/2725 1718/2622/2724 1716/2620/2722 1585/2621/2723
f 1719/1990/1980 1717/1989/1979 1718/2622/2724 1720/2624/2726
f 1583/2625/2727 1720/2624/2726 1718/2622/2724 1584/2623/2725
f 1721/2626/2728 1719/1990/1980 1720/2624/2726 1722/1992/1982
f 1570/1991/1981 1719/1990/1980 1569/2585/2686
f 1582/1993/1983 1722/1992/1982 1720/2624/2726 1583/2625/2727
f 1701/2589/2690 1569/2585/2686 1719/1990/1980 1721/2626/2728
f 1723/2627/2729 2385/2628/2730 2386/1994/1984 1724/2629/2731
f 1568/2594/2695 1701/2589/2690 1721/2626/2728 2385/2628/2730
f 2385/2628/2730 1721/2626/2728 1722/1992/1982 2386/1994/1984
f 183/2630/2732 1724/2629/2731 2386/1994/1984 1582/1993/1983
f 1704/2593/2694 1568/2594/2695 2385/2628/2730 1723/2627/2729
f 2390/2000/1990 2389/1996/1986 2388/1995/1985 1726/1998/1988
f 1567/2599/2700 1704/2593/2694 1723/2627/2729 2387/1997/1987
f 2387/1997/1987 1723/2627/2729 1724/2629/2731 2388/1995/1985
f 1581/2631/2733 2388/1995/1985 1724/2629/2731 183/2630/2732
f 1726/1998/1988 2388/1995/1985 1581/2631/2733 182/2632/2734
f 1706/2601/2702 2369/2595/2696 2390/2000/1990 1725/1999/1989
f 2369/2595/2696 1566/2600/2701 2389/1996/1986 2390/2000/1990
f 1566/2600/2701 1567/2599/2700 2387/1997/1987 2389/1996/1986
f 2393/2003/1993 2391/2633/2735 2392/2634/2736 2394/2001/1991
f 2371/2605/2706 1706/2601/2702 1725/1999/1989 2391/2633/2735
f 2391/2633/2735 1725/1999/1989 1726/1998/1988 2392/2634/2736
f 2392/2634/2736 1726/1998/1988 182/2632/2734 1580/2031/2021
f 2394/2001/1991 2392/2634/2736 1580/2031/2021 1579/2029/2019
f 1728/2635/2737 2394/2001/1991 1579/2029/2019 181/2028/2018
f 1727/2636/2738 2395/2002/1992 2394/2001/1991 1728/2635/2737
f 1708/2607/2708 2374/2606/2707 2395/2002/1992 1727/2636/2738
f 2374/2606/2707 2373/2602/2703 2393/2003/1993 2395/2002/1992
f 2373/2602/2703 2371/2605/2706 2391/2633/2735 2393/2003/1993
f 2398/2637/2739 2396/2638/2740 2397/2639/2741 2399/2006/1996
f 2400/2640/2742 2398/2637/2739 2399/2006/1996 1576/2005/1995
f 2376/2612/2713 1708/2607/2708 1727/2636/2738 2396/2638/2740
f 2396/2638/2740 1727/2636/2738 1728/2635/2737 2397/2639/2741
f 2397/2639/2741 1728/2635/2737 181/2028/2018 1578/2037/2027
f 2399/2006/1996 2397/2639/2741 1578/2037/2027 1577/2004/1994
f 1464/1835/1816 2400/2640/2742 1576/2005/1995 1463/1832/1813
f 1576/2005/1995 134/2641/1751 1463/1832/1813
f 140/2422/2501 2379/2613/2714 2400/2640/2742 1464/2437/1816
f 2379/2613/2714 2378/2609/2710 2398/2637/2739 2400/2640/2742
f 2378/2609/2710 2376/2612/2713 2396/2638/2740 2398/2637/2739
f 2402/2012/2002 2401/2007/1997 1729/1857/1844 1731/2010/2000
f 1731/2010/2000 1729/1857/1844 2303/1856/1843 1732/2009/1999
f 1587/2616/2718 1588/2614/2715 2402/2012/2002 1730/2011/2001
f 2301/1859/1846 2401/2007/1997 1589/1860/1847
f 1505/1838/1820 1506/2008/1998 2303/1856/1843
f 1588/2614/2715 1589/1860/1847 2401/2007/1997 2402/2012/2002
f 1734/2014/2004 1733/2642/2743 1730/2011/2001 1731/2010/2000
f 1735/2013/2003 1734/2014/2004 1731/2010/2000 1732/2009/1999
f 1733/2642/2743 1586/1984/1974 1587/2616/2718 1730/2011/2001
f 1732/2009/1999 1506/2008/1998 1507/1862/1849
f 1735/2013/2003 1507/1862/1849 166/1864/1851
f 1737/2015/2005 1736/2016/2006 1733/2642/2743 1734/2014/2004
f 1736/2016/2006 1585/2621/2723 1586/1984/1974 1733/2642/2743
f 1738/2017/2007 1584/2623/2725 1585/2621/2723 1736/2016/2006
f 1740/2019/2009 1739/2018/2008 1738/2017/2007 1737/2015/2005
f 1508/2472/2567 1740/2019/2009 1737/2015/2005 1735/2013/2003
f 1739/2018/2008 1583/2625/2727 1584/2623/2725 1738/2017/2007
f 1735/2013/2003 166/1864/1851 1508/2472/2567
f 1741/2020/2010 1582/1993/1983 1583/2625/2727 1739/2018/2008
f 1743/2022/2012 1742/2021/2011 1741/2020/2010 1740/2019/2009
f 1509/2480/2575 1743/2022/2012 1740/2019/2009 1508/2472/2567
f 1742/2021/2011 183/2630/2732 1582/1993/1983 1741/2020/2010
f 1745/2026/2016 1744/2643/2744 2403/2023/2013 1743/2022/2012
f 1746/2024/2014 1745/2026/2016 1743/2022/2012 1509/2480/2575
f 2403/2023/2013 1581/2631/2733 183/2630/2732 1742/2021/2011
f 1744/2643/2744 182/2632/2734 1581/2631/2733 2403/2023/2013
f 1747/2027/2017 2404/2030/2020 2405/2025/2015 1748/2033/2023
f 1748/2033/2023 2405/2025/2015 1746/2024/2014 1749/1869/1856
f 1580/2031/2021 182/2632/2734 1744/2643/2744 2404/2030/2020
f 2404/2030/2020 1744/2643/2744 1745/2026/2016 2405/2025/2015
f 2408/2035/2025 2406/2036/2026 2407/2032/2022 1426/2034/2024
f 2404/2030/2020 1747/2027/2017 1579/2029/2019
f 1426/2034/2024 2407/2032/2022 1749/1869/1856 1427/1773/1754
f 1578/2037/2027 181/2028/2018 1747/2027/2017 2406/2036/2026
f 2406/2036/2026 1747/2027/2017 1748/2033/2023 2407/2032/2022
f 134/2641/1751 1576/2005/1995 2408/2035/2025 1425/1768/1749
f 1576/2005/1995 1577/2004/1994 2406/2036/2026 2408/2035/2025
f 1751/2038/2745 1456/2038/2745 139/2038/2745 1435/2038/2745
f 1433/2038/2746 138/2038/2746 1750/2038/2746 1751/2038/2746
f 1435/2038/2747 1434/2038/2747 1751/2038/2747
f 1752/2038/2748 165/2038/2748 1751/2038/2748 1750/2038/2748
f 1755/2038/2749 143/2038/2749 1752/2038/2749 1750/2038/2749
f 2409/2038/2750 1430/2038/2750 137/2038/2750 1459/2038/2750
f 1461/2038/2751 143/2038/2751 1755/2038/2751 2409/2038/2751
f 1459/2038/2752 1460/2038/2752 2409/2038/2752
f 1755/2038/2753 138/2038/2753 1432/2038/2753 2409/2038/2753
f 1753/2038/2754 148/2038/2754 1444/2038/2754 1754/2038/2754
f 1754/2038/2755 1444/2038/2755 1445/2038/2755 2410/2038/2755
f 2410/2038/2756 1446/2038/2756 149/2038/2756 1449/2038/2756
f 1448/2038/2757 1447/2038/2757 1754/2038/2757 2410/2038/2757
f 1449/2038/2758 1448/2038/2758 2410/2038/2758
f 1754/2038/2759 165/2038/2759 1752/2038/2759 1753/2038/2759
f 1756/2038/2760 143/2038/2760 1450/2038/2760 2411/2038/2760
f 1756/2038/2761 1753/2038/2761 1752/2038/2761
f 2411/2038/2762 1452/2038/2762 147/2038/2762 1441/2038/2762
f 1443/2038/2763 148/2038/2763 1756/2038/2763 2411/2038/2763
f 1441/2038/2764 1442/2038/2764 2411/2038/2764
